solid imported_asset
 facet normal -0.1380127 0.9710772 0.1948373
  outer loop
   vertex 49.89818 -143.0464 408.7588
   vertex -0.005680924 -150.1389 408.7588
   vertex -0.005680924 -166.2038 488.8272
  endloop
 endfacet
 facet normal -0.1380677 0.9710763 0.1948027
  outer loop
   vertex 49.89818 -143.0464 408.7588
   vertex -0.005680924 -166.2038 488.8272
   vertex 54.08532 -158.5131 488.8272
  endloop
 endfacet
 facet normal -0.5429228 0.8187982 0.1865589
  outer loop
   vertex 81.60081 -122.0252 408.7588
   vertex 49.89818 -143.0464 408.7588
   vertex 54.08532 -158.5131 488.8272
  endloop
 endfacet
 facet normal -0.5565676 0.8114005 0.1784987
  outer loop
   vertex 81.60081 -122.0252 408.7588
   vertex 54.08532 -158.5131 488.8272
   vertex 87.34745 -135.6975 488.8272
  endloop
 endfacet
 facet normal -0.842141 0.5182806 0.1489422
  outer loop
   vertex 102.8997 -87.41722 408.7588
   vertex 81.60081 -122.0252 408.7588
   vertex 87.34745 -135.6975 488.8272
  endloop
 endfacet
 facet normal -0.8536356 0.502481 0.1371826
  outer loop
   vertex 102.8997 -87.41722 408.7588
   vertex 87.34745 -135.6975 488.8272
   vertex 109.4795 -98.0987 488.8272
  endloop
 endfacet
 facet normal -0.9706319 0.2147565 0.1084133
  outer loop
   vertex 113.7521 -38.36787 408.7588
   vertex 102.8997 -87.41722 408.7588
   vertex 109.4795 -98.0987 488.8272
  endloop
 endfacet
 facet normal -0.9741652 0.202823 0.09932235
  outer loop
   vertex 113.7521 -38.36787 408.7588
   vertex 109.4795 -98.0987 488.8272
   vertex 120.7591 -43.92224 488.8272
  endloop
 endfacet
 facet normal -0.9961926 0 0.08718014
  outer loop
   vertex 113.7521 38.36787 408.7588
   vertex 113.7521 -38.36787 408.7588
   vertex 120.7591 -43.92224 488.8272
  endloop
 endfacet
 facet normal -0.9961926 0 0.08718014
  outer loop
   vertex 113.7521 38.36787 408.7588
   vertex 120.7591 -43.92224 488.8272
   vertex 120.7591 43.92224 488.8272
  endloop
 endfacet
 facet normal -0.9714994 -0.2149485 0.09993021
  outer loop
   vertex 102.8997 87.41722 408.7588
   vertex 113.7521 38.36787 408.7588
   vertex 120.7591 43.92224 488.8272
  endloop
 endfacet
 facet normal -0.973383 -0.2026602 0.1070256
  outer loop
   vertex 102.8997 87.41722 408.7588
   vertex 120.7591 43.92224 488.8272
   vertex 109.4795 98.0987 488.8272
  endloop
 endfacet
 facet normal -0.8434258 -0.5190713 0.1385568
  outer loop
   vertex 81.60081 122.0252 408.7588
   vertex 102.8997 87.41722 408.7588
   vertex 109.4795 98.0987 488.8272
  endloop
 endfacet
 facet normal -0.8524387 -0.5017764 0.1468631
  outer loop
   vertex 81.60081 122.0252 408.7588
   vertex 109.4795 98.0987 488.8272
   vertex 87.34745 135.6975 488.8272
  endloop
 endfacet
 facet normal -0.5436957 -0.8199638 0.1790371
  outer loop
   vertex 49.89818 143.0464 408.7588
   vertex 81.60081 122.0252 408.7588
   vertex 87.34745 135.6975 488.8272
  endloop
 endfacet
 facet normal -0.5558244 -0.810317 0.1855953
  outer loop
   vertex 49.89818 143.0464 408.7588
   vertex 87.34745 135.6975 488.8272
   vertex 54.08532 158.5131 488.8272
  endloop
 endfacet
 facet normal -0.1380137 -0.9710843 0.1948014
  outer loop
   vertex -0.005680924 150.1389 408.7588
   vertex 49.89818 143.0464 408.7588
   vertex 54.08532 158.5131 488.8272
  endloop
 endfacet
 facet normal -0.1380668 -0.9710698 0.1948358
  outer loop
   vertex -0.005680924 150.1389 408.7588
   vertex 54.08532 158.5131 488.8272
   vertex -0.005680924 166.2038 488.8272
  endloop
 endfacet
 facet normal 0.1382449 -0.9710455 0.1948309
  outer loop
   vertex -49.82409 143.0464 408.7588
   vertex -0.005680924 150.1389 408.7588
   vertex -0.005680924 166.2038 488.8272
  endloop
 endfacet
 facet normal 0.1382817 -0.9710448 0.1948078
  outer loop
   vertex -49.82409 143.0464 408.7588
   vertex -0.005680924 166.2038 488.8272
   vertex -54.01123 158.5131 488.8272
  endloop
 endfacet
 facet normal 0.5429228 -0.8187982 0.1865589
  outer loop
   vertex -81.52672 122.0252 408.7588
   vertex -49.82409 143.0464 408.7588
   vertex -54.01123 158.5131 488.8272
  endloop
 endfacet
 facet normal 0.5557916 -0.8118304 0.1789612
  outer loop
   vertex -81.52672 122.0252 408.7588
   vertex -54.01123 158.5131 488.8272
   vertex -87.33745 135.6975 488.8272
  endloop
 endfacet
 facet normal 0.841104 -0.5197192 0.1497867
  outer loop
   vertex -102.911 87.41722 408.7588
   vertex -81.52672 122.0252 408.7588
   vertex -87.33745 135.6975 488.8272
  endloop
 endfacet
 facet normal 0.85342 -0.5028389 0.1372126
  outer loop
   vertex -102.911 87.41722 408.7588
   vertex -87.33745 135.6975 488.8272
   vertex -109.4908 98.0987 488.8272
  endloop
 endfacet
 facet normal 0.9706319 -0.2147565 0.1084133
  outer loop
   vertex -113.7634 38.36787 408.7588
   vertex -102.911 87.41722 408.7588
   vertex -109.4908 98.0987 488.8272
  endloop
 endfacet
 facet normal 0.9741652 -0.202823 0.09932235
  outer loop
   vertex -113.7634 38.36787 408.7588
   vertex -109.4908 98.0987 488.8272
   vertex -120.7705 43.92224 488.8272
  endloop
 endfacet
 facet normal 0.9961926 -0 0.08718014
  outer loop
   vertex -113.7634 -38.36787 408.7588
   vertex -113.7634 38.36787 408.7588
   vertex -120.7705 43.92224 488.8272
  endloop
 endfacet
 facet normal 0.9961926 0 0.08718014
  outer loop
   vertex -113.7634 -38.36787 408.7588
   vertex -120.7705 43.92224 488.8272
   vertex -120.7705 -43.92224 488.8272
  endloop
 endfacet
 facet normal 0.9714994 0.2149485 0.09993021
  outer loop
   vertex -102.911 -87.41722 408.7588
   vertex -113.7634 -38.36787 408.7588
   vertex -120.7705 -43.92224 488.8272
  endloop
 endfacet
 facet normal 0.973383 0.2026602 0.1070256
  outer loop
   vertex -102.911 -87.41722 408.7588
   vertex -120.7705 -43.92224 488.8272
   vertex -109.4908 -98.0987 488.8272
  endloop
 endfacet
 facet normal 0.8424813 0.5205702 0.1386791
  outer loop
   vertex -81.52672 -122.0252 408.7588
   vertex -102.911 -87.41722 408.7588
   vertex -109.4908 -98.0987 488.8272
  endloop
 endfacet
 facet normal 0.8521355 0.5020821 0.1475756
  outer loop
   vertex -81.52672 -122.0252 408.7588
   vertex -109.4908 -98.0987 488.8272
   vertex -87.33745 -135.6975 488.8272
  endloop
 endfacet
 facet normal 0.5436533 0.8198999 0.1794583
  outer loop
   vertex -49.82409 -143.0464 408.7588
   vertex -81.52672 -122.0252 408.7588
   vertex -87.33745 -135.6975 488.8272
  endloop
 endfacet
 facet normal 0.5550908 0.8108068 0.1856515
  outer loop
   vertex -49.82409 -143.0464 408.7588
   vertex -87.33745 -135.6975 488.8272
   vertex -54.01123 -158.5131 488.8272
  endloop
 endfacet
 facet normal 0.1382456 0.9710502 0.1948069
  outer loop
   vertex -0.005680924 -150.1389 408.7588
   vertex -49.82409 -143.0464 408.7588
   vertex -54.01123 -158.5131 488.8272
  endloop
 endfacet
 facet normal 0.1382811 0.9710405 0.1948299
  outer loop
   vertex -0.005680924 -150.1389 408.7588
   vertex -54.01123 -158.5131 488.8272
   vertex -0.005680924 -166.2038 488.8272
  endloop
 endfacet
 facet normal -0.1386985 0.9755131 -0.1706953
  outer loop
   vertex 54.08532 -158.5131 488.8272
   vertex -0.005680924 -166.2038 488.8272
   vertex -0.005680924 -152.1897 568.9169
  endloop
 endfacet
 facet normal -0.1274661 0.9783026 -0.1633294
  outer loop
   vertex 54.08532 -158.5131 488.8272
   vertex -0.005680924 -152.1897 568.9169
   vertex 52.46174 -145.3536 568.9169
  endloop
 endfacet
 facet normal -0.5596404 0.8158803 -0.1454028
  outer loop
   vertex 87.34745 -135.6975 488.8272
   vertex 54.08532 -158.5131 488.8272
   vertex 52.46174 -145.3536 568.9169
  endloop
 endfacet
 facet normal -0.5414315 0.8297042 -0.1358046
  outer loop
   vertex 87.34745 -135.6975 488.8272
   vertex 52.46174 -145.3536 568.9169
   vertex 83.75847 -124.9306 568.9169
  endloop
 endfacet
 facet normal -0.8569086 0.5044076 -0.1062102
  outer loop
   vertex 109.4795 -98.0987 488.8272
   vertex 87.34745 -135.6975 488.8272
   vertex 83.75847 -124.9306 568.9169
  endloop
 endfacet
 facet normal -0.8491028 0.5188962 -0.09884935
  outer loop
   vertex 109.4795 -98.0987 488.8272
   vertex 83.75847 -124.9306 568.9169
   vertex 104.4378 -91.09165 568.9169
  endloop
 endfacet
 facet normal -0.9759299 0.2031904 -0.07921203
  outer loop
   vertex 120.7591 -43.92224 488.8272
   vertex 109.4795 -98.0987 488.8272
   vertex 104.4378 -91.09165 568.9169
  endloop
 endfacet
 facet normal -0.975497 0.2059007 -0.07752757
  outer loop
   vertex 120.7591 -43.92224 488.8272
   vertex 104.4378 -91.09165 568.9169
   vertex 114.8629 -41.70049 568.9169
  endloop
 endfacet
 facet normal -0.997301 -0 -0.07342094
  outer loop
   vertex 120.7591 43.92224 488.8272
   vertex 120.7591 -43.92224 488.8272
   vertex 114.8629 -41.70049 568.9169
  endloop
 endfacet
 facet normal -0.997301 0 -0.07342094
  outer loop
   vertex 120.7591 43.92224 488.8272
   vertex 114.8629 -41.70049 568.9169
   vertex 114.8629 41.70049 568.9169
  endloop
 endfacet
 facet normal -0.976062 -0.203218 -0.07749474
  outer loop
   vertex 109.4795 98.0987 488.8272
   vertex 120.7591 43.92224 488.8272
   vertex 114.8629 41.70049 568.9169
  endloop
 endfacet
 facet normal -0.975352 -0.2058701 -0.0794101
  outer loop
   vertex 109.4795 98.0987 488.8272
   vertex 114.8629 41.70049 568.9169
   vertex 104.4378 91.09165 568.9169
  endloop
 endfacet
 facet normal -0.8576217 -0.5048273 -0.09815473
  outer loop
   vertex 87.34745 135.6975 488.8272
   vertex 109.4795 98.0987 488.8272
   vertex 104.4378 91.09165 568.9169
  endloop
 endfacet
 facet normal -0.8483179 -0.5184165 -0.1077085
  outer loop
   vertex 87.34745 135.6975 488.8272
   vertex 104.4378 91.09165 568.9169
   vertex 83.75847 124.9306 568.9169
  endloop
 endfacet
 facet normal -0.5604765 -0.8170991 -0.1349635
  outer loop
   vertex 54.08532 158.5131 488.8272
   vertex 87.34745 135.6975 488.8272
   vertex 83.75847 124.9306 568.9169
  endloop
 endfacet
 facet normal -0.5405523 -0.8283568 -0.1470658
  outer loop
   vertex 54.08532 158.5131 488.8272
   vertex 83.75847 124.9306 568.9169
   vertex 52.46174 145.3536 568.9169
  endloop
 endfacet
 facet normal -0.1388747 -0.9767523 -0.1633059
  outer loop
   vertex -0.005680924 166.2038 488.8272
   vertex 54.08532 158.5131 488.8272
   vertex 52.46174 145.3536 568.9169
  endloop
 endfacet
 facet normal -0.127299 -0.97702 -0.1709589
  outer loop
   vertex -0.005680924 166.2038 488.8272
   vertex 52.46174 145.3536 568.9169
   vertex -0.005680924 152.1897 568.9169
  endloop
 endfacet
 facet normal 0.1389138 -0.9754834 -0.1706901
  outer loop
   vertex -54.01123 158.5131 488.8272
   vertex -0.005680924 166.2038 488.8272
   vertex -0.005680924 152.1897 568.9169
  endloop
 endfacet
 facet normal 0.127469 -0.9783243 -0.163197
  outer loop
   vertex -54.01123 158.5131 488.8272
   vertex -0.005680924 152.1897 568.9169
   vertex -52.4731 145.3536 568.9169
  endloop
 endfacet
 facet normal 0.5589508 -0.8164449 -0.1448852
  outer loop
   vertex -87.33745 135.6975 488.8272
   vertex -54.01123 158.5131 488.8272
   vertex -52.4731 145.3536 568.9169
  endloop
 endfacet
 facet normal 0.5416916 -0.8295362 -0.1357937
  outer loop
   vertex -87.33745 135.6975 488.8272
   vertex -52.4731 145.3536 568.9169
   vertex -83.74847 124.9306 568.9169
  endloop
 endfacet
 facet normal 0.8566922 -0.5047669 -0.1062488
  outer loop
   vertex -109.4908 98.0987 488.8272
   vertex -87.33745 135.6975 488.8272
   vertex -83.74847 124.9306 568.9169
  endloop
 endfacet
 facet normal 0.8488627 -0.5192853 -0.09886828
  outer loop
   vertex -109.4908 98.0987 488.8272
   vertex -83.74847 124.9306 568.9169
   vertex -104.4492 91.09165 568.9169
  endloop
 endfacet
 facet normal 0.9759299 -0.2031904 -0.07921203
  outer loop
   vertex -120.7705 43.92224 488.8272
   vertex -109.4908 98.0987 488.8272
   vertex -104.4492 91.09165 568.9169
  endloop
 endfacet
 facet normal 0.975497 -0.2059007 -0.07752757
  outer loop
   vertex -120.7705 43.92224 488.8272
   vertex -104.4492 91.09165 568.9169
   vertex -114.8743 41.70049 568.9169
  endloop
 endfacet
 facet normal 0.997301 0 -0.07342094
  outer loop
   vertex -120.7705 -43.92224 488.8272
   vertex -120.7705 43.92224 488.8272
   vertex -114.8743 41.70049 568.9169
  endloop
 endfacet
 facet normal 0.997301 0 -0.07342094
  outer loop
   vertex -120.7705 -43.92224 488.8272
   vertex -114.8743 41.70049 568.9169
   vertex -114.8743 -41.70049 568.9169
  endloop
 endfacet
 facet normal 0.976062 0.203218 -0.07749474
  outer loop
   vertex -109.4908 -98.0987 488.8272
   vertex -120.7705 -43.92224 488.8272
   vertex -114.8743 -41.70049 568.9169
  endloop
 endfacet
 facet normal 0.975352 0.2058701 -0.0794101
  outer loop
   vertex -109.4908 -98.0987 488.8272
   vertex -114.8743 -41.70049 568.9169
   vertex -104.4492 -91.09165 568.9169
  endloop
 endfacet
 facet normal 0.8574071 0.5051882 -0.0981728
  outer loop
   vertex -87.33745 -135.6975 488.8272
   vertex -109.4908 -98.0987 488.8272
   vertex -104.4492 -91.09165 568.9169
  endloop
 endfacet
 facet normal 0.8480758 0.5188039 -0.1077498
  outer loop
   vertex -87.33745 -135.6975 488.8272
   vertex -104.4492 -91.09165 568.9169
   vertex -83.74847 -124.9306 568.9169
  endloop
 endfacet
 facet normal 0.5597402 0.817598 -0.1349975
  outer loop
   vertex -54.01123 -158.5131 488.8272
   vertex -87.33745 -135.6975 488.8272
   vertex -83.74847 -124.9306 568.9169
  endloop
 endfacet
 facet normal 0.5408587 0.8282606 -0.1464792
  outer loop
   vertex -54.01123 -158.5131 488.8272
   vertex -83.74847 -124.9306 568.9169
   vertex -52.4731 -145.3536 568.9169
  endloop
 endfacet
 facet normal 0.1390935 0.9767454 -0.1631608
  outer loop
   vertex -0.005680924 -166.2038 488.8272
   vertex -54.01123 -158.5131 488.8272
   vertex -52.4731 -145.3536 568.9169
  endloop
 endfacet
 facet normal 0.127299 0.97702 -0.1709589
  outer loop
   vertex -0.005680924 -166.2038 488.8272
   vertex -52.4731 -145.3536 568.9169
   vertex -0.005680924 -152.1897 568.9169
  endloop
 endfacet
 facet normal -0.1238519 0.9505632 -0.2847636
  outer loop
   vertex 52.46174 -145.3536 568.9169
   vertex -0.005680924 -152.1897 568.9169
   vertex -0.005680924 -128.1777 649.0707
  endloop
 endfacet
 facet normal -0.1162448 0.9528551 -0.2802753
  outer loop
   vertex 52.46174 -145.3536 568.9169
   vertex -0.005680924 -128.1777 649.0707
   vertex 46.22376 -122.5379 649.0707
  endloop
 endfacet
 facet normal -0.5261295 0.806255 -0.2704451
  outer loop
   vertex 83.75847 -124.9306 568.9169
   vertex 52.46174 -145.3536 568.9169
   vertex 46.22376 -122.5379 649.0707
  endloop
 endfacet
 facet normal -0.5140983 0.8157377 -0.2650942
  outer loop
   vertex 83.75847 -124.9306 568.9169
   vertex 46.22376 -122.5379 649.0707
   vertex 72.79927 -105.7894 649.0707
  endloop
 endfacet
 facet normal -0.8294955 0.5069139 -0.2344686
  outer loop
   vertex 104.4378 -91.09165 568.9169
   vertex 83.75847 -124.9306 568.9169
   vertex 72.79927 -105.7894 649.0707
  endloop
 endfacet
 facet normal -0.8257774 0.5142227 -0.2316608
  outer loop
   vertex 104.4378 -91.09165 568.9169
   vertex 72.79927 -105.7894 649.0707
   vertex 90.25281 -77.76116 649.0707
  endloop
 endfacet
 facet normal -0.9580338 0.2022147 -0.203176
  outer loop
   vertex 114.8629 -41.70049 568.9169
   vertex 104.4378 -91.09165 568.9169
   vertex 90.25281 -77.76116 649.0707
  endloop
 endfacet
 facet normal -0.9579008 0.2034305 -0.2025882
  outer loop
   vertex 114.8629 -41.70049 568.9169
   vertex 90.25281 -77.76116 649.0707
   vertex 99.05435 -36.31703 649.0707
  endloop
 endfacet
 facet normal -0.9811002 -0 -0.1935006
  outer loop
   vertex 114.8629 41.70049 568.9169
   vertex 114.8629 -41.70049 568.9169
   vertex 99.05435 -36.31703 649.0707
  endloop
 endfacet
 facet normal -0.9811002 0 -0.1935006
  outer loop
   vertex 114.8629 41.70049 568.9169
   vertex 99.05435 -36.31703 649.0707
   vertex 99.05435 36.31703 649.0707
  endloop
 endfacet
 facet normal -0.9581588 -0.2022411 -0.2025592
  outer loop
   vertex 104.4378 91.09165 568.9169
   vertex 114.8629 41.70049 568.9169
   vertex 99.05435 36.31703 649.0707
  endloop
 endfacet
 facet normal -0.9577519 -0.2033989 -0.2033231
  outer loop
   vertex 104.4378 91.09165 568.9169
   vertex 99.05435 36.31703 649.0707
   vertex 90.25281 77.76116 649.0707
  endloop
 endfacet
 facet normal -0.8301461 -0.5073115 -0.2312845
  outer loop
   vertex 83.75847 124.9306 568.9169
   vertex 104.4378 91.09165 568.9169
   vertex 90.25281 77.76116 649.0707
  endloop
 endfacet
 facet normal -0.824998 -0.5137373 -0.2354831
  outer loop
   vertex 83.75847 124.9306 568.9169
   vertex 90.25281 77.76116 649.0707
   vertex 72.79927 105.7894 649.0707
  endloop
 endfacet
 facet normal -0.5269717 -0.8075456 -0.264898
  outer loop
   vertex 52.46174 145.3536 568.9169
   vertex 83.75847 124.9306 568.9169
   vertex 72.79927 105.7894 649.0707
  endloop
 endfacet
 facet normal -0.5131186 -0.8141831 -0.2716893
  outer loop
   vertex 52.46174 145.3536 568.9169
   vertex 72.79927 105.7894 649.0707
   vertex 46.22376 122.5379 649.0707
  endloop
 endfacet
 facet normal -0.1240113 -0.951787 -0.2805756
  outer loop
   vertex -0.005680924 152.1897 568.9169
   vertex 52.46174 145.3536 568.9169
   vertex 46.22376 122.5379 649.0707
  endloop
 endfacet
 facet normal -0.116075 -0.9514634 -0.2850333
  outer loop
   vertex -0.005680924 152.1897 568.9169
   vertex 46.22376 122.5379 649.0707
   vertex -0.005680924 128.1777 649.0707
  endloop
 endfacet
 facet normal 0.1238519 -0.9505632 -0.2847636
  outer loop
   vertex -52.4731 145.3536 568.9169
   vertex -0.005680924 152.1897 568.9169
   vertex -0.005680924 128.1777 649.0707
  endloop
 endfacet
 facet normal 0.1162448 -0.9528551 -0.2802753
  outer loop
   vertex -52.4731 145.3536 568.9169
   vertex -0.005680924 128.1777 649.0707
   vertex -46.23512 122.5379 649.0707
  endloop
 endfacet
 facet normal 0.5263854 -0.8060965 -0.2704199
  outer loop
   vertex -83.74847 124.9306 568.9169
   vertex -52.4731 145.3536 568.9169
   vertex -46.23512 122.5379 649.0707
  endloop
 endfacet
 facet normal 0.514117 -0.8157673 -0.2649668
  outer loop
   vertex -83.74847 124.9306 568.9169
   vertex -46.23512 122.5379 649.0707
   vertex -72.81064 105.7894 649.0707
  endloop
 endfacet
 facet normal 0.8292939 -0.5073143 -0.2343156
  outer loop
   vertex -104.4492 91.09165 568.9169
   vertex -83.74847 124.9306 568.9169
   vertex -72.81064 105.7894 649.0707
  endloop
 endfacet
 facet normal 0.8260225 -0.5137457 -0.231845
  outer loop
   vertex -104.4492 91.09165 568.9169
   vertex -72.81064 105.7894 649.0707
   vertex -90.24281 77.76116 649.0707
  endloop
 endfacet
 facet normal 0.957984 -0.2022042 -0.2034208
  outer loop
   vertex -114.8743 41.70049 568.9169
   vertex -104.4492 91.09165 568.9169
   vertex -90.24281 77.76116 649.0707
  endloop
 endfacet
 facet normal 0.9577981 -0.2039024 -0.2025997
  outer loop
   vertex -114.8743 41.70049 568.9169
   vertex -90.24281 77.76116 649.0707
   vertex -99.06571 36.31703 649.0707
  endloop
 endfacet
 facet normal 0.9811002 0 -0.1935006
  outer loop
   vertex -114.8743 -41.70049 568.9169
   vertex -114.8743 41.70049 568.9169
   vertex -99.06571 36.31703 649.0707
  endloop
 endfacet
 facet normal 0.9811002 0 -0.1935006
  outer loop
   vertex -114.8743 -41.70049 568.9169
   vertex -99.06571 36.31703 649.0707
   vertex -99.06571 -36.31703 649.0707
  endloop
 endfacet
 facet normal 0.9581588 0.2022411 -0.2025592
  outer loop
   vertex -104.4492 -91.09165 568.9169
   vertex -114.8743 -41.70049 568.9169
   vertex -99.06571 -36.31703 649.0707
  endloop
 endfacet
 facet normal 0.9575899 0.203858 -0.203626
  outer loop
   vertex -104.4492 -91.09165 568.9169
   vertex -99.06571 -36.31703 649.0707
   vertex -90.24281 -77.76116 649.0707
  endloop
 endfacet
 facet normal 0.8298661 0.5076643 -0.2315148
  outer loop
   vertex -83.74847 -124.9306 568.9169
   vertex -104.4492 -91.09165 568.9169
   vertex -90.24281 -77.76116 649.0707
  endloop
 endfacet
 facet normal 0.8253364 0.513319 -0.2352095
  outer loop
   vertex -83.74847 -124.9306 568.9169
   vertex -90.24281 -77.76116 649.0707
   vertex -72.81064 -105.7894 649.0707
  endloop
 endfacet
 facet normal 0.5272444 0.8074119 -0.2647628
  outer loop
   vertex -52.4731 -145.3536 568.9169
   vertex -83.74847 -124.9306 568.9169
   vertex -72.81064 -105.7894 649.0707
  endloop
 endfacet
 facet normal 0.5131186 0.8141831 -0.2716893
  outer loop
   vertex -52.4731 -145.3536 568.9169
   vertex -72.81064 -105.7894 649.0707
   vertex -46.23512 -122.5379 649.0707
  endloop
 endfacet
 facet normal 0.1240113 0.951787 -0.2805756
  outer loop
   vertex -0.005680924 -152.1897 568.9169
   vertex -52.4731 -145.3536 568.9169
   vertex -46.23512 -122.5379 649.0707
  endloop
 endfacet
 facet normal 0.116075 0.9514634 -0.2850333
  outer loop
   vertex -0.005680924 -152.1897 568.9169
   vertex -46.23512 -122.5379 649.0707
   vertex -0.005680924 -128.1777 649.0707
  endloop
 endfacet
 facet normal -0.1209486 0.9914123 0.04972933
  outer loop
   vertex 46.22376 -122.5379 649.0707
   vertex -0.005680924 -128.1777 649.0707
   vertex -0.005680924 -132.194 729.1391
  endloop
 endfacet
 facet normal -0.1221171 0.9913034 0.04904156
  outer loop
   vertex 46.22376 -122.5379 649.0707
   vertex -0.005680924 -132.194 729.1391
   vertex 47.16373 -126.3832 729.1391
  endloop
 endfacet
 facet normal -0.5325888 0.8450771 0.04683773
  outer loop
   vertex 72.79927 -105.7894 649.0707
   vertex 46.22376 -122.5379 649.0707
   vertex 47.16373 -126.3832 729.1391
  endloop
 endfacet
 facet normal -0.5368521 0.8424857 0.04480622
  outer loop
   vertex 72.79927 -105.7894 649.0707
   vertex 47.16373 -126.3832 729.1391
   vertex 74.25196 -109.122 729.1391
  endloop
 endfacet
 facet normal -0.8482764 0.5282331 0.03737651
  outer loop
   vertex 90.25281 -77.76116 649.0707
   vertex 72.79927 -105.7894 649.0707
   vertex 74.25196 -109.122 729.1391
  endloop
 endfacet
 facet normal -0.8496935 0.5260307 0.03623068
  outer loop
   vertex 90.25281 -77.76116 649.0707
   vertex 74.25196 -109.122 729.1391
   vertex 92.13275 -80.23926 729.1391
  endloop
 endfacet
 facet normal -0.9777621 0.2076484 0.02938375
  outer loop
   vertex 99.05435 -36.31703 649.0707
   vertex 90.25281 -77.76116 649.0707
   vertex 92.13275 -80.23926 729.1391
  endloop
 endfacet
 facet normal -0.9787736 0.2031786 0.02684431
  outer loop
   vertex 99.05435 -36.31703 649.0707
   vertex 92.13275 -80.23926 729.1391
   vertex 101.0197 -37.4279 729.1391
  endloop
 endfacet
 facet normal -0.9996989 0 0.02453903
  outer loop
   vertex 99.05435 36.31703 649.0707
   vertex 99.05435 -36.31703 649.0707
   vertex 101.0197 -37.4279 729.1391
  endloop
 endfacet
 facet normal -0.9996989 0 0.02453903
  outer loop
   vertex 99.05435 36.31703 649.0707
   vertex 101.0197 -37.4279 729.1391
   vertex 101.0197 37.4279 729.1391
  endloop
 endfacet
 facet normal -0.9778309 -0.2076631 0.02688338
  outer loop
   vertex 90.25281 77.76116 649.0707
   vertex 99.05435 36.31703 649.0707
   vertex 101.0197 37.4279 729.1391
  endloop
 endfacet
 facet normal -0.9787071 -0.2031647 0.02926716
  outer loop
   vertex 90.25281 77.76116 649.0707
   vertex 101.0197 37.4279 729.1391
   vertex 92.13275 80.23926 729.1391
  endloop
 endfacet
 facet normal -0.8483111 -0.5282547 0.03626705
  outer loop
   vertex 72.79927 105.7894 649.0707
   vertex 90.25281 77.76116 649.0707
   vertex 92.13275 80.23926 729.1391
  endloop
 endfacet
 facet normal -0.8496598 -0.5260098 0.03730907
  outer loop
   vertex 72.79927 105.7894 649.0707
   vertex 92.13275 80.23926 729.1391
   vertex 74.25196 109.122 729.1391
  endloop
 endfacet
 facet normal -0.5326377 -0.8451547 0.04484085
  outer loop
   vertex 46.22376 122.5379 649.0707
   vertex 72.79927 105.7894 649.0707
   vertex 74.25196 109.122 729.1391
  endloop
 endfacet
 facet normal -0.536804 -0.8424103 0.04675913
  outer loop
   vertex 46.22376 122.5379 649.0707
   vertex 74.25196 109.122 729.1391
   vertex 47.16373 126.3832 729.1391
  endloop
 endfacet
 facet normal -0.1209528 -0.9914464 0.04903476
  outer loop
   vertex -0.005680924 128.1777 649.0707
   vertex 46.22376 122.5379 649.0707
   vertex 47.16373 126.3832 729.1391
  endloop
 endfacet
 facet normal -0.122113 -0.99127 0.04972219
  outer loop
   vertex -0.005680924 128.1777 649.0707
   vertex 47.16373 126.3832 729.1391
   vertex -0.005680924 132.194 729.1391
  endloop
 endfacet
 facet normal 0.1209486 -0.9914123 0.04972933
  outer loop
   vertex -46.23512 122.5379 649.0707
   vertex -0.005680924 128.1777 649.0707
   vertex -0.005680924 132.194 729.1391
  endloop
 endfacet
 facet normal 0.1221171 -0.9913034 0.04904156
  outer loop
   vertex -46.23512 122.5379 649.0707
   vertex -0.005680924 132.194 729.1391
   vertex -47.17509 126.3832 729.1391
  endloop
 endfacet
 facet normal 0.5325888 -0.8450771 0.04683773
  outer loop
   vertex -72.81064 105.7894 649.0707
   vertex -46.23512 122.5379 649.0707
   vertex -47.17509 126.3832 729.1391
  endloop
 endfacet
 facet normal 0.5368521 -0.8424857 0.04480622
  outer loop
   vertex -72.81064 105.7894 649.0707
   vertex -47.17509 126.3832 729.1391
   vertex -74.26332 109.122 729.1391
  endloop
 endfacet
 facet normal 0.8485669 -0.5277672 0.03736239
  outer loop
   vertex -90.24281 77.76116 649.0707
   vertex -72.81064 105.7894 649.0707
   vertex -74.26332 109.122 729.1391
  endloop
 endfacet
 facet normal 0.8511279 -0.523771 0.03528607
  outer loop
   vertex -90.24281 77.76116 649.0707
   vertex -74.26332 109.122 729.1391
   vertex -92.0373 80.23926 729.1391
  endloop
 endfacet
 facet normal 0.9776887 -0.2081368 0.02835371
  outer loop
   vertex -99.06571 36.31703 649.0707
   vertex -90.24281 77.76116 649.0707
   vertex -92.0373 80.23926 729.1391
  endloop
 endfacet
 facet normal 0.9782846 -0.2055179 0.02686476
  outer loop
   vertex -99.06571 36.31703 649.0707
   vertex -92.0373 80.23926 729.1391
   vertex -101.0311 37.4279 729.1391
  endloop
 endfacet
 facet normal 0.9996989 -0 0.02453903
  outer loop
   vertex -99.06571 -36.31703 649.0707
   vertex -99.06571 36.31703 649.0707
   vertex -101.0311 37.4279 729.1391
  endloop
 endfacet
 facet normal 0.9996989 0 0.02453903
  outer loop
   vertex -99.06571 -36.31703 649.0707
   vertex -101.0311 37.4279 729.1391
   vertex -101.0311 -37.4279 729.1391
  endloop
 endfacet
 facet normal 0.9777283 0.2081452 0.02688755
  outer loop
   vertex -90.24281 -77.76116 649.0707
   vertex -99.06571 -36.31703 649.0707
   vertex -101.0311 -37.4279 729.1391
  endloop
 endfacet
 facet normal 0.9782462 0.2055098 0.0282849
  outer loop
   vertex -90.24281 -77.76116 649.0707
   vertex -101.0311 -37.4279 729.1391
   vertex -92.0373 -80.23926 729.1391
  endloop
 endfacet
 facet normal 0.8486289 0.5278058 0.03535494
  outer loop
   vertex -72.81064 -105.7894 649.0707
   vertex -90.24281 -77.76116 649.0707
   vertex -92.0373 -80.23926 729.1391
  endloop
 endfacet
 facet normal 0.8510676 0.5237339 0.03723988
  outer loop
   vertex -72.81064 -105.7894 649.0707
   vertex -92.0373 -80.23926 729.1391
   vertex -74.26332 -109.122 729.1391
  endloop
 endfacet
 facet normal 0.5326377 0.8451547 0.04484085
  outer loop
   vertex -46.23512 -122.5379 649.0707
   vertex -72.81064 -105.7894 649.0707
   vertex -74.26332 -109.122 729.1391
  endloop
 endfacet
 facet normal 0.536804 0.8424103 0.04675913
  outer loop
   vertex -46.23512 -122.5379 649.0707
   vertex -74.26332 -109.122 729.1391
   vertex -47.17509 -126.3832 729.1391
  endloop
 endfacet
 facet normal 0.1209528 0.9914464 0.04903476
  outer loop
   vertex -0.005680924 -128.1777 649.0707
   vertex -46.23512 -122.5379 649.0707
   vertex -47.17509 -126.3832 729.1391
  endloop
 endfacet
 facet normal 0.122113 0.99127 0.04972219
  outer loop
   vertex -0.005680924 -128.1777 649.0707
   vertex -47.17509 -126.3832 729.1391
   vertex -0.005680924 -132.194 729.1391
  endloop
 endfacet
 facet normal -0.1191122 0.9669106 0.225602
  outer loop
   vertex 47.16373 -126.3832 729.1391
   vertex -0.005680924 -132.194 729.1391
   vertex 5.975947 -150.1389 809.2074
  endloop
 endfacet
 facet normal -0.1222156 0.9668955 0.2240011
  outer loop
   vertex 47.16373 -126.3832 729.1391
   vertex 5.975947 -150.1389 809.2074
   vertex 59.38334 -143.3882 809.2074
  endloop
 endfacet
 facet normal -0.5199577 0.8159732 0.2526495
  outer loop
   vertex 74.25196 -109.122 729.1391
   vertex 47.16373 -126.3832 729.1391
   vertex 59.38334 -143.3882 809.2074
  endloop
 endfacet
 facet normal -0.5162972 0.8178367 0.2541268
  outer loop
   vertex 74.25196 -109.122 729.1391
   vertex 59.38334 -143.3882 809.2074
   vertex 91.19278 -123.307 809.2074
  endloop
 endfacet
 facet normal -0.8202042 0.5077743 0.2634963
  outer loop
   vertex 92.13275 -80.23926 729.1391
   vertex 74.25196 -109.122 729.1391
   vertex 91.19278 -123.307 809.2074
  endloop
 endfacet
 facet normal -0.8158024 0.513267 0.2665024
  outer loop
   vertex 92.13275 -80.23926 729.1391
   vertex 91.19278 -123.307 809.2074
   vertex 112.2139 -89.89532 809.2074
  endloop
 endfacet
 facet normal -0.9452589 0.1962214 0.2607352
  outer loop
   vertex 101.0197 -37.4279 729.1391
   vertex 92.13275 -80.23926 729.1391
   vertex 112.2139 -89.89532 809.2074
  endloop
 endfacet
 facet normal -0.9420781 0.2045844 0.2657706
  outer loop
   vertex 101.0197 -37.4279 729.1391
   vertex 112.2139 -89.89532 809.2074
   vertex 122.81 -41.10233 809.2074
  endloop
 endfacet
 facet normal -0.9649063 0 0.2625946
  outer loop
   vertex 101.0197 37.4279 729.1391
   vertex 101.0197 -37.4279 729.1391
   vertex 122.81 -41.10233 809.2074
  endloop
 endfacet
 facet normal -0.9649063 0 0.2625946
  outer loop
   vertex 101.0197 37.4279 729.1391
   vertex 122.81 -41.10233 809.2074
   vertex 122.81 41.10233 809.2074
  endloop
 endfacet
 facet normal -0.9438877 -0.1959368 0.2658662
  outer loop
   vertex 92.13275 80.23926 729.1391
   vertex 101.0197 37.4279 729.1391
   vertex 122.81 41.10233 809.2074
  endloop
 endfacet
 facet normal -0.9432774 -0.2048448 0.2612782
  outer loop
   vertex 92.13275 80.23926 729.1391
   vertex 122.81 41.10233 809.2074
   vertex 112.2139 89.89532 809.2074
  endloop
 endfacet
 facet normal -0.8194552 -0.5073107 0.2667002
  outer loop
   vertex 74.25196 109.122 729.1391
   vertex 92.13275 80.23926 729.1391
   vertex 112.2139 89.89532 809.2074
  endloop
 endfacet
 facet normal -0.816444 -0.5136707 0.2637453
  outer loop
   vertex 74.25196 109.122 729.1391
   vertex 112.2139 89.89532 809.2074
   vertex 91.19278 123.307 809.2074
  endloop
 endfacet
 facet normal -0.5197045 -0.8155758 0.2544472
  outer loop
   vertex 47.16373 126.3832 729.1391
   vertex 74.25196 109.122 729.1391
   vertex 91.19278 123.307 809.2074
  endloop
 endfacet
 facet normal -0.5165118 -0.8181767 0.2525916
  outer loop
   vertex 47.16373 126.3832 729.1391
   vertex 91.19278 123.307 809.2074
   vertex 59.38334 143.3882 809.2074
  endloop
 endfacet
 facet normal -0.1191676 -0.9673606 0.2236347
  outer loop
   vertex -0.005680924 132.194 729.1391
   vertex 47.16373 126.3832 729.1391
   vertex 59.38334 143.3882 809.2074
  endloop
 endfacet
 facet normal -0.1221653 -0.9664979 0.2257376
  outer loop
   vertex -0.005680924 132.194 729.1391
   vertex 59.38334 143.3882 809.2074
   vertex 5.975947 150.1389 809.2074
  endloop
 endfacet
 facet normal 0.1195742 -0.9706613 0.2086112
  outer loop
   vertex -47.17509 126.3832 729.1391
   vertex -0.005680924 132.194 729.1391
   vertex 5.975947 150.1389 809.2074
  endloop
 endfacet
 facet normal 0.122698 -0.9707117 0.2065525
  outer loop
   vertex -47.17509 126.3832 729.1391
   vertex 5.975947 150.1389 809.2074
   vertex -47.43144 143.3882 809.2074
  endloop
 endfacet
 facet normal 0.5288156 -0.829874 0.1779417
  outer loop
   vertex -74.26332 109.122 729.1391
   vertex -47.17509 126.3832 729.1391
   vertex -47.43144 143.3882 809.2074
  endloop
 endfacet
 facet normal 0.5264381 -0.8311002 0.1792632
  outer loop
   vertex -74.26332 109.122 729.1391
   vertex -47.43144 143.3882 809.2074
   vertex -79.13407 123.307 809.2074
  endloop
 endfacet
 facet normal 0.8428849 -0.5186984 0.143168
  outer loop
   vertex -92.0373 80.23926 729.1391
   vertex -74.26332 109.122 729.1391
   vertex -79.13407 123.307 809.2074
  endloop
 endfacet
 facet normal 0.8356856 -0.5284483 0.1495725
  outer loop
   vertex -92.0373 80.23926 729.1391
   vertex -79.13407 123.307 809.2074
   vertex -100.262 89.89532 809.2074
  endloop
 endfacet
 facet normal 0.9710422 -0.2039964 0.1243484
  outer loop
   vertex -101.0311 37.4279 729.1391
   vertex -92.0373 80.23926 729.1391
   vertex -100.262 89.89532 809.2074
  endloop
 endfacet
 facet normal 0.9691085 -0.2104544 0.1285987
  outer loop
   vertex -101.0311 37.4279 729.1391
   vertex -100.262 89.89532 809.2074
   vertex -110.8581 41.10233 809.2074
  endloop
 endfacet
 facet normal 0.9925524 -0 0.1218181
  outer loop
   vertex -101.0311 -37.4279 729.1391
   vertex -101.0311 37.4279 729.1391
   vertex -110.8581 41.10233 809.2074
  endloop
 endfacet
 facet normal 0.9925524 0 0.1218181
  outer loop
   vertex -101.0311 -37.4279 729.1391
   vertex -110.8581 41.10233 809.2074
   vertex -110.8581 -41.10233 809.2074
  endloop
 endfacet
 facet normal 0.970528 0.2038884 0.1284716
  outer loop
   vertex -92.0373 -80.23926 729.1391
   vertex -101.0311 -37.4279 729.1391
   vertex -110.8581 -41.10233 809.2074
  endloop
 endfacet
 facet normal 0.9695597 0.2105524 0.1249867
  outer loop
   vertex -92.0373 -80.23926 729.1391
   vertex -110.8581 -41.10233 809.2074
   vertex -100.262 -89.89532 809.2074
  endloop
 endfacet
 facet normal 0.8421506 0.5182465 0.1490062
  outer loop
   vertex -74.26332 -109.122 729.1391
   vertex -92.0373 -80.23926 729.1391
   vertex -100.262 -89.89532 809.2074
  endloop
 endfacet
 facet normal 0.8363148 0.5288461 0.1445661
  outer loop
   vertex -74.26332 -109.122 729.1391
   vertex -100.262 -89.89532 809.2074
   vertex -79.13407 -123.307 809.2074
  endloop
 endfacet
 facet normal 0.5286977 0.829689 0.1791506
  outer loop
   vertex -47.17509 -126.3832 729.1391
   vertex -74.26332 -109.122 729.1391
   vertex -79.13407 -123.307 809.2074
  endloop
 endfacet
 facet normal 0.5265387 0.831259 0.1782286
  outer loop
   vertex -47.17509 -126.3832 729.1391
   vertex -79.13407 -123.307 809.2074
   vertex -47.43144 -143.3882 809.2074
  endloop
 endfacet
 facet normal 0.1196259 0.9710805 0.206621
  outer loop
   vertex -0.005680924 -132.194 729.1391
   vertex -47.17509 -126.3832 729.1391
   vertex -47.43144 -143.3882 809.2074
  endloop
 endfacet
 facet normal 0.1226512 0.9703421 0.2083098
  outer loop
   vertex -0.005680924 -132.194 729.1391
   vertex -47.43144 -143.3882 809.2074
   vertex 5.975947 -150.1389 809.2074
  endloop
 endfacet
 facet normal -0.1247233 0.986735 0.103914
  outer loop
   vertex 59.38334 -143.3882 809.2074
   vertex 5.975947 -150.1389 809.2074
   vertex 8.026791 -156.2059 869.2801
  endloop
 endfacet
 facet normal -0.1284231 0.9865916 0.1007204
  outer loop
   vertex 59.38334 -143.3882 809.2074
   vertex 8.026791 -156.2059 869.2801
   vertex 63.82683 -148.9425 869.2801
  endloop
 endfacet
 facet normal -0.5301642 0.8398027 0.1168645
  outer loop
   vertex 91.19278 -123.307 809.2074
   vertex 59.38334 -143.3882 809.2074
   vertex 63.82683 -148.9425 869.2801
  endloop
 endfacet
 facet normal -0.5239784 0.8430812 0.1210815
  outer loop
   vertex 91.19278 -123.307 809.2074
   vertex 63.82683 -148.9425 869.2801
   vertex 98.19983 -127.5796 869.2801
  endloop
 endfacet
 facet normal -0.8386251 0.527626 0.1353465
  outer loop
   vertex 112.2139 -89.89532 809.2074
   vertex 91.19278 -123.307 809.2074
   vertex 98.19983 -127.5796 869.2801
  endloop
 endfacet
 facet normal -0.8307663 0.5377908 0.1435563
  outer loop
   vertex 112.2139 -89.89532 809.2074
   vertex 98.19983 -127.5796 869.2801
   vertex 121.1009 -92.20252 869.2801
  endloop
 endfacet
 facet normal -0.9660224 0.2097842 0.150968
  outer loop
   vertex 122.81 -41.10233 809.2074
   vertex 112.2139 -89.89532 809.2074
   vertex 121.1009 -92.20252 869.2801
  endloop
 endfacet
 facet normal -0.962468 0.2196236 0.1594389
  outer loop
   vertex 122.81 -41.10233 809.2074
   vertex 121.1009 -92.20252 869.2801
   vertex 132.7224 -41.27323 869.2801
  endloop
 endfacet
 facet normal -0.9866582 0 0.1628056
  outer loop
   vertex 122.81 41.10233 809.2074
   vertex 122.81 -41.10233 809.2074
   vertex 132.7224 -41.27323 869.2801
  endloop
 endfacet
 facet normal -0.9866582 0 0.1628056
  outer loop
   vertex 122.81 41.10233 809.2074
   vertex 132.7224 -41.27323 869.2801
   vertex 132.7224 41.27323 869.2801
  endloop
 endfacet
 facet normal -0.964669 -0.2094903 0.1597732
  outer loop
   vertex 112.2139 89.89532 809.2074
   vertex 122.81 41.10233 809.2074
   vertex 132.7224 41.27323 869.2801
  endloop
 endfacet
 facet normal -0.9637575 -0.2199178 0.1510221
  outer loop
   vertex 112.2139 89.89532 809.2074
   vertex 132.7224 41.27323 869.2801
   vertex 121.1009 92.20252 869.2801
  endloop
 endfacet
 facet normal -0.8375738 -0.5269646 0.1441475
  outer loop
   vertex 91.19278 123.307 809.2074
   vertex 112.2139 89.89532 809.2074
   vertex 121.1009 92.20252 869.2801
  endloop
 endfacet
 facet normal -0.8317409 -0.5384217 0.1353113
  outer loop
   vertex 91.19278 123.307 809.2074
   vertex 121.1009 92.20252 869.2801
   vertex 98.19983 127.5796 869.2801
  endloop
 endfacet
 facet normal -0.5298671 -0.839332 0.1215017
  outer loop
   vertex 59.38334 143.3882 809.2074
   vertex 91.19278 123.307 809.2074
   vertex 98.19983 127.5796 869.2801
  endloop
 endfacet
 facet normal -0.5242509 -0.8435197 0.1167707
  outer loop
   vertex 59.38334 143.3882 809.2074
   vertex 98.19983 127.5796 869.2801
   vertex 63.82683 148.9425 869.2801
  endloop
 endfacet
 facet normal -0.1247673 -0.9870835 0.1004955
  outer loop
   vertex 5.975947 150.1389 809.2074
   vertex 59.38334 143.3882 809.2074
   vertex 63.82683 148.9425 869.2801
  endloop
 endfacet
 facet normal -0.1283797 -0.9862579 0.1039906
  outer loop
   vertex 5.975947 150.1389 809.2074
   vertex 63.82683 148.9425 869.2801
   vertex 8.026791 156.2059 869.2801
  endloop
 endfacet
 facet normal 0.1248293 -0.9875735 0.09547911
  outer loop
   vertex -47.43144 143.3882 809.2074
   vertex 5.975947 150.1389 809.2074
   vertex 8.026791 156.2059 869.2801
  endloop
 endfacet
 facet normal 0.1285317 -0.987426 0.09202961
  outer loop
   vertex -47.43144 143.3882 809.2074
   vertex 8.026791 156.2059 869.2801
   vertex -47.77325 148.9425 869.2801
  endloop
 endfacet
 facet normal 0.5333528 -0.8420165 0.08088832
  outer loop
   vertex -79.13407 123.307 809.2074
   vertex -47.43144 143.3882 809.2074
   vertex -47.77325 148.9425 869.2801
  endloop
 endfacet
 facet normal 0.5261256 -0.84601 0.08636543
  outer loop
   vertex -79.13407 123.307 809.2074
   vertex -47.77325 148.9425 869.2801
   vertex -82.12488 127.5796 869.2801
  endloop
 endfacet
 facet normal 0.8424955 -0.5327545 0.07983652
  outer loop
   vertex -100.262 89.89532 809.2074
   vertex -79.13407 123.307 809.2074
   vertex -82.12488 127.5796 869.2801
  endloop
 endfacet
 facet normal 0.8350109 -0.5430596 0.08856079
  outer loop
   vertex -100.262 89.89532 809.2074
   vertex -82.12488 127.5796 869.2801
   vertex -105.1328 92.20252 869.2801
  endloop
 endfacet
 facet normal 0.9735128 -0.2114108 0.08705309
  outer loop
   vertex -110.8581 41.10233 809.2074
   vertex -100.262 89.89532 809.2074
   vertex -105.1328 92.20252 869.2801
  endloop
 endfacet
 facet normal 0.9709249 -0.2199243 0.0945416
  outer loop
   vertex -110.8581 41.10233 809.2074
   vertex -105.1328 92.20252 869.2801
   vertex -116.6688 41.27323 869.2801
  endloop
 endfacet
 facet normal 0.9953544 -0 0.09627895
  outer loop
   vertex -110.8581 -41.10233 809.2074
   vertex -110.8581 41.10233 809.2074
   vertex -116.6688 41.27323 869.2801
  endloop
 endfacet
 facet normal 0.9953544 0 0.09627895
  outer loop
   vertex -110.8581 -41.10233 809.2074
   vertex -116.6688 41.27323 869.2801
   vertex -116.6688 -41.27323 869.2801
  endloop
 endfacet
 facet normal 0.9728308 0.2112627 0.09470131
  outer loop
   vertex -100.262 -89.89532 809.2074
   vertex -110.8581 -41.10233 809.2074
   vertex -116.6688 -41.27323 869.2801
  endloop
 endfacet
 facet normal 0.9715758 0.2200717 0.08722868
  outer loop
   vertex -100.262 -89.89532 809.2074
   vertex -116.6688 -41.27323 869.2801
   vertex -105.1328 -92.20252 869.2801
  endloop
 endfacet
 facet normal 0.8418616 0.5323537 0.08870507
  outer loop
   vertex -79.13407 -123.307 809.2074
   vertex -100.262 -89.89532 809.2074
   vertex -105.1328 -92.20252 869.2801
  endloop
 endfacet
 facet normal 0.8356008 0.5434433 0.08025348
  outer loop
   vertex -79.13407 -123.307 809.2074
   vertex -105.1328 -92.20252 869.2801
   vertex -82.12488 -127.5796 869.2801
  endloop
 endfacet
 facet normal 0.5331052 0.8416256 0.08640109
  outer loop
   vertex -47.43144 -143.3882 809.2074
   vertex -79.13407 -123.307 809.2074
   vertex -82.12488 -127.5796 869.2801
  endloop
 endfacet
 facet normal 0.5263527 0.8463752 0.08125149
  outer loop
   vertex -47.43144 -143.3882 809.2074
   vertex -82.12488 -127.5796 869.2801
   vertex -47.77325 -148.9425 869.2801
  endloop
 endfacet
 facet normal 0.1248698 0.9878937 0.09205202
  outer loop
   vertex 5.975947 -150.1389 809.2074
   vertex -47.43144 -143.3882 809.2074
   vertex -47.77325 -148.9425 869.2801
  endloop
 endfacet
 facet normal 0.1284919 0.9871201 0.09530828
  outer loop
   vertex 5.975947 -150.1389 809.2074
   vertex -47.77325 -148.9425 869.2801
   vertex 8.026791 -156.2059 869.2801
  endloop
 endfacet
 facet normal -0.1289247 0.990445 0.04896124
  outer loop
   vertex 63.82683 -148.9425 869.2801
   vertex 8.026791 -156.2059 869.2801
   vertex -0.005680924 -160.2222 929.374
  endloop
 endfacet
 facet normal -0.1418015 0.9892739 0.03506355
  outer loop
   vertex 63.82683 -148.9425 869.2801
   vertex -0.005680924 -160.2222 929.374
   vertex 50.66725 -152.9588 929.374
  endloop
 endfacet
 facet normal -0.526951 0.8478641 -0.05872853
  outer loop
   vertex 98.19983 -127.5796 869.2801
   vertex 63.82683 -148.9425 869.2801
   vertex 50.66725 -152.9588 929.374
  endloop
 endfacet
 facet normal -0.5757493 0.8097191 -0.1134361
  outer loop
   vertex 98.19983 -127.5796 869.2801
   vertex 50.66725 -152.9588 929.374
   vertex 80.83175 -131.5104 929.374
  endloop
 endfacet
 facet normal -0.8220227 0.5321306 -0.2027701
  outer loop
   vertex 121.1009 -92.20252 869.2801
   vertex 98.19983 -127.5796 869.2801
   vertex 80.83175 -131.5104 929.374
  endloop
 endfacet
 facet normal -0.8429995 0.4735555 -0.2551411
  outer loop
   vertex 121.1009 -92.20252 869.2801
   vertex 80.83175 -131.5104 929.374
   vertex 100.8488 -95.87695 929.374
  endloop
 endfacet
 facet normal -0.9299072 0.2121936 -0.3004105
  outer loop
   vertex 132.7224 -41.27323 869.2801
   vertex 121.1009 -92.20252 869.2801
   vertex 100.8488 -95.87695 929.374
  endloop
 endfacet
 facet normal -0.9272396 0.1796622 -0.3285549
  outer loop
   vertex 132.7224 -41.27323 869.2801
   vertex 100.8488 -95.87695 929.374
   vertex 110.9322 -43.83679 929.374
  endloop
 endfacet
 facet normal -0.9401053 -0 -0.3408842
  outer loop
   vertex 132.7224 41.27323 869.2801
   vertex 132.7224 -41.27323 869.2801
   vertex 110.9322 -43.83679 929.374
  endloop
 endfacet
 facet normal -0.9401053 0 -0.3408842
  outer loop
   vertex 132.7224 41.27323 869.2801
   vertex 110.9322 -43.83679 929.374
   vertex 110.9322 43.83679 929.374
  endloop
 endfacet
 facet normal -0.9219094 -0.2103686 -0.3253123
  outer loop
   vertex 121.1009 92.20252 869.2801
   vertex 132.7224 41.27323 869.2801
   vertex 110.9322 43.83679 929.374
  endloop
 endfacet
 facet normal -0.9352448 -0.1812133 -0.3041036
  outer loop
   vertex 121.1009 92.20252 869.2801
   vertex 110.9322 43.83679 929.374
   vertex 100.8488 95.87695 929.374
  endloop
 endfacet
 facet normal -0.814459 -0.5272343 -0.2422406
  outer loop
   vertex 98.19983 127.5796 869.2801
   vertex 121.1009 92.20252 869.2801
   vertex 100.8488 95.87695 929.374
  endloop
 endfacet
 facet normal -0.851502 -0.4783318 -0.2148091
  outer loop
   vertex 98.19983 127.5796 869.2801
   vertex 100.8488 95.87695 929.374
   vertex 80.83175 131.5104 929.374
  endloop
 endfacet
 facet normal -0.5253959 -0.845362 -0.09655181
  outer loop
   vertex 63.82683 148.9425 869.2801
   vertex 98.19983 127.5796 869.2801
   vertex 80.83175 131.5104 929.374
  endloop
 endfacet
 facet normal -0.5779756 -0.8128501 -0.07224214
  outer loop
   vertex 63.82683 148.9425 869.2801
   vertex 80.83175 131.5104 929.374
   vertex 50.66725 152.9588 929.374
  endloop
 endfacet
 facet normal -0.1289864 -0.9909188 0.03797978
  outer loop
   vertex 8.026791 156.2059 869.2801
   vertex 63.82683 148.9425 869.2801
   vertex 50.66725 152.9588 929.374
  endloop
 endfacet
 facet normal -0.141731 -0.9887822 0.04713836
  outer loop
   vertex 8.026791 156.2059 869.2801
   vertex 50.66725 152.9588 929.374
   vertex -0.005680924 160.2222 929.374
  endloop
 endfacet
 facet normal 0.1286316 -0.9881931 0.08323703
  outer loop
   vertex -47.77325 148.9425 869.2801
   vertex 8.026791 156.2059 869.2801
   vertex -0.005680924 160.2222 929.374
  endloop
 endfacet
 facet normal 0.141512 -0.9872544 0.07282242
  outer loop
   vertex -47.77325 148.9425 869.2801
   vertex -0.005680924 160.2222 929.374
   vertex -50.67861 152.9588 929.374
  endloop
 endfacet
 facet normal 0.52632 -0.8463226 0.08200788
  outer loop
   vertex -82.12488 127.5796 869.2801
   vertex -47.77325 148.9425 869.2801
   vertex -50.67861 152.9588 929.374
  endloop
 endfacet
 facet normal 0.5790045 -0.8142972 0.04091376
  outer loop
   vertex -82.12488 127.5796 869.2801
   vertex -50.67861 152.9588 929.374
   vertex -80.84311 131.5104 929.374
  endloop
 endfacet
 facet normal 0.8381723 -0.5451157 0.01777851
  outer loop
   vertex -105.1328 92.20252 869.2801
   vertex -82.12488 127.5796 869.2801
   vertex -80.84311 131.5104 929.374
  endloop
 endfacet
 facet normal 0.8714074 -0.4895136 -0.03202458
  outer loop
   vertex -105.1328 92.20252 869.2801
   vertex -80.84311 131.5104 929.374
   vertex -100.8602 95.87695 929.374
  endloop
 endfacet
 facet normal 0.9737767 -0.2205702 -0.05574734
  outer loop
   vertex -116.6688 41.27323 869.2801
   vertex -105.1328 92.20252 869.2801
   vertex -100.8602 95.87695 929.374
  endloop
 endfacet
 facet normal 0.9783531 -0.1879595 -0.08658261
  outer loop
   vertex -116.6688 41.27323 869.2801
   vertex -100.8602 95.87695 929.374
   vertex -110.8581 43.83679 929.374
  endloop
 endfacet
 facet normal 0.9953577 0 -0.09624504
  outer loop
   vertex -116.6688 -41.27323 869.2801
   vertex -116.6688 41.27323 869.2801
   vertex -110.8581 43.83679 929.374
  endloop
 endfacet
 facet normal 0.9953577 0 -0.09624504
  outer loop
   vertex -116.6688 -41.27323 869.2801
   vertex -110.8581 43.83679 929.374
   vertex -110.8581 -43.83679 929.374
  endloop
 endfacet
 facet normal 0.9717988 0.2201222 -0.08457683
  outer loop
   vertex -105.1328 -92.20252 869.2801
   vertex -116.6688 -41.27323 869.2801
   vertex -110.8581 -43.83679 929.374
  endloop
 endfacet
 facet normal 0.9803771 0.1883483 -0.05818681
  outer loop
   vertex -105.1328 -92.20252 869.2801
   vertex -110.8581 -43.83679 929.374
   vertex -100.8602 -95.87695 929.374
  endloop
 endfacet
 facet normal 0.8380158 0.5450139 -0.02625694
  outer loop
   vertex -82.12488 -127.5796 869.2801
   vertex -105.1328 -92.20252 869.2801
   vertex -100.8602 -95.87695 929.374
  endloop
 endfacet
 facet normal 0.8717759 0.4897206 0.01343834
  outer loop
   vertex -82.12488 -127.5796 869.2801
   vertex -100.8602 -95.87695 929.374
   vertex -80.84311 -131.5104 929.374
  endloop
 endfacet
 facet normal 0.5275818 0.8483516 0.0442381
  outer loop
   vertex -47.77325 -148.9425 869.2801
   vertex -82.12488 -127.5796 869.2801
   vertex -80.84311 -131.5104 929.374
  endloop
 endfacet
 facet normal 0.5775284 0.8122212 0.08220457
  outer loop
   vertex -47.77325 -148.9425 869.2801
   vertex -80.84311 -131.5104 929.374
   vertex -50.67861 -152.9588 929.374
  endloop
 endfacet
 facet normal 0.1287415 0.9890373 0.07232416
  outer loop
   vertex 8.026791 -156.2059 869.2801
   vertex -47.77325 -148.9425 869.2801
   vertex -50.67861 -152.9588 929.374
  endloop
 endfacet
 facet normal 0.1413775 0.9863158 0.08481525
  outer loop
   vertex 8.026791 -156.2059 869.2801
   vertex -50.67861 -152.9588 929.374
   vertex -0.005680924 -160.2222 929.374
  endloop
 endfacet
 facet normal -0.1382504 0.9644998 0.2250042
  outer loop
   vertex 50.66725 -152.9588 929.374
   vertex -0.005680924 -160.2222 929.374
   vertex -0.005680924 -174.2363 989.4467
  endloop
 endfacet
 facet normal -0.1459835 0.9648332 0.2185993
  outer loop
   vertex 50.66725 -152.9588 929.374
   vertex -0.005680924 -174.2363 989.4467
   vertex 49.12912 -166.802 989.4467
  endloop
 endfacet
 facet normal -0.571011 0.8030553 0.1704364
  outer loop
   vertex 80.83175 -131.5104 929.374
   vertex 50.66725 -152.9588 929.374
   vertex 49.12912 -166.802 989.4467
  endloop
 endfacet
 facet normal -0.6271335 0.7694446 0.1210727
  outer loop
   vertex 80.83175 -131.5104 929.374
   vertex 49.12912 -166.802 989.4467
   vertex 76.38825 -144.5845 989.4467
  endloop
 endfacet
 facet normal -0.8710829 0.4893313 0.04206456
  outer loop
   vertex 100.8488 -95.87695 929.374
   vertex 80.83175 -131.5104 929.374
   vertex 76.38825 -144.5845 989.4467
  endloop
 endfacet
 facet normal -0.9025773 0.4301184 -0.01876997
  outer loop
   vertex 100.8488 -95.87695 929.374
   vertex 76.38825 -144.5845 989.4467
   vertex 94.18359 -107.242 989.4467
  endloop
 endfacet
 facet normal -0.9791399 0.1897184 -0.0727459
  outer loop
   vertex 110.9322 -43.83679 929.374
   vertex 100.8488 -95.87695 929.374
   vertex 94.18359 -107.242 989.4467
  endloop
 endfacet
 facet normal -0.9817329 0.1556406 -0.1094372
  outer loop
   vertex 110.9322 -43.83679 929.374
   vertex 94.18359 -107.242 989.4467
   vertex 103.0706 -51.18564 989.4467
  endloop
 endfacet
 facet normal -0.9915453 -0 -0.1297613
  outer loop
   vertex 110.9322 43.83679 929.374
   vertex 110.9322 -43.83679 929.374
   vertex 103.0706 -51.18564 989.4467
  endloop
 endfacet
 facet normal -0.9915453 0 -0.1297613
  outer loop
   vertex 110.9322 43.83679 929.374
   vertex 103.0706 -51.18564 989.4467
   vertex 103.0706 51.18564 989.4467
  endloop
 endfacet
 facet normal -0.9763524 -0.1891783 -0.1046303
  outer loop
   vertex 100.8488 95.87695 929.374
   vertex 110.9322 43.83679 929.374
   vertex 103.0706 51.18564 989.4467
  endloop
 endfacet
 facet normal -0.9845227 -0.1560829 -0.07970662
  outer loop
   vertex 100.8488 95.87695 929.374
   vertex 103.0706 51.18564 989.4467
   vertex 94.18359 107.242 989.4467
  endloop
 endfacet
 facet normal -0.8718473 -0.4897608 -0.004076687
  outer loop
   vertex 80.83175 131.5104 929.374
   vertex 100.8488 95.87695 929.374
   vertex 94.18359 107.242 989.4467
  endloop
 endfacet
 facet normal -0.9024111 -0.4300392 0.02684298
  outer loop
   vertex 80.83175 131.5104 929.374
   vertex 94.18359 107.242 989.4467
   vertex 76.38825 144.5845 989.4467
  endloop
 endfacet
 facet normal -0.5743177 -0.8077057 0.1333065
  outer loop
   vertex 50.66725 152.9588 929.374
   vertex 80.83175 131.5104 929.374
   vertex 76.38825 144.5845 989.4467
  endloop
 endfacet
 facet normal -0.6236063 -0.765117 0.1603471
  outer loop
   vertex 50.66725 152.9588 929.374
   vertex 76.38825 144.5845 989.4467
   vertex 49.12912 166.802 989.4467
  endloop
 endfacet
 facet normal -0.1384435 -0.9658473 0.219026
  outer loop
   vertex -0.005680924 160.2222 929.374
   vertex 50.66725 152.9588 929.374
   vertex 49.12912 166.802 989.4467
  endloop
 endfacet
 facet normal -0.145774 -0.9634487 0.224759
  outer loop
   vertex -0.005680924 160.2222 929.374
   vertex 49.12912 166.802 989.4467
   vertex -0.005680924 174.2363 989.4467
  endloop
 endfacet
 facet normal 0.1382504 -0.9644998 0.2250042
  outer loop
   vertex -50.67861 152.9588 929.374
   vertex -0.005680924 160.2222 929.374
   vertex -0.005680924 174.2363 989.4467
  endloop
 endfacet
 facet normal 0.1459835 -0.9648332 0.2185993
  outer loop
   vertex -50.67861 152.9588 929.374
   vertex -0.005680924 174.2363 989.4467
   vertex -49.14048 166.802 989.4467
  endloop
 endfacet
 facet normal 0.571011 -0.8030553 0.1704364
  outer loop
   vertex -80.84311 131.5104 929.374
   vertex -50.67861 152.9588 929.374
   vertex -49.14048 166.802 989.4467
  endloop
 endfacet
 facet normal 0.6271335 -0.7694446 0.1210727
  outer loop
   vertex -80.84311 131.5104 929.374
   vertex -49.14048 166.802 989.4467
   vertex -76.39961 144.5845 989.4467
  endloop
 endfacet
 facet normal 0.8710829 -0.4893313 0.04206456
  outer loop
   vertex -100.8602 95.87695 929.374
   vertex -80.84311 131.5104 929.374
   vertex -76.39961 144.5845 989.4467
  endloop
 endfacet
 facet normal 0.9025773 -0.4301184 -0.01876997
  outer loop
   vertex -100.8602 95.87695 929.374
   vertex -76.39961 144.5845 989.4467
   vertex -94.19496 107.242 989.4467
  endloop
 endfacet
 facet normal 0.9794157 -0.1881636 -0.07307065
  outer loop
   vertex -110.8581 43.83679 929.374
   vertex -100.8602 95.87695 929.374
   vertex -94.19496 107.242 989.4467
  endloop
 endfacet
 facet normal 0.9819409 -0.1541767 -0.1096435
  outer loop
   vertex -110.8581 43.83679 929.374
   vertex -94.19496 107.242 989.4467
   vertex -102.9965 51.18564 989.4467
  endloop
 endfacet
 facet normal 0.9915453 0 -0.1297613
  outer loop
   vertex -110.8581 -43.83679 929.374
   vertex -110.8581 43.83679 929.374
   vertex -102.9965 51.18564 989.4467
  endloop
 endfacet
 facet normal 0.9915453 0 -0.1297613
  outer loop
   vertex -110.8581 -43.83679 929.374
   vertex -102.9965 51.18564 989.4467
   vertex -102.9965 -51.18564 989.4467
  endloop
 endfacet
 facet normal 0.9766274 0.1876279 -0.1048559
  outer loop
   vertex -100.8602 -95.87695 929.374
   vertex -110.8581 -43.83679 929.374
   vertex -102.9965 -51.18564 989.4467
  endloop
 endfacet
 facet normal 0.98473 0.1546146 -0.08000739
  outer loop
   vertex -100.8602 -95.87695 929.374
   vertex -102.9965 -51.18564 989.4467
   vertex -94.19496 -107.242 989.4467
  endloop
 endfacet
 facet normal 0.8718473 0.4897608 -0.004076687
  outer loop
   vertex -80.84311 -131.5104 929.374
   vertex -100.8602 -95.87695 929.374
   vertex -94.19496 -107.242 989.4467
  endloop
 endfacet
 facet normal 0.9024111 0.4300392 0.02684298
  outer loop
   vertex -80.84311 -131.5104 929.374
   vertex -94.19496 -107.242 989.4467
   vertex -76.39961 -144.5845 989.4467
  endloop
 endfacet
 facet normal 0.5743177 0.8077057 0.1333065
  outer loop
   vertex -50.67861 -152.9588 929.374
   vertex -80.84311 -131.5104 929.374
   vertex -76.39961 -144.5845 989.4467
  endloop
 endfacet
 facet normal 0.6236063 0.765117 0.1603471
  outer loop
   vertex -50.67861 -152.9588 929.374
   vertex -76.39961 -144.5845 989.4467
   vertex -49.14048 -166.802 989.4467
  endloop
 endfacet
 facet normal 0.1384435 0.9658473 0.219026
  outer loop
   vertex -0.005680924 -160.2222 929.374
   vertex -50.67861 -152.9588 929.374
   vertex -49.14048 -166.802 989.4467
  endloop
 endfacet
 facet normal 0.145774 0.9634487 0.224759
  outer loop
   vertex -0.005680924 -160.2222 929.374
   vertex -49.14048 -166.802 989.4467
   vertex -0.005680924 -174.2363 989.4467
  endloop
 endfacet
 facet normal -0.1285926 0.8498935 -0.5110234
  outer loop
   vertex 49.12912 -166.802 989.4467
   vertex -0.005680924 -174.2363 989.4467
   vertex -0.005680924 -150.1389 1029.524
  endloop
 endfacet
 facet normal -0.1090858 0.8633364 -0.4926971
  outer loop
   vertex 49.12912 -166.802 989.4467
   vertex -0.005680924 -150.1389 1029.524
   vertex 47.33463 -144.1572 1029.524
  endloop
 endfacet
 facet normal -0.5725961 0.7025314 -0.4225913
  outer loop
   vertex 76.38825 -144.5845 989.4467
   vertex 49.12912 -166.802 989.4467
   vertex 47.33463 -144.1572 1029.524
  endloop
 endfacet
 facet normal -0.5464063 0.7336723 -0.4039371
  outer loop
   vertex 76.38825 -144.5845 989.4467
   vertex 47.33463 -144.1572 1029.524
   vertex 71.77385 -125.956 1029.524
  endloop
 endfacet
 facet normal -0.8637315 0.4116066 -0.2907713
  outer loop
   vertex 94.18359 -107.242 989.4467
   vertex 76.38825 -144.5845 989.4467
   vertex 71.77385 -125.956 1029.524
  endloop
 endfacet
 facet normal -0.8573518 0.4340047 -0.2767451
  outer loop
   vertex 94.18359 -107.242 989.4467
   vertex 71.77385 -125.956 1029.524
   vertex 87.4329 -95.02243 1029.524
  endloop
 endfacet
 facet normal -0.9657765 0.1531109 -0.2093629
  outer loop
   vertex 103.0706 -51.18564 989.4467
   vertex 94.18359 -107.242 989.4467
   vertex 87.4329 -95.02243 1029.524
  endloop
 endfacet
 facet normal -0.9660598 0.1572656 -0.204929
  outer loop
   vertex 103.0706 -51.18564 989.4467
   vertex 87.4329 -95.02243 1029.524
   vertex 95.20902 -47.25486 1029.524
  endloop
 endfacet
 facet normal -0.9812983 -0 -0.1924935
  outer loop
   vertex 103.0706 51.18564 989.4467
   vertex 103.0706 -51.18564 989.4467
   vertex 95.20902 -47.25486 1029.524
  endloop
 endfacet
 facet normal -0.9812983 0 -0.1924935
  outer loop
   vertex 103.0706 51.18564 989.4467
   vertex 95.20902 -47.25486 1029.524
   vertex 95.20902 47.25486 1029.524
  endloop
 endfacet
 facet normal -0.9667565 -0.1532663 -0.2046735
  outer loop
   vertex 94.18359 107.242 989.4467
   vertex 103.0706 51.18564 989.4467
   vertex 95.20902 47.25486 1029.524
  endloop
 endfacet
 facet normal -0.9649079 -0.157078 -0.2104262
  outer loop
   vertex 94.18359 107.242 989.4467
   vertex 95.20902 47.25486 1029.524
   vertex 87.4329 95.02243 1029.524
  endloop
 endfacet
 facet normal -0.8685708 -0.4139127 -0.2725088
  outer loop
   vertex 76.38825 144.5845 989.4467
   vertex 94.18359 107.242 989.4467
   vertex 87.4329 95.02243 1029.524
  endloop
 endfacet
 facet normal -0.8515465 -0.431066 -0.2984134
  outer loop
   vertex 76.38825 144.5845 989.4467
   vertex 87.4329 95.02243 1029.524
   vertex 71.77385 125.956 1029.524
  endloop
 endfacet
 facet normal -0.5797553 -0.7113151 -0.3973848
  outer loop
   vertex 49.12912 166.802 989.4467
   vertex 76.38825 144.5845 989.4467
   vertex 71.77385 125.956 1029.524
  endloop
 endfacet
 facet normal -0.538503 -0.7230603 -0.4326643
  outer loop
   vertex 49.12912 166.802 989.4467
   vertex 71.77385 125.956 1029.524
   vertex 47.33463 144.1572 1029.524
  endloop
 endfacet
 facet normal -0.130229 -0.8607089 -0.4921592
  outer loop
   vertex -0.005680924 174.2363 989.4467
   vertex 49.12912 166.802 989.4467
   vertex 47.33463 144.1572 1029.524
  endloop
 endfacet
 facet normal -0.107657 -0.852028 -0.5123068
  outer loop
   vertex -0.005680924 174.2363 989.4467
   vertex 47.33463 144.1572 1029.524
   vertex -0.005680924 150.1389 1029.524
  endloop
 endfacet
 facet normal 0.1285926 -0.8498935 -0.5110234
  outer loop
   vertex -49.14048 166.802 989.4467
   vertex -0.005680924 174.2363 989.4467
   vertex -0.005680924 150.1389 1029.524
  endloop
 endfacet
 facet normal 0.1090858 -0.8633364 -0.4926971
  outer loop
   vertex -49.14048 166.802 989.4467
   vertex -0.005680924 150.1389 1029.524
   vertex -47.34599 144.1572 1029.524
  endloop
 endfacet
 facet normal 0.5725961 -0.7025314 -0.4225913
  outer loop
   vertex -76.39961 144.5845 989.4467
   vertex -49.14048 166.802 989.4467
   vertex -47.34599 144.1572 1029.524
  endloop
 endfacet
 facet normal 0.5464063 -0.7336723 -0.4039371
  outer loop
   vertex -76.39961 144.5845 989.4467
   vertex -47.34599 144.1572 1029.524
   vertex -71.78521 125.956 1029.524
  endloop
 endfacet
 facet normal 0.8637315 -0.4116066 -0.2907713
  outer loop
   vertex -94.19496 107.242 989.4467
   vertex -76.39961 144.5845 989.4467
   vertex -71.78521 125.956 1029.524
  endloop
 endfacet
 facet normal 0.8575063 -0.4334908 -0.2770715
  outer loop
   vertex -94.19496 107.242 989.4467
   vertex -71.78521 125.956 1029.524
   vertex -87.4229 95.02243 1029.524
  endloop
 endfacet
 facet normal 0.9659799 -0.1516706 -0.2094729
  outer loop
   vertex -102.9965 51.18564 989.4467
   vertex -94.19496 107.242 989.4467
   vertex -87.4229 95.02243 1029.524
  endloop
 endfacet
 facet normal 0.9662812 -0.1560051 -0.2048488
  outer loop
   vertex -102.9965 51.18564 989.4467
   vertex -87.4229 95.02243 1029.524
   vertex -95.13493 47.25486 1029.524
  endloop
 endfacet
 facet normal 0.9812983 0 -0.1924935
  outer loop
   vertex -102.9965 -51.18564 989.4467
   vertex -102.9965 51.18564 989.4467
   vertex -95.13493 47.25486 1029.524
  endloop
 endfacet
 facet normal 0.9812983 0 -0.1924935
  outer loop
   vertex -102.9965 -51.18564 989.4467
   vertex -95.13493 47.25486 1029.524
   vertex -95.13493 -47.25486 1029.524
  endloop
 endfacet
 facet normal 0.9670025 0.1518312 -0.204581
  outer loop
   vertex -94.19496 -107.242 989.4467
   vertex -102.9965 -51.18564 989.4467
   vertex -95.13493 -47.25486 1029.524
  endloop
 endfacet
 facet normal 0.9650791 0.1558111 -0.2105832
  outer loop
   vertex -94.19496 -107.242 989.4467
   vertex -95.13493 -47.25486 1029.524
   vertex -87.4229 -95.02243 1029.524
  endloop
 endfacet
 facet normal 0.8684611 0.4138605 -0.2729373
  outer loop
   vertex -76.39961 -144.5845 989.4467
   vertex -94.19496 -107.242 989.4467
   vertex -87.4229 -95.02243 1029.524
  endloop
 endfacet
 facet normal 0.8518318 0.4306222 -0.29824
  outer loop
   vertex -76.39961 -144.5845 989.4467
   vertex -87.4229 -95.02243 1029.524
   vertex -71.78521 -125.956 1029.524
  endloop
 endfacet
 facet normal 0.5797553 0.7113151 -0.3973848
  outer loop
   vertex -49.14048 -166.802 989.4467
   vertex -76.39961 -144.5845 989.4467
   vertex -71.78521 -125.956 1029.524
  endloop
 endfacet
 facet normal 0.538503 0.7230603 -0.4326643
  outer loop
   vertex -49.14048 -166.802 989.4467
   vertex -71.78521 -125.956 1029.524
   vertex -47.34599 -144.1572 1029.524
  endloop
 endfacet
 facet normal 0.130229 0.8607089 -0.4921592
  outer loop
   vertex -0.005680924 -174.2363 989.4467
   vertex -49.14048 -166.802 989.4467
   vertex -47.34599 -144.1572 1029.524
  endloop
 endfacet
 facet normal 0.107657 0.852028 -0.5123068
  outer loop
   vertex -0.005680924 -174.2363 989.4467
   vertex -47.34599 -144.1572 1029.524
   vertex -0.005680924 -150.1389 1029.524
  endloop
 endfacet
 facet normal -0.05473628 0.4331986 -0.8996349
  outer loop
   vertex 47.33463 -144.1572 1029.524
   vertex -0.005680924 -150.1389 1029.524
   vertex -0.005680924 -98.0987 1054.582
  endloop
 endfacet
 facet normal -0.04972744 0.4373985 -0.8978918
  outer loop
   vertex 47.33463 -144.1572 1029.524
   vertex -0.005680924 -98.0987 1054.582
   vertex 36.82406 -93.91156 1054.582
  endloop
 endfacet
 facet normal -0.2830023 0.3799938 -0.880633
  outer loop
   vertex 71.77385 -125.956 1029.524
   vertex 47.33463 -144.1572 1029.524
   vertex 36.82406 -93.91156 1054.582
  endloop
 endfacet
 facet normal -0.2505499 0.4118628 -0.8761243
  outer loop
   vertex 71.77385 -125.956 1029.524
   vertex 36.82406 -93.91156 1054.582
   vertex 57.33249 -81.43559 1054.582
  endloop
 endfacet
 facet normal -0.5396476 0.2731779 -0.7963381
  outer loop
   vertex 87.4329 -95.02243 1029.524
   vertex 71.77385 -125.956 1029.524
   vertex 57.33249 -81.43559 1054.582
  endloop
 endfacet
 facet normal -0.5145279 0.3241944 -0.7938256
  outer loop
   vertex 87.4329 -95.02243 1029.524
   vertex 57.33249 -81.43559 1054.582
   vertex 70.57753 -60.41444 1054.582
  endloop
 endfacet
 facet normal -0.7388306 0.1202747 -0.6630711
  outer loop
   vertex 95.20902 -47.25486 1029.524
   vertex 87.4329 -95.02243 1029.524
   vertex 70.57753 -60.41444 1054.582
  endloop
 endfacet
 facet normal -0.7442717 0.1569005 -0.6491855
  outer loop
   vertex 95.20902 -47.25486 1029.524
   vertex 70.57753 -60.41444 1054.582
   vertex 77.24277 -28.79727 1054.582
  endloop
 endfacet
 facet normal -0.8127023 -0 -0.5826791
  outer loop
   vertex 95.20902 47.25486 1029.524
   vertex 95.20902 -47.25486 1029.524
   vertex 77.24277 -28.79727 1054.582
  endloop
 endfacet
 facet normal -0.8127023 0 -0.5826791
  outer loop
   vertex 95.20902 47.25486 1029.524
   vertex 77.24277 -28.79727 1054.582
   vertex 77.24277 28.79727 1054.582
  endloop
 endfacet
 facet normal -0.7609777 -0.1238801 -0.6368411
  outer loop
   vertex 87.4329 95.02243 1029.524
   vertex 95.20902 47.25486 1029.524
   vertex 77.24277 28.79727 1054.582
  endloop
 endfacet
 facet normal -0.7118723 -0.1500704 -0.686088
  outer loop
   vertex 87.4329 95.02243 1029.524
   vertex 77.24277 28.79727 1054.582
   vertex 70.57753 60.41444 1054.582
  endloop
 endfacet
 facet normal -0.5645154 -0.2857664 -0.7743771
  outer loop
   vertex 71.77385 125.956 1029.524
   vertex 87.4329 95.02243 1029.524
   vertex 70.57753 60.41444 1054.582
  endloop
 endfacet
 facet normal -0.4837925 -0.3048286 -0.8203806
  outer loop
   vertex 71.77385 125.956 1029.524
   vertex 70.57753 60.41444 1054.582
   vertex 57.33249 81.43559 1054.582
  endloop
 endfacet
 facet normal -0.2939221 -0.394656 -0.8705495
  outer loop
   vertex 47.33463 144.1572 1029.524
   vertex 71.77385 125.956 1029.524
   vertex 57.33249 81.43559 1054.582
  endloop
 endfacet
 facet normal -0.2389961 -0.3928704 -0.8879942
  outer loop
   vertex 47.33463 144.1572 1029.524
   vertex 57.33249 81.43559 1054.582
   vertex 36.82406 93.91156 1054.582
  endloop
 endfacet
 facet normal -0.0551359 -0.4363613 -0.8980807
  outer loop
   vertex -0.005680924 150.1389 1029.524
   vertex 47.33463 144.1572 1029.524
   vertex 36.82406 93.91156 1054.582
  endloop
 endfacet
 facet normal -0.04926401 -0.4333222 -0.8998916
  outer loop
   vertex -0.005680924 150.1389 1029.524
   vertex 36.82406 93.91156 1054.582
   vertex -0.005680924 98.0987 1054.582
  endloop
 endfacet
 facet normal 0.05473628 -0.4331986 -0.8996349
  outer loop
   vertex -47.34599 144.1572 1029.524
   vertex -0.005680924 150.1389 1029.524
   vertex -0.005680924 98.0987 1054.582
  endloop
 endfacet
 facet normal 0.04972744 -0.4373985 -0.8978918
  outer loop
   vertex -47.34599 144.1572 1029.524
   vertex -0.005680924 98.0987 1054.582
   vertex -36.83542 93.91156 1054.582
  endloop
 endfacet
 facet normal 0.2830023 -0.3799938 -0.880633
  outer loop
   vertex -71.78521 125.956 1029.524
   vertex -47.34599 144.1572 1029.524
   vertex -36.83542 93.91156 1054.582
  endloop
 endfacet
 facet normal 0.2505499 -0.4118628 -0.8761243
  outer loop
   vertex -71.78521 125.956 1029.524
   vertex -36.83542 93.91156 1054.582
   vertex -57.34386 81.43559 1054.582
  endloop
 endfacet
 facet normal 0.5399872 -0.272977 -0.7961767
  outer loop
   vertex -87.4229 95.02243 1029.524
   vertex -71.78521 125.956 1029.524
   vertex -57.34386 81.43559 1054.582
  endloop
 endfacet
 facet normal 0.5147071 -0.3243073 -0.7936633
  outer loop
   vertex -87.4229 95.02243 1029.524
   vertex -57.34386 81.43559 1054.582
   vertex -70.58889 60.41444 1054.582
  endloop
 endfacet
 facet normal 0.7398984 -0.1194559 -0.6620277
  outer loop
   vertex -95.13493 47.25486 1029.524
   vertex -87.4229 95.02243 1029.524
   vertex -70.58889 60.41444 1054.582
  endloop
 endfacet
 facet normal 0.7454987 -0.1571592 -0.6477135
  outer loop
   vertex -95.13493 47.25486 1029.524
   vertex -70.58889 60.41444 1054.582
   vertex -77.25413 28.79727 1054.582
  endloop
 endfacet
 facet normal 0.8140147 0 -0.5808443
  outer loop
   vertex -95.13493 -47.25486 1029.524
   vertex -95.13493 47.25486 1029.524
   vertex -77.25413 28.79727 1054.582
  endloop
 endfacet
 facet normal 0.8140147 0 -0.5808443
  outer loop
   vertex -95.13493 -47.25486 1029.524
   vertex -77.25413 28.79727 1054.582
   vertex -77.25413 -28.79727 1054.582
  endloop
 endfacet
 facet normal 0.7626972 0.1231367 -0.6349255
  outer loop
   vertex -87.4229 -95.02243 1029.524
   vertex -95.13493 -47.25486 1029.524
   vertex -77.25413 -28.79727 1054.582
  endloop
 endfacet
 facet normal 0.7121687 0.1501329 -0.6857666
  outer loop
   vertex -87.4229 -95.02243 1029.524
   vertex -77.25413 -28.79727 1054.582
   vertex -70.58889 -60.41444 1054.582
  endloop
 endfacet
 facet normal 0.5650244 0.2856339 -0.7740547
  outer loop
   vertex -71.78521 -125.956 1029.524
   vertex -87.4229 -95.02243 1029.524
   vertex -70.58889 -60.41444 1054.582
  endloop
 endfacet
 facet normal 0.4837925 0.3048286 -0.8203806
  outer loop
   vertex -71.78521 -125.956 1029.524
   vertex -70.58889 -60.41444 1054.582
   vertex -57.34386 -81.43559 1054.582
  endloop
 endfacet
 facet normal 0.2939221 0.394656 -0.8705495
  outer loop
   vertex -47.34599 -144.1572 1029.524
   vertex -71.78521 -125.956 1029.524
   vertex -57.34386 -81.43559 1054.582
  endloop
 endfacet
 facet normal 0.2389961 0.3928704 -0.8879942
  outer loop
   vertex -47.34599 -144.1572 1029.524
   vertex -57.34386 -81.43559 1054.582
   vertex -36.83542 -93.91156 1054.582
  endloop
 endfacet
 facet normal 0.0551359 0.4363613 -0.8980807
  outer loop
   vertex -0.005680924 -150.1389 1029.524
   vertex -47.34599 -144.1572 1029.524
   vertex -36.83542 -93.91156 1054.582
  endloop
 endfacet
 facet normal 0.04926401 0.4333222 -0.8998916
  outer loop
   vertex -0.005680924 -150.1389 1029.524
   vertex -36.83542 -93.91156 1054.582
   vertex -0.005680924 -98.0987 1054.582
  endloop
 endfacet
 facet normal 0 0 1
  outer loop
   vertex -0.005680924 -0 408.7588
   vertex -0.005680924 -150.1389 408.7588
   vertex 49.89818 -143.0464 408.7588
  endloop
 endfacet
 facet normal 0 0 1
  outer loop
   vertex -0.005680924 -0 408.7588
   vertex 49.89818 -143.0464 408.7588
   vertex 81.60081 -122.0252 408.7588
  endloop
 endfacet
 facet normal 0 0 1
  outer loop
   vertex -0.005680924 -0 408.7588
   vertex 81.60081 -122.0252 408.7588
   vertex 102.8997 -87.41722 408.7588
  endloop
 endfacet
 facet normal 0 0 1
  outer loop
   vertex -0.005680924 -0 408.7588
   vertex 102.8997 -87.41722 408.7588
   vertex 113.7521 -38.36787 408.7588
  endloop
 endfacet
 facet normal -0 0 1
  outer loop
   vertex -0.005680924 -0 408.7588
   vertex 113.7521 -38.36787 408.7588
   vertex 113.7521 38.36787 408.7588
  endloop
 endfacet
 facet normal 0 0 1
  outer loop
   vertex -0.005680924 -0 408.7588
   vertex 113.7521 38.36787 408.7588
   vertex 102.8997 87.41722 408.7588
  endloop
 endfacet
 facet normal 0 0 1
  outer loop
   vertex -0.005680924 -0 408.7588
   vertex 102.8997 87.41722 408.7588
   vertex 81.60081 122.0252 408.7588
  endloop
 endfacet
 facet normal 0 0 1
  outer loop
   vertex -0.005680924 -0 408.7588
   vertex 81.60081 122.0252 408.7588
   vertex 49.89818 143.0464 408.7588
  endloop
 endfacet
 facet normal 0 0 1
  outer loop
   vertex -0.005680924 -0 408.7588
   vertex 49.89818 143.0464 408.7588
   vertex -0.005680924 150.1389 408.7588
  endloop
 endfacet
 facet normal 0 -0 1
  outer loop
   vertex -0.005680924 -0 408.7588
   vertex -0.005680924 150.1389 408.7588
   vertex -49.82409 143.0464 408.7588
  endloop
 endfacet
 facet normal 0 0 1
  outer loop
   vertex -0.005680924 -0 408.7588
   vertex -49.82409 143.0464 408.7588
   vertex -81.52672 122.0252 408.7588
  endloop
 endfacet
 facet normal 0 0 1
  outer loop
   vertex -0.005680924 -0 408.7588
   vertex -81.52672 122.0252 408.7588
   vertex -102.911 87.41722 408.7588
  endloop
 endfacet
 facet normal 0 0 1
  outer loop
   vertex -0.005680924 -0 408.7588
   vertex -102.911 87.41722 408.7588
   vertex -113.7634 38.36787 408.7588
  endloop
 endfacet
 facet normal 0 0 1
  outer loop
   vertex -0.005680924 -0 408.7588
   vertex -113.7634 38.36787 408.7588
   vertex -113.7634 -38.36787 408.7588
  endloop
 endfacet
 facet normal 0 0 1
  outer loop
   vertex -0.005680924 -0 408.7588
   vertex -113.7634 -38.36787 408.7588
   vertex -102.911 -87.41722 408.7588
  endloop
 endfacet
 facet normal 0 0 1
  outer loop
   vertex -0.005680924 -0 408.7588
   vertex -102.911 -87.41722 408.7588
   vertex -81.52672 -122.0252 408.7588
  endloop
 endfacet
 facet normal 0 0 1
  outer loop
   vertex -0.005680924 -0 408.7588
   vertex -81.52672 -122.0252 408.7588
   vertex -49.82409 -143.0464 408.7588
  endloop
 endfacet
 facet normal 0 0 1
  outer loop
   vertex -0.005680924 -0 408.7588
   vertex -49.82409 -143.0464 408.7588
   vertex -0.005680924 -150.1389 408.7588
  endloop
 endfacet
 facet normal 0 0 -1
  outer loop
   vertex -0.005680924 -0 1054.582
   vertex 36.82406 -93.91156 1054.582
   vertex -0.005680924 -98.0987 1054.582
  endloop
 endfacet
 facet normal 0 0 -1
  outer loop
   vertex -0.005680924 -0 1054.582
   vertex 57.33249 -81.43559 1054.582
   vertex 36.82406 -93.91156 1054.582
  endloop
 endfacet
 facet normal 0 0 -1
  outer loop
   vertex -0.005680924 -0 1054.582
   vertex 70.57753 -60.41444 1054.582
   vertex 57.33249 -81.43559 1054.582
  endloop
 endfacet
 facet normal 0 0 -1
  outer loop
   vertex -0.005680924 -0 1054.582
   vertex 77.24277 -28.79727 1054.582
   vertex 70.57753 -60.41444 1054.582
  endloop
 endfacet
 facet normal 0 0 -1
  outer loop
   vertex -0.005680924 -0 1054.582
   vertex 77.24277 28.79727 1054.582
   vertex 77.24277 -28.79727 1054.582
  endloop
 endfacet
 facet normal 0 0 -1
  outer loop
   vertex -0.005680924 -0 1054.582
   vertex 70.57753 60.41444 1054.582
   vertex 77.24277 28.79727 1054.582
  endloop
 endfacet
 facet normal 0 0 -1
  outer loop
   vertex -0.005680924 -0 1054.582
   vertex 57.33249 81.43559 1054.582
   vertex 70.57753 60.41444 1054.582
  endloop
 endfacet
 facet normal 0 0 -1
  outer loop
   vertex -0.005680924 -0 1054.582
   vertex 36.82406 93.91156 1054.582
   vertex 57.33249 81.43559 1054.582
  endloop
 endfacet
 facet normal 0 0 -1
  outer loop
   vertex -0.005680924 -0 1054.582
   vertex -0.005680924 98.0987 1054.582
   vertex 36.82406 93.91156 1054.582
  endloop
 endfacet
 facet normal 0 0 -1
  outer loop
   vertex -0.005680924 -0 1054.582
   vertex -36.83542 93.91156 1054.582
   vertex -0.005680924 98.0987 1054.582
  endloop
 endfacet
 facet normal 0 0 -1
  outer loop
   vertex -0.005680924 -0 1054.582
   vertex -57.34386 81.43559 1054.582
   vertex -36.83542 93.91156 1054.582
  endloop
 endfacet
 facet normal 0 0 -1
  outer loop
   vertex -0.005680924 -0 1054.582
   vertex -70.58889 60.41444 1054.582
   vertex -57.34386 81.43559 1054.582
  endloop
 endfacet
 facet normal 0 0 -1
  outer loop
   vertex -0.005680924 -0 1054.582
   vertex -77.25413 28.79727 1054.582
   vertex -70.58889 60.41444 1054.582
  endloop
 endfacet
 facet normal -0 0 -1
  outer loop
   vertex -0.005680924 -0 1054.582
   vertex -77.25413 -28.79727 1054.582
   vertex -77.25413 28.79727 1054.582
  endloop
 endfacet
 facet normal 0 0 -1
  outer loop
   vertex -0.005680924 -0 1054.582
   vertex -70.58889 -60.41444 1054.582
   vertex -77.25413 -28.79727 1054.582
  endloop
 endfacet
 facet normal 0 0 -1
  outer loop
   vertex -0.005680924 -0 1054.582
   vertex -57.34386 -81.43559 1054.582
   vertex -70.58889 -60.41444 1054.582
  endloop
 endfacet
 facet normal 0 0 -1
  outer loop
   vertex -0.005680924 -0 1054.582
   vertex -36.83542 -93.91156 1054.582
   vertex -57.34386 -81.43559 1054.582
  endloop
 endfacet
 facet normal 0 -0 -1
  outer loop
   vertex -0.005680924 -0 1054.582
   vertex -0.005680924 -98.0987 1054.582
   vertex -36.83542 -93.91156 1054.582
  endloop
 endfacet
 facet normal -0.3022339 0.7598718 -0.5755427
  outer loop
   vertex 28.27887 -56.48366 1016.962
   vertex -0.005680924 -62.03803 1024.482
   vertex 4.010555 -49.04935 1039.521
  endloop
 endfacet
 facet normal -0.2167057 0.8337281 -0.5078741
  outer loop
   vertex 28.27887 -56.48366 1016.962
   vertex 4.010555 -49.04935 1039.521
   vertex 26.56984 -44.43495 1037.471
  endloop
 endfacet
 facet normal -0.6317223 0.6442427 -0.4311361
  outer loop
   vertex 48.1037 -40.58962 1011.664
   vertex 28.27887 -56.48366 1016.962
   vertex 26.56984 -44.43495 1037.471
  endloop
 endfacet
 facet normal -0.5873674 0.7124409 -0.3839628
  outer loop
   vertex 48.1037 -40.58962 1011.664
   vertex 26.56984 -44.43495 1037.471
   vertex 43.4893 -31.36082 1035.847
  endloop
 endfacet
 facet normal -0.8884134 0.346071 -0.3015901
  outer loop
   vertex 58.61427 -16.06494 1008.844
   vertex 48.1037 -40.58962 1011.664
   vertex 43.4893 -31.36082 1035.847
  endloop
 endfacet
 facet normal -0.877505 0.399592 -0.2651627
  outer loop
   vertex 58.61427 -16.06494 1008.844
   vertex 43.4893 -31.36082 1035.847
   vertex 52.63264 -11.79235 1035.078
  endloop
 endfacet
 facet normal -0.9749766 -0 -0.2223074
  outer loop
   vertex 58.61427 16.06494 1008.844
   vertex 58.61427 -16.06494 1008.844
   vertex 52.63264 -11.79235 1035.078
  endloop
 endfacet
 facet normal -0.9749766 0 -0.2223074
  outer loop
   vertex 58.61427 16.06494 1008.844
   vertex 52.63264 -11.79235 1035.078
   vertex 52.63264 11.79235 1035.078
  endloop
 endfacet
 facet normal -0.8975007 -0.3544747 -0.2623739
  outer loop
   vertex 48.1037 40.58962 1011.664
   vertex 58.61427 16.06494 1008.844
   vertex 52.63264 11.79235 1035.078
  endloop
 endfacet
 facet normal -0.8646991 -0.3916707 -0.3144671
  outer loop
   vertex 48.1037 40.58962 1011.664
   vertex 52.63264 11.79235 1035.078
   vertex 43.4893 31.36082 1035.847
  endloop
 endfacet
 facet normal -0.6385236 -0.6705284 -0.3777291
  outer loop
   vertex 28.27887 56.48366 1016.962
   vertex 48.1037 40.58962 1011.664
   vertex 43.4893 31.36082 1035.847
  endloop
 endfacet
 facet normal -0.5726201 -0.6851269 -0.4502304
  outer loop
   vertex 28.27887 56.48366 1016.962
   vertex 43.4893 31.36082 1035.847
   vertex 26.56984 44.43495 1037.471
  endloop
 endfacet
 facet normal -0.293284 -0.8134211 -0.5023252
  outer loop
   vertex -0.005680924 62.03803 1024.482
   vertex 28.27887 56.48366 1016.962
   vertex 26.56984 44.43495 1037.471
  endloop
 endfacet
 facet normal -0.2119367 -0.7669168 -0.6057405
  outer loop
   vertex -0.005680924 62.03803 1024.482
   vertex 26.56984 44.43495 1037.471
   vertex 4.010555 49.04935 1039.521
  endloop
 endfacet
 facet normal -0.0254124 -0.7599256 -0.6495131
  outer loop
   vertex -28.29024 56.48366 1032.087
   vertex -0.005680924 62.03803 1024.482
   vertex 4.010555 49.04935 1039.521
  endloop
 endfacet
 facet normal 0.04833998 -0.5934149 -0.8034438
  outer loop
   vertex -28.29024 56.48366 1032.087
   vertex 4.010555 49.04935 1039.521
   vertex -18.54873 44.43495 1041.572
  endloop
 endfacet
 facet normal 0.1881281 -0.5090939 -0.8398995
  outer loop
   vertex -48.02961 40.58962 1037.3
   vertex -28.29024 56.48366 1032.087
   vertex -18.54873 44.43495 1041.572
  endloop
 endfacet
 facet normal 0.1785836 -0.3455136 -0.9212645
  outer loop
   vertex -48.02961 40.58962 1037.3
   vertex -18.54873 44.43495 1041.572
   vertex -35.46819 31.36082 1043.196
  endloop
 endfacet
 facet normal 0.2732158 -0.2255684 -0.9351321
  outer loop
   vertex -58.62563 16.06494 1040.12
   vertex -48.02961 40.58962 1037.3
   vertex -35.46819 31.36082 1043.196
  endloop
 endfacet
 facet normal 0.2252322 -0.1472965 -0.9631065
  outer loop
   vertex -58.62563 16.06494 1040.12
   vertex -35.46819 31.36082 1043.196
   vertex -44.61153 11.79235 1044.05
  endloop
 endfacet
 facet normal 0.2700654 0 -0.962842
  outer loop
   vertex -58.62563 -16.06494 1040.12
   vertex -58.62563 16.06494 1040.12
   vertex -44.61153 11.79235 1044.05
  endloop
 endfacet
 facet normal 0.2700654 0 -0.962842
  outer loop
   vertex -58.62563 -16.06494 1040.12
   vertex -44.61153 11.79235 1044.05
   vertex -44.61153 -11.79235 1044.05
  endloop
 endfacet
 facet normal 0.2076645 0.1998268 -0.9575723
  outer loop
   vertex -48.02961 -40.58962 1037.3
   vertex -58.62563 -16.06494 1040.12
   vertex -44.61153 -11.79235 1044.05
  endloop
 endfacet
 facet normal 0.3043295 0.1830195 -0.9348195
  outer loop
   vertex -48.02961 -40.58962 1037.3
   vertex -44.61153 -11.79235 1044.05
   vertex -35.46819 -31.36082 1043.196
  endloop
 endfacet
 facet normal 0.1072195 0.4275391 -0.8976159
  outer loop
   vertex -28.29024 -56.48366 1032.087
   vertex -48.02961 -40.58962 1037.3
   vertex -35.46819 -31.36082 1043.196
  endloop
 endfacet
 facet normal 0.2681707 0.4526505 -0.850407
  outer loop
   vertex -28.29024 -56.48366 1032.087
   vertex -35.46819 -31.36082 1043.196
   vertex -18.54873 -44.43495 1041.572
  endloop
 endfacet
 facet normal -0.07431596 0.6532531 -0.7534836
  outer loop
   vertex -0.005680924 -62.03803 1024.482
   vertex -28.29024 -56.48366 1032.087
   vertex -18.54873 -44.43495 1041.572
  endloop
 endfacet
 facet normal 0.09123666 0.7414848 -0.6647376
  outer loop
   vertex -0.005680924 -62.03803 1024.482
   vertex -18.54873 -44.43495 1041.572
   vertex 4.010555 -49.04935 1039.521
  endloop
 endfacet
 facet normal -0.2029584 0.9787143 -0.03043477
  outer loop
   vertex 26.56984 -44.43495 1037.471
   vertex 4.010555 -49.04935 1039.521
   vertex 5.975947 -47.08396 1089.618
  endloop
 endfacet
 facet normal -0.2008353 0.9791785 -0.02957277
  outer loop
   vertex 26.56984 -44.43495 1037.471
   vertex 5.975947 -47.08396 1089.618
   vertex 27.76616 -42.64046 1088.763
  endloop
 endfacet
 facet normal -0.6121964 0.7905925 -0.01338058
  outer loop
   vertex 43.4893 -31.36082 1035.847
   vertex 26.56984 -44.43495 1037.471
   vertex 27.76616 -42.64046 1088.763
  endloop
 endfacet
 facet normal -0.6122191 0.7905748 -0.0133911
  outer loop
   vertex 43.4893 -31.36082 1035.847
   vertex 27.76616 -42.64046 1088.763
   vertex 44.00201 -30.07904 1088.079
  endloop
 endfacet
 facet normal -0.9060024 0.4232699 -0.001493717
  outer loop
   vertex 52.63264 -11.79235 1035.078
   vertex 43.4893 -31.36082 1035.847
   vertex 44.00201 -30.07904 1088.079
  endloop
 endfacet
 facet normal -0.9040706 0.4273832 0.0002400205
  outer loop
   vertex 52.63264 -11.79235 1035.078
   vertex 44.00201 -30.07904 1088.079
   vertex 52.889 -11.27964 1087.738
  endloop
 endfacet
 facet normal -0.9999882 0 0.004868096
  outer loop
   vertex 52.63264 11.79235 1035.078
   vertex 52.63264 -11.79235 1035.078
   vertex 52.889 -11.27964 1087.738
  endloop
 endfacet
 facet normal -0.9999882 0 0.004868096
  outer loop
   vertex 52.63264 11.79235 1035.078
   vertex 52.889 -11.27964 1087.738
   vertex 52.889 11.27964 1087.738
  endloop
 endfacet
 facet normal -0.9059765 -0.4233279 0.0002887825
  outer loop
   vertex 43.4893 31.36082 1035.847
   vertex 52.63264 11.79235 1035.078
   vertex 52.889 11.27964 1087.738
  endloop
 endfacet
 facet normal -0.9040824 -0.4273551 -0.001612813
  outer loop
   vertex 43.4893 31.36082 1035.847
   vertex 52.889 11.27964 1087.738
   vertex 44.00201 30.07904 1088.079
  endloop
 endfacet
 facet normal -0.612197 -0.7905919 -0.01339173
  outer loop
   vertex 26.56984 44.43495 1037.471
   vertex 43.4893 31.36082 1035.847
   vertex 44.00201 30.07904 1088.079
  endloop
 endfacet
 facet normal -0.6122189 -0.7905751 -0.01337945
  outer loop
   vertex 26.56984 44.43495 1037.471
   vertex 44.00201 30.07904 1088.079
   vertex 27.76616 42.64046 1088.763
  endloop
 endfacet
 facet normal -0.2028833 -0.9787581 -0.0295103
  outer loop
   vertex 4.010555 49.04935 1039.521
   vertex 26.56984 44.43495 1037.471
   vertex 27.76616 42.64046 1088.763
  endloop
 endfacet
 facet normal -0.2008657 -0.9791428 -0.03053368
  outer loop
   vertex 4.010555 49.04935 1039.521
   vertex 27.76616 42.64046 1088.763
   vertex 5.975947 47.08396 1089.618
  endloop
 endfacet
 facet normal 0.1961566 -0.9794872 -0.04612334
  outer loop
   vertex -18.54873 44.43495 1041.572
   vertex 4.010555 49.04935 1039.521
   vertex 5.975947 47.08396 1089.618
  endloop
 endfacet
 facet normal 0.1985489 -0.9789454 -0.04737434
  outer loop
   vertex -18.54873 44.43495 1041.572
   vertex 5.975947 47.08396 1089.618
   vertex -15.72882 42.64046 1090.472
  endloop
 endfacet
 facet normal 0.6063361 -0.7926246 -0.06405279
  outer loop
   vertex -35.46819 31.36082 1043.196
   vertex -18.54873 44.43495 1041.572
   vertex -15.72882 42.64046 1090.472
  endloop
 endfacet
 facet normal 0.6088734 -0.7905497 -0.06560723
  outer loop
   vertex -35.46819 31.36082 1043.196
   vertex -15.72882 42.64046 1090.472
   vertex -31.96466 30.07904 1091.156
  endloop
 endfacet
 facet normal 0.9019761 -0.4248205 -0.07724424
  outer loop
   vertex -44.61153 11.79235 1044.05
   vertex -35.46819 31.36082 1043.196
   vertex -31.96466 30.07904 1091.156
  endloop
 endfacet
 facet normal 0.9009222 -0.4272725 -0.07600939
  outer loop
   vertex -44.61153 11.79235 1044.05
   vertex -31.96466 30.07904 1091.156
   vertex -40.85165 11.27964 1091.498
  endloop
 endfacet
 facet normal 0.9968749 0 -0.07899594
  outer loop
   vertex -44.61153 -11.79235 1044.05
   vertex -44.61153 11.79235 1044.05
   vertex -40.85165 11.27964 1091.498
  endloop
 endfacet
 facet normal 0.9968749 0 -0.07899594
  outer loop
   vertex -44.61153 -11.79235 1044.05
   vertex -40.85165 11.27964 1091.498
   vertex -40.85165 -11.27964 1091.498
  endloop
 endfacet
 facet normal 0.9020773 0.4248167 -0.07607438
  outer loop
   vertex -35.46819 -31.36082 1043.196
   vertex -44.61153 -11.79235 1044.05
   vertex -40.85165 -11.27964 1091.498
  endloop
 endfacet
 facet normal 0.9008292 0.4272506 -0.0772254
  outer loop
   vertex -35.46819 -31.36082 1043.196
   vertex -40.85165 -11.27964 1091.498
   vertex -31.96466 -30.07904 1091.156
  endloop
 endfacet
 facet normal 0.6061948 0.7926172 -0.0654668
  outer loop
   vertex -18.54873 -44.43495 1041.572
   vertex -35.46819 -31.36082 1043.196
   vertex -31.96466 -30.07904 1091.156
  endloop
 endfacet
 facet normal 0.6089711 0.7905956 -0.06413029
  outer loop
   vertex -18.54873 -44.43495 1041.572
   vertex -31.96466 -30.07904 1091.156
   vertex -15.72882 -42.64046 1090.472
  endloop
 endfacet
 facet normal 0.1960478 0.9794554 -0.04724882
  outer loop
   vertex 4.010555 -49.04935 1039.521
   vertex -18.54873 -44.43495 1041.572
   vertex -15.72882 -42.64046 1090.472
  endloop
 endfacet
 facet normal 0.1986043 0.9789902 -0.04619987
  outer loop
   vertex 4.010555 -49.04935 1039.521
   vertex -15.72882 -42.64046 1090.472
   vertex 5.975947 -47.08396 1089.618
  endloop
 endfacet
 facet normal 0.2569357 0 0.9664285
  outer loop
   vertex -0.005680924 -0 1024.482
   vertex -0.005680924 -62.03803 1024.482
   vertex 28.27887 -56.48366 1016.962
  endloop
 endfacet
 facet normal 0.2578243 0.0004765367 0.9661917
  outer loop
   vertex -0.005680924 -0 1024.482
   vertex 28.27887 -56.48366 1016.962
   vertex 48.1037 -40.58962 1011.664
  endloop
 endfacet
 facet normal 0.2578952 0.0005665131 0.9661727
  outer loop
   vertex -0.005680924 -0 1024.482
   vertex 48.1037 -40.58962 1011.664
   vertex 58.61427 -16.06494 1008.844
  endloop
 endfacet
 facet normal 0.2577503 0 0.9662116
  outer loop
   vertex -0.005680924 -0 1024.482
   vertex 58.61427 -16.06494 1008.844
   vertex 58.61427 16.06494 1008.844
  endloop
 endfacet
 facet normal 0.2578952 -0.0005665131 0.9661727
  outer loop
   vertex -0.005680924 -0 1024.482
   vertex 58.61427 16.06494 1008.844
   vertex 48.1037 40.58962 1011.664
  endloop
 endfacet
 facet normal 0.2578243 -0.0004765367 0.9661917
  outer loop
   vertex -0.005680924 -0 1024.482
   vertex 48.1037 40.58962 1011.664
   vertex 28.27887 56.48366 1016.962
  endloop
 endfacet
 facet normal 0.2569357 -0 0.9664285
  outer loop
   vertex -0.005680924 -0 1024.482
   vertex 28.27887 56.48366 1016.962
   vertex -0.005680924 62.03803 1024.482
  endloop
 endfacet
 facet normal 0.2596596 -0 0.9657002
  outer loop
   vertex -0.005680924 -0 1024.482
   vertex -0.005680924 62.03803 1024.482
   vertex -28.29024 56.48366 1032.087
  endloop
 endfacet
 facet normal 0.2565663 -0.001660068 0.9665252
  outer loop
   vertex -0.005680924 -0 1024.482
   vertex -28.29024 56.48366 1032.087
   vertex -48.02961 40.58962 1037.3
  endloop
 endfacet
 facet normal 0.2576897 -0.000236956 0.9662277
  outer loop
   vertex -0.005680924 -0 1024.482
   vertex -48.02961 40.58962 1037.3
   vertex -58.62563 16.06494 1040.12
  endloop
 endfacet
 facet normal 0.2577503 0 0.9662116
  outer loop
   vertex -0.005680924 -0 1024.482
   vertex -58.62563 16.06494 1040.12
   vertex -58.62563 -16.06494 1040.12
  endloop
 endfacet
 facet normal 0.2576897 0.000236956 0.9662277
  outer loop
   vertex -0.005680924 -0 1024.482
   vertex -58.62563 -16.06494 1040.12
   vertex -48.02961 -40.58962 1037.3
  endloop
 endfacet
 facet normal 0.2565663 0.001660068 0.9665252
  outer loop
   vertex -0.005680924 -0 1024.482
   vertex -48.02961 -40.58962 1037.3
   vertex -28.29024 -56.48366 1032.087
  endloop
 endfacet
 facet normal 0.2596596 0 0.9657002
  outer loop
   vertex -0.005680924 -0 1024.482
   vertex -28.29024 -56.48366 1032.087
   vertex -0.005680924 -62.03803 1024.482
  endloop
 endfacet
 facet normal -0.1578821 0.9867628 -0.0370457
  outer loop
   vertex 17.08468 -42.46956 1084.576
   vertex -0.005680924 -45.20402 1084.576
   vertex -0.005680924 -43.32408 1134.651
  endloop
 endfacet
 facet normal -0.1592818 0.9865196 -0.03752759
  outer loop
   vertex 17.08468 -42.46956 1084.576
   vertex -0.005680924 -43.32408 1134.651
   vertex 16.40107 -40.67507 1134.651
  endloop
 endfacet
 facet normal -0.4629186 0.8855835 -0.03805564
  outer loop
   vertex 32.12421 -34.60799 1084.576
   vertex 17.08468 -42.46956 1084.576
   vertex 16.40107 -40.67507 1134.651
  endloop
 endfacet
 facet normal -0.4636659 0.8851803 -0.03833911
  outer loop
   vertex 32.12421 -34.60799 1084.576
   vertex 16.40107 -40.67507 1134.651
   vertex 30.75698 -33.15531 1134.651
  endloop
 endfacet
 facet normal -0.7320303 0.6801133 -0.03971743
  outer loop
   vertex 43.31839 -22.55928 1084.576
   vertex 32.12421 -34.60799 1084.576
   vertex 30.75698 -33.15531 1134.651
  endloop
 endfacet
 facet normal -0.7304998 0.6817998 -0.03897661
  outer loop
   vertex 43.31839 -22.55928 1084.576
   vertex 30.75698 -33.15531 1134.651
   vertex 41.52391 -21.61931 1134.651
  endloop
 endfacet
 facet normal -0.9273533 0.3720196 -0.0402161
  outer loop
   vertex 49.21457 -7.861568 1084.576
   vertex 43.31839 -22.55928 1084.576
   vertex 41.52391 -21.61931 1134.651
  endloop
 endfacet
 facet normal -0.9277139 0.3710855 -0.04052811
  outer loop
   vertex 49.21457 -7.861568 1084.576
   vertex 41.52391 -21.61931 1134.651
   vertex 47.16373 -7.519761 1134.651
  endloop
 endfacet
 facet normal -0.9991624 -0 -0.04092133
  outer loop
   vertex 49.21457 7.861568 1084.576
   vertex 49.21457 -7.861568 1084.576
   vertex 47.16373 -7.519761 1134.651
  endloop
 endfacet
 facet normal -0.9991624 0 -0.04092133
  outer loop
   vertex 49.21457 7.861568 1084.576
   vertex 47.16373 -7.519761 1134.651
   vertex 47.16373 7.519761 1134.651
  endloop
 endfacet
 facet normal -0.9273419 -0.3720151 -0.04051922
  outer loop
   vertex 43.31839 22.55928 1084.576
   vertex 49.21457 7.861568 1084.576
   vertex 47.16373 7.519761 1134.651
  endloop
 endfacet
 facet normal -0.9277257 -0.3710903 -0.040212
  outer loop
   vertex 43.31839 22.55928 1084.576
   vertex 47.16373 7.519761 1134.651
   vertex 41.52391 21.61931 1134.651
  endloop
 endfacet
 facet normal -0.732051 -0.6801325 -0.0390009
  outer loop
   vertex 32.12421 34.60799 1084.576
   vertex 43.31839 22.55928 1084.576
   vertex 41.52391 21.61931 1134.651
  endloop
 endfacet
 facet normal -0.7304783 -0.6817797 -0.03972339
  outer loop
   vertex 32.12421 34.60799 1084.576
   vertex 41.52391 21.61931 1134.651
   vertex 30.75698 33.15531 1134.651
  endloop
 endfacet
 facet normal -0.4629138 -0.8855742 -0.03833
  outer loop
   vertex 17.08468 42.46956 1084.576
   vertex 32.12421 34.60799 1084.576
   vertex 30.75698 33.15531 1134.651
  endloop
 endfacet
 facet normal -0.4636709 -0.88519 -0.0380518
  outer loop
   vertex 17.08468 42.46956 1084.576
   vertex 30.75698 33.15531 1134.651
   vertex 16.40107 40.67507 1134.651
  endloop
 endfacet
 facet normal -0.1578793 -0.9867455 -0.03751653
  outer loop
   vertex -0.005680924 45.20402 1084.576
   vertex 17.08468 42.46956 1084.576
   vertex 16.40107 40.67507 1134.651
  endloop
 endfacet
 facet normal -0.1592847 -0.9865377 -0.03703725
  outer loop
   vertex -0.005680924 45.20402 1084.576
   vertex 16.40107 40.67507 1134.651
   vertex -0.005680924 43.32408 1134.651
  endloop
 endfacet
 facet normal 0.1578821 -0.9867628 -0.0370457
  outer loop
   vertex -17.09605 42.46956 1084.576
   vertex -0.005680924 45.20402 1084.576
   vertex -0.005680924 43.32408 1134.651
  endloop
 endfacet
 facet normal 0.1592818 -0.9865196 -0.03752759
  outer loop
   vertex -17.09605 42.46956 1084.576
   vertex -0.005680924 43.32408 1134.651
   vertex -16.41243 40.67507 1134.651
  endloop
 endfacet
 facet normal 0.4629186 -0.8855835 -0.03805564
  outer loop
   vertex -32.13557 34.60799 1084.576
   vertex -17.09605 42.46956 1084.576
   vertex -16.41243 40.67507 1134.651
  endloop
 endfacet
 facet normal 0.4636659 -0.8851803 -0.03833911
  outer loop
   vertex -32.13557 34.60799 1084.576
   vertex -16.41243 40.67507 1134.651
   vertex -30.76834 33.15531 1134.651
  endloop
 endfacet
 facet normal 0.7346233 -0.6773123 -0.03970697
  outer loop
   vertex -43.2443 22.55928 1084.576
   vertex -32.13557 34.60799 1084.576
   vertex -30.76834 33.15531 1134.651
  endloop
 endfacet
 facet normal 0.7332019 -0.6788906 -0.03901883
  outer loop
   vertex -43.2443 22.55928 1084.576
   vertex -30.76834 33.15531 1134.651
   vertex -41.44982 21.61931 1134.651
  endloop
 endfacet
 facet normal 0.9254816 -0.3766495 -0.04023594
  outer loop
   vertex -49.22593 7.861568 1084.576
   vertex -43.2443 22.55928 1084.576
   vertex -41.44982 21.61931 1134.651
  endloop
 endfacet
 facet normal 0.9257683 -0.375918 -0.04048142
  outer loop
   vertex -49.22593 7.861568 1084.576
   vertex -41.44982 21.61931 1134.651
   vertex -47.17509 7.519761 1134.651
  endloop
 endfacet
 facet normal 0.9991624 0 -0.04092133
  outer loop
   vertex -49.22593 -7.861568 1084.576
   vertex -49.22593 7.861568 1084.576
   vertex -47.17509 7.519761 1134.651
  endloop
 endfacet
 facet normal 0.9991624 0 -0.04092133
  outer loop
   vertex -49.22593 -7.861568 1084.576
   vertex -47.17509 7.519761 1134.651
   vertex -47.17509 -7.519761 1134.651
  endloop
 endfacet
 facet normal 0.9254727 0.3766459 -0.04047428
  outer loop
   vertex -43.2443 -22.55928 1084.576
   vertex -49.22593 -7.861568 1084.576
   vertex -47.17509 -7.519761 1134.651
  endloop
 endfacet
 facet normal 0.9257776 0.3759218 -0.04023288
  outer loop
   vertex -43.2443 -22.55928 1084.576
   vertex -47.17509 -7.519761 1134.651
   vertex -41.44982 -21.61931 1134.651
  endloop
 endfacet
 facet normal 0.7346426 0.6773301 -0.03904117
  outer loop
   vertex -32.13557 -34.60799 1084.576
   vertex -43.2443 -22.55928 1084.576
   vertex -41.44982 -21.61931 1134.651
  endloop
 endfacet
 facet normal 0.7331818 0.6788721 -0.03971286
  outer loop
   vertex -32.13557 -34.60799 1084.576
   vertex -41.44982 -21.61931 1134.651
   vertex -30.76834 -33.15531 1134.651
  endloop
 endfacet
 facet normal 0.4629138 0.8855742 -0.03833
  outer loop
   vertex -17.09605 -42.46956 1084.576
   vertex -32.13557 -34.60799 1084.576
   vertex -30.76834 -33.15531 1134.651
  endloop
 endfacet
 facet normal 0.4636709 0.88519 -0.0380518
  outer loop
   vertex -17.09605 -42.46956 1084.576
   vertex -30.76834 -33.15531 1134.651
   vertex -16.41243 -40.67507 1134.651
  endloop
 endfacet
 facet normal 0.1578793 0.9867455 -0.03751653
  outer loop
   vertex -0.005680924 -45.20402 1084.576
   vertex -17.09605 -42.46956 1084.576
   vertex -16.41243 -40.67507 1134.651
  endloop
 endfacet
 facet normal 0.1592847 0.9865377 -0.03703725
  outer loop
   vertex -0.005680924 -45.20402 1084.576
   vertex -16.41243 -40.67507 1134.651
   vertex -0.005680924 -43.32408 1134.651
  endloop
 endfacet
 facet normal -0.1574187 0.9749803 0.1569481
  outer loop
   vertex 16.40107 -40.67507 1134.651
   vertex -0.005680924 -43.32408 1134.651
   vertex -0.005680924 -48.9639 1169.686
  endloop
 endfacet
 facet normal -0.1572571 0.9749937 0.1570269
  outer loop
   vertex 16.40107 -40.67507 1134.651
   vertex -0.005680924 -48.9639 1169.686
   vertex 18.53737 -45.97308 1169.686
  endloop
 endfacet
 facet normal -0.4580176 0.8743973 0.1601538
  outer loop
   vertex 30.75698 -33.15531 1134.651
   vertex 16.40107 -40.67507 1134.651
   vertex 18.53737 -45.97308 1169.686
  endloop
 endfacet
 facet normal -0.4560478 0.8752433 0.1611504
  outer loop
   vertex 30.75698 -33.15531 1134.651
   vertex 18.53737 -45.97308 1169.686
   vertex 34.77321 -37.51335 1169.686
  endloop
 endfacet
 facet normal -0.720872 0.6728139 0.166328
  outer loop
   vertex 41.52391 -21.61931 1134.651
   vertex 30.75698 -33.15531 1134.651
   vertex 34.77321 -37.51335 1169.686
  endloop
 endfacet
 facet normal -0.7229076 0.6709339 0.1650829
  outer loop
   vertex 41.52391 -21.61931 1134.651
   vertex 34.77321 -37.51335 1169.686
   vertex 46.90737 -24.43922 1169.686
  endloop
 endfacet
 facet normal -0.9149542 0.3659817 0.1700476
  outer loop
   vertex 47.16373 -7.519761 1134.651
   vertex 41.52391 -21.61931 1134.651
   vertex 46.90737 -24.43922 1169.686
  endloop
 endfacet
 facet normal -0.9145527 0.3667992 0.1704453
  outer loop
   vertex 47.16373 -7.519761 1134.651
   vertex 46.90737 -24.43922 1169.686
   vertex 53.31626 -8.459731 1169.686
  endloop
 endfacet
 facet normal -0.9849283 0 0.172963
  outer loop
   vertex 47.16373 7.519761 1134.651
   vertex 47.16373 -7.519761 1134.651
   vertex 53.31626 -8.459731 1169.686
  endloop
 endfacet
 facet normal -0.9849283 0 0.172963
  outer loop
   vertex 47.16373 7.519761 1134.651
   vertex 53.31626 -8.459731 1169.686
   vertex 53.31626 8.459731 1169.686
  endloop
 endfacet
 facet normal -0.9148847 -0.3659539 0.170481
  outer loop
   vertex 41.52391 21.61931 1134.651
   vertex 47.16373 7.519761 1134.651
   vertex 53.31626 8.459731 1169.686
  endloop
 endfacet
 facet normal -0.914614 -0.3668238 0.1700631
  outer loop
   vertex 41.52391 21.61931 1134.651
   vertex 53.31626 8.459731 1169.686
   vertex 46.90737 24.43922 1169.686
  endloop
 endfacet
 facet normal -0.72104 -0.6729707 0.1649599
  outer loop
   vertex 30.75698 33.15531 1134.651
   vertex 41.52391 21.61931 1134.651
   vertex 46.90737 24.43922 1169.686
  endloop
 endfacet
 facet normal -0.7227586 -0.6707955 0.1662932
  outer loop
   vertex 30.75698 33.15531 1134.651
   vertex 46.90737 24.43922 1169.686
   vertex 34.77321 37.51335 1169.686
  endloop
 endfacet
 facet normal -0.4579354 -0.8742403 0.161242
  outer loop
   vertex 16.40107 40.67507 1134.651
   vertex 30.75698 33.15531 1134.651
   vertex 34.77321 37.51335 1169.686
  endloop
 endfacet
 facet normal -0.4561203 -0.8753824 0.1601871
  outer loop
   vertex 16.40107 40.67507 1134.651
   vertex 34.77321 37.51335 1169.686
   vertex 18.53737 45.97308 1169.686
  endloop
 endfacet
 facet normal -0.1574166 -0.9749671 0.1570326
  outer loop
   vertex -0.005680924 43.32408 1134.651
   vertex 16.40107 40.67507 1134.651
   vertex 18.53737 45.97308 1169.686
  endloop
 endfacet
 facet normal -0.1572589 -0.9750055 0.1569521
  outer loop
   vertex -0.005680924 43.32408 1134.651
   vertex 18.53737 45.97308 1169.686
   vertex -0.005680924 48.9639 1169.686
  endloop
 endfacet
 facet normal 0.1574187 -0.9749803 0.1569481
  outer loop
   vertex -16.41243 40.67507 1134.651
   vertex -0.005680924 43.32408 1134.651
   vertex -0.005680924 48.9639 1169.686
  endloop
 endfacet
 facet normal 0.1572571 -0.9749937 0.1570269
  outer loop
   vertex -16.41243 40.67507 1134.651
   vertex -0.005680924 48.9639 1169.686
   vertex -18.54873 45.97308 1169.686
  endloop
 endfacet
 facet normal 0.4580176 -0.8743973 0.1601538
  outer loop
   vertex -30.76834 33.15531 1134.651
   vertex -16.41243 40.67507 1134.651
   vertex -18.54873 45.97308 1169.686
  endloop
 endfacet
 facet normal 0.4560478 -0.8752433 0.1611504
  outer loop
   vertex -30.76834 33.15531 1134.651
   vertex -18.54873 45.97308 1169.686
   vertex -34.78457 37.51335 1169.686
  endloop
 endfacet
 facet normal 0.7235459 -0.6699499 0.1662783
  outer loop
   vertex -41.44982 21.61931 1134.651
   vertex -30.76834 33.15531 1134.651
   vertex -34.78457 37.51335 1169.686
  endloop
 endfacet
 facet normal 0.7226962 -0.6707376 0.1667973
  outer loop
   vertex -41.44982 21.61931 1134.651
   vertex -34.78457 37.51335 1169.686
   vertex -46.91873 24.43922 1169.686
  endloop
 endfacet
 facet normal 0.912672 -0.3706001 0.1722947
  outer loop
   vertex -47.17509 7.519761 1134.651
   vertex -41.44982 21.61931 1134.651
   vertex -46.91873 24.43922 1169.686
  endloop
 endfacet
 facet normal 0.9145527 -0.3667992 0.1704453
  outer loop
   vertex -47.17509 7.519761 1134.651
   vertex -46.91873 24.43922 1169.686
   vertex -53.32762 8.459731 1169.686
  endloop
 endfacet
 facet normal 0.9849283 -0 0.172963
  outer loop
   vertex -47.17509 -7.519761 1134.651
   vertex -47.17509 7.519761 1134.651
   vertex -53.32762 8.459731 1169.686
  endloop
 endfacet
 facet normal 0.9849283 0 0.172963
  outer loop
   vertex -47.17509 -7.519761 1134.651
   vertex -53.32762 8.459731 1169.686
   vertex -53.32762 -8.459731 1169.686
  endloop
 endfacet
 facet normal 0.9129969 0.3707321 0.1702776
  outer loop
   vertex -41.44982 -21.61931 1134.651
   vertex -47.17509 -7.519761 1134.651
   vertex -53.32762 -8.459731 1169.686
  endloop
 endfacet
 facet normal 0.914265 0.3666838 0.1722281
  outer loop
   vertex -41.44982 -21.61931 1134.651
   vertex -53.32762 -8.459731 1169.686
   vertex -46.91873 -24.43922 1169.686
  endloop
 endfacet
 facet normal 0.723475 0.6698843 0.1668502
  outer loop
   vertex -30.76834 -33.15531 1134.651
   vertex -41.44982 -21.61931 1134.651
   vertex -46.91873 -24.43922 1169.686
  endloop
 endfacet
 facet normal 0.7227586 0.6707955 0.1662932
  outer loop
   vertex -30.76834 -33.15531 1134.651
   vertex -46.91873 -24.43922 1169.686
   vertex -34.78457 -37.51335 1169.686
  endloop
 endfacet
 facet normal 0.4579354 0.8742403 0.161242
  outer loop
   vertex -16.41243 -40.67507 1134.651
   vertex -30.76834 -33.15531 1134.651
   vertex -34.78457 -37.51335 1169.686
  endloop
 endfacet
 facet normal 0.4561203 0.8753824 0.1601871
  outer loop
   vertex -16.41243 -40.67507 1134.651
   vertex -34.78457 -37.51335 1169.686
   vertex -18.54873 -45.97308 1169.686
  endloop
 endfacet
 facet normal 0.1574166 0.9749671 0.1570326
  outer loop
   vertex -0.005680924 -43.32408 1134.651
   vertex -16.41243 -40.67507 1134.651
   vertex -18.54873 -45.97308 1169.686
  endloop
 endfacet
 facet normal 0.1572589 0.9750055 0.1569521
  outer loop
   vertex -0.005680924 -43.32408 1134.651
   vertex -18.54873 -45.97308 1169.686
   vertex -0.005680924 -48.9639 1169.686
  endloop
 endfacet
 facet normal -0.1493148 0.9257515 0.3474036
  outer loop
   vertex 18.53737 -45.97308 1169.686
   vertex -0.005680924 -48.9639 1169.686
   vertex -0.005680924 -64.00342 1209.763
  endloop
 endfacet
 facet normal -0.1472004 0.9257267 0.3483707
  outer loop
   vertex 18.53737 -45.97308 1169.686
   vertex -0.005680924 -64.00342 1209.763
   vertex 24.17719 -60.15808 1209.763
  endloop
 endfacet
 facet normal -0.4321068 0.829296 0.354333
  outer loop
   vertex 34.77321 -37.51335 1169.686
   vertex 18.53737 -45.97308 1169.686
   vertex 24.17719 -60.15808 1209.763
  endloop
 endfacet
 facet normal -0.4313612 0.8295407 0.3546685
  outer loop
   vertex 34.77321 -37.51335 1169.686
   vertex 24.17719 -60.15808 1209.763
   vertex 45.54014 -49.04935 1209.763
  endloop
 endfacet
 facet normal -0.6822373 0.6331876 0.3655485
  outer loop
   vertex 46.90737 -24.43922 1169.686
   vertex 34.77321 -37.51335 1169.686
   vertex 45.54014 -49.04935 1209.763
  endloop
 endfacet
 facet normal -0.6834779 0.6322171 0.3649102
  outer loop
   vertex 46.90737 -24.43922 1169.686
   vertex 45.54014 -49.04935 1209.763
   vertex 61.34873 -31.95898 1209.763
  endloop
 endfacet
 facet normal -0.8604718 0.345109 0.3748173
  outer loop
   vertex 53.31626 -8.459731 1169.686
   vertex 46.90737 -24.43922 1169.686
   vertex 61.34873 -31.95898 1209.763
  endloop
 endfacet
 facet normal -0.8602334 0.3455036 0.3750009
  outer loop
   vertex 53.31626 -8.459731 1169.686
   vertex 61.34873 -31.95898 1209.763
   vertex 69.72301 -11.10874 1209.763
  endloop
 endfacet
 facet normal -0.9254526 0 0.3788633
  outer loop
   vertex 53.31626 8.459731 1169.686
   vertex 53.31626 -8.459731 1169.686
   vertex 69.72301 -11.10874 1209.763
  endloop
 endfacet
 facet normal -0.9254526 0 0.3788633
  outer loop
   vertex 53.31626 8.459731 1169.686
   vertex 69.72301 -11.10874 1209.763
   vertex 69.72301 11.10874 1209.763
  endloop
 endfacet
 facet normal -0.8603895 -0.345076 0.3750366
  outer loop
   vertex 46.90737 24.43922 1169.686
   vertex 53.31626 8.459731 1169.686
   vertex 69.72301 11.10874 1209.763
  endloop
 endfacet
 facet normal -0.8602965 -0.3455289 0.3748329
  outer loop
   vertex 46.90737 24.43922 1169.686
   vertex 69.72301 11.10874 1209.763
   vertex 61.34873 31.95898 1209.763
  endloop
 endfacet
 facet normal -0.6824624 -0.6333965 0.3647655
  outer loop
   vertex 34.77321 37.51335 1169.686
   vertex 46.90737 24.43922 1169.686
   vertex 61.34873 31.95898 1209.763
  endloop
 endfacet
 facet normal -0.6833052 -0.6320573 0.36551
  outer loop
   vertex 34.77321 37.51335 1169.686
   vertex 61.34873 31.95898 1209.763
   vertex 45.54014 49.04935 1209.763
  endloop
 endfacet
 facet normal -0.4320356 -0.8291592 0.3547398
  outer loop
   vertex 18.53737 45.97308 1169.686
   vertex 34.77321 37.51335 1169.686
   vertex 45.54014 49.04935 1209.763
  endloop
 endfacet
 facet normal -0.4314153 -0.8296448 0.3543591
  outer loop
   vertex 18.53737 45.97308 1169.686
   vertex 45.54014 49.04935 1209.763
   vertex 24.17719 60.15808 1209.763
  endloop
 endfacet
 facet normal -0.1492486 -0.9253415 0.3485226
  outer loop
   vertex -0.005680924 48.9639 1169.686
   vertex 18.53737 45.97308 1169.686
   vertex 24.17719 60.15808 1209.763
  endloop
 endfacet
 facet normal -0.1472504 -0.9260413 0.3475123
  outer loop
   vertex -0.005680924 48.9639 1169.686
   vertex 24.17719 60.15808 1209.763
   vertex -0.005680924 64.00342 1209.763
  endloop
 endfacet
 facet normal 0.1493148 -0.9257515 0.3474036
  outer loop
   vertex -18.54873 45.97308 1169.686
   vertex -0.005680924 48.9639 1169.686
   vertex -0.005680924 64.00342 1209.763
  endloop
 endfacet
 facet normal 0.1472004 -0.9257267 0.3483707
  outer loop
   vertex -18.54873 45.97308 1169.686
   vertex -0.005680924 64.00342 1209.763
   vertex -24.18855 60.15808 1209.763
  endloop
 endfacet
 facet normal 0.4321068 -0.829296 0.354333
  outer loop
   vertex -34.78457 37.51335 1169.686
   vertex -18.54873 45.97308 1169.686
   vertex -24.18855 60.15808 1209.763
  endloop
 endfacet
 facet normal 0.4313612 -0.8295407 0.3546685
  outer loop
   vertex -34.78457 37.51335 1169.686
   vertex -24.18855 60.15808 1209.763
   vertex -45.5515 49.04935 1209.763
  endloop
 endfacet
 facet normal 0.6822373 -0.6331876 0.3655485
  outer loop
   vertex -46.91873 24.43922 1169.686
   vertex -34.78457 37.51335 1169.686
   vertex -45.5515 49.04935 1209.763
  endloop
 endfacet
 facet normal 0.6854813 -0.6306428 0.3638751
  outer loop
   vertex -46.91873 24.43922 1169.686
   vertex -45.5515 49.04935 1209.763
   vertex -61.27464 31.95898 1209.763
  endloop
 endfacet
 facet normal 0.8610627 -0.345346 0.3732388
  outer loop
   vertex -53.32762 8.459731 1169.686
   vertex -46.91873 24.43922 1169.686
   vertex -61.27464 31.95898 1209.763
  endloop
 endfacet
 facet normal 0.8591073 -0.3485722 0.3747427
  outer loop
   vertex -53.32762 8.459731 1169.686
   vertex -61.27464 31.95898 1209.763
   vertex -69.73437 11.10874 1209.763
  endloop
 endfacet
 facet normal 0.9254526 -0 0.3788633
  outer loop
   vertex -53.32762 -8.459731 1169.686
   vertex -53.32762 8.459731 1169.686
   vertex -69.73437 11.10874 1209.763
  endloop
 endfacet
 facet normal 0.9254526 0 0.3788633
  outer loop
   vertex -53.32762 -8.459731 1169.686
   vertex -69.73437 11.10874 1209.763
   vertex -69.73437 -11.10874 1209.763
  endloop
 endfacet
 facet normal 0.8603895 0.345076 0.3750366
  outer loop
   vertex -46.91873 -24.43922 1169.686
   vertex -53.32762 -8.459731 1169.686
   vertex -69.73437 -11.10874 1209.763
  endloop
 endfacet
 facet normal 0.8596214 0.3487808 0.373367
  outer loop
   vertex -46.91873 -24.43922 1169.686
   vertex -69.73437 -11.10874 1209.763
   vertex -61.27464 -31.95898 1209.763
  endloop
 endfacet
 facet normal 0.6828242 0.6337323 0.363503
  outer loop
   vertex -34.78457 -37.51335 1169.686
   vertex -46.91873 -24.43922 1169.686
   vertex -61.27464 -31.95898 1209.763
  endloop
 endfacet
 facet normal 0.6850286 0.6302263 0.3654459
  outer loop
   vertex -34.78457 -37.51335 1169.686
   vertex -61.27464 -31.95898 1209.763
   vertex -45.5515 -49.04935 1209.763
  endloop
 endfacet
 facet normal 0.4320356 0.8291592 0.3547398
  outer loop
   vertex -18.54873 -45.97308 1169.686
   vertex -34.78457 -37.51335 1169.686
   vertex -45.5515 -49.04935 1209.763
  endloop
 endfacet
 facet normal 0.4314153 0.8296448 0.3543591
  outer loop
   vertex -18.54873 -45.97308 1169.686
   vertex -45.5515 -49.04935 1209.763
   vertex -24.18855 -60.15808 1209.763
  endloop
 endfacet
 facet normal 0.1492486 0.9253415 0.3485226
  outer loop
   vertex -0.005680924 -48.9639 1169.686
   vertex -18.54873 -45.97308 1169.686
   vertex -24.18855 -60.15808 1209.763
  endloop
 endfacet
 facet normal 0.1472504 0.9260413 0.3475123
  outer loop
   vertex -0.005680924 -48.9639 1169.686
   vertex -24.18855 -60.15808 1209.763
   vertex -0.005680924 -64.00342 1209.763
  endloop
 endfacet
 facet normal -0.1508857 0.9489033 0.2771571
  outer loop
   vertex 24.17719 -60.15808 1209.763
   vertex -0.005680924 -64.00342 1209.763
   vertex -0.005680924 -77.163 1254.817
  endloop
 endfacet
 facet normal -0.1498271 0.9489047 0.2777259
  outer loop
   vertex 24.17719 -60.15808 1209.763
   vertex -0.005680924 -77.163 1254.817
   vertex 29.21884 -72.5486 1254.817
  endloop
 endfacet
 facet normal -0.4424254 0.8508181 0.2834931
  outer loop
   vertex 45.54014 -49.04935 1209.763
   vertex 24.17719 -60.15808 1209.763
   vertex 29.21884 -72.5486 1254.817
  endloop
 endfacet
 facet normal -0.4448311 0.8499957 0.2821926
  outer loop
   vertex 45.54014 -49.04935 1209.763
   vertex 29.21884 -72.5486 1254.817
   vertex 54.85439 -59.13266 1254.817
  endloop
 endfacet
 facet normal -0.7024137 0.6497327 0.2906241
  outer loop
   vertex 61.34873 -31.95898 1209.763
   vertex 45.54014 -49.04935 1209.763
   vertex 54.85439 -59.13266 1254.817
  endloop
 endfacet
 facet normal -0.7007197 0.6510854 0.2916841
  outer loop
   vertex 61.34873 -31.95898 1209.763
   vertex 54.85439 -59.13266 1254.817
   vertex 73.91015 -38.62422 1254.817
  endloop
 endfacet
 facet normal -0.8853689 0.355599 0.2994518
  outer loop
   vertex 69.72301 -11.10874 1209.763
   vertex 61.34873 -31.95898 1209.763
   vertex 73.91015 -38.62422 1254.817
  endloop
 endfacet
 facet normal -0.8842711 0.3574553 0.3004835
  outer loop
   vertex 69.72301 -11.10874 1209.763
   vertex 73.91015 -38.62422 1254.817
   vertex 84.10028 -13.41594 1254.817
  endloop
 endfacet
 facet normal -0.9526703 0 0.3040053
  outer loop
   vertex 69.72301 11.10874 1209.763
   vertex 69.72301 -11.10874 1209.763
   vertex 84.10028 -13.41594 1254.817
  endloop
 endfacet
 facet normal -0.9526703 0 0.3040053
  outer loop
   vertex 69.72301 11.10874 1209.763
   vertex 84.10028 -13.41594 1254.817
   vertex 84.10028 13.41594 1254.817
  endloop
 endfacet
 facet normal -0.8850271 -0.3554617 0.3006226
  outer loop
   vertex 61.34873 31.95898 1209.763
   vertex 69.72301 11.10874 1209.763
   vertex 84.10028 13.41594 1254.817
  endloop
 endfacet
 facet normal -0.8845532 -0.3575694 0.2995159
  outer loop
   vertex 61.34873 31.95898 1209.763
   vertex 84.10028 13.41594 1254.817
   vertex 73.91015 38.62422 1254.817
  endloop
 endfacet
 facet normal -0.7021413 -0.6494807 0.2918431
  outer loop
   vertex 45.54014 49.04935 1209.763
   vertex 61.34873 31.95898 1209.763
   vertex 73.91015 38.62422 1254.817
  endloop
 endfacet
 facet normal -0.7009458 -0.6512954 0.2906704
  outer loop
   vertex 45.54014 49.04935 1209.763
   vertex 73.91015 38.62422 1254.817
   vertex 54.85439 59.13266 1254.817
  endloop
 endfacet
 facet normal -0.4426274 -0.8512065 0.2820081
  outer loop
   vertex 24.17719 60.15808 1209.763
   vertex 45.54014 49.04935 1209.763
   vertex 54.85439 59.13266 1254.817
  endloop
 endfacet
 facet normal -0.4446621 -0.8496728 0.2834284
  outer loop
   vertex 24.17719 60.15808 1209.763
   vertex 54.85439 59.13266 1254.817
   vertex 29.21884 72.5486 1254.817
  endloop
 endfacet
 facet normal -0.1508569 -0.9487225 0.277791
  outer loop
   vertex -0.005680924 64.00342 1209.763
   vertex 24.17719 60.15808 1209.763
   vertex 29.21884 72.5486 1254.817
  endloop
 endfacet
 facet normal -0.1498507 -0.9490544 0.2772013
  outer loop
   vertex -0.005680924 64.00342 1209.763
   vertex 29.21884 72.5486 1254.817
   vertex -0.005680924 77.163 1254.817
  endloop
 endfacet
 facet normal 0.1508857 -0.9489033 0.2771571
  outer loop
   vertex -24.18855 60.15808 1209.763
   vertex -0.005680924 64.00342 1209.763
   vertex -0.005680924 77.163 1254.817
  endloop
 endfacet
 facet normal 0.1498271 -0.9489047 0.2777259
  outer loop
   vertex -24.18855 60.15808 1209.763
   vertex -0.005680924 77.163 1254.817
   vertex -29.23021 72.5486 1254.817
  endloop
 endfacet
 facet normal 0.4424254 -0.8508181 0.2834931
  outer loop
   vertex -45.5515 49.04935 1209.763
   vertex -24.18855 60.15808 1209.763
   vertex -29.23021 72.5486 1254.817
  endloop
 endfacet
 facet normal 0.4448311 -0.8499957 0.2821926
  outer loop
   vertex -45.5515 49.04935 1209.763
   vertex -29.23021 72.5486 1254.817
   vertex -54.86575 59.13266 1254.817
  endloop
 endfacet
 facet normal 0.7041791 -0.6478448 0.2905665
  outer loop
   vertex -61.27464 31.95898 1209.763
   vertex -45.5515 49.04935 1209.763
   vertex -54.86575 59.13266 1254.817
  endloop
 endfacet
 facet normal 0.7004476 -0.6508326 0.2928994
  outer loop
   vertex -61.27464 31.95898 1209.763
   vertex -54.86575 59.13266 1254.817
   vertex -73.92151 38.62422 1254.817
  endloop
 endfacet
 facet normal 0.883636 -0.3585245 0.3010774
  outer loop
   vertex -69.73437 11.10874 1209.763
   vertex -61.27464 31.95898 1209.763
   vertex -73.92151 38.62422 1254.817
  endloop
 endfacet
 facet normal 0.8846294 -0.3568505 0.3001474
  outer loop
   vertex -69.73437 11.10874 1209.763
   vertex -73.92151 38.62422 1254.817
   vertex -84.09028 13.41594 1254.817
  endloop
 endfacet
 facet normal 0.9528011 -0 0.3035952
  outer loop
   vertex -69.73437 -11.10874 1209.763
   vertex -69.73437 11.10874 1209.763
   vertex -84.09028 13.41594 1254.817
  endloop
 endfacet
 facet normal 0.9528011 0 0.3035952
  outer loop
   vertex -69.73437 -11.10874 1209.763
   vertex -84.09028 13.41594 1254.817
   vertex -84.09028 -13.41594 1254.817
  endloop
 endfacet
 facet normal 0.8839444 0.3586496 0.3000212
  outer loop
   vertex -61.27464 -31.95898 1209.763
   vertex -69.73437 -11.10874 1209.763
   vertex -84.09028 -13.41594 1254.817
  endloop
 endfacet
 facet normal 0.8843739 0.3567474 0.3010216
  outer loop
   vertex -61.27464 -31.95898 1209.763
   vertex -84.09028 -13.41594 1254.817
   vertex -73.92151 -38.62422 1254.817
  endloop
 endfacet
 facet normal 0.7035757 0.6472896 0.2932533
  outer loop
   vertex -45.5515 -49.04935 1209.763
   vertex -61.27464 -31.95898 1209.763
   vertex -73.92151 -38.62422 1254.817
  endloop
 endfacet
 facet normal 0.7009458 0.6512954 0.2906704
  outer loop
   vertex -45.5515 -49.04935 1209.763
   vertex -73.92151 -38.62422 1254.817
   vertex -54.86575 -59.13266 1254.817
  endloop
 endfacet
 facet normal 0.4426274 0.8512065 0.2820081
  outer loop
   vertex -24.18855 -60.15808 1209.763
   vertex -45.5515 -49.04935 1209.763
   vertex -54.86575 -59.13266 1254.817
  endloop
 endfacet
 facet normal 0.4446621 0.8496728 0.2834284
  outer loop
   vertex -24.18855 -60.15808 1209.763
   vertex -54.86575 -59.13266 1254.817
   vertex -29.23021 -72.5486 1254.817
  endloop
 endfacet
 facet normal 0.1508569 0.9487225 0.277791
  outer loop
   vertex -0.005680924 -64.00342 1209.763
   vertex -24.18855 -60.15808 1209.763
   vertex -29.23021 -72.5486 1254.817
  endloop
 endfacet
 facet normal 0.1498507 0.9490544 0.2772013
  outer loop
   vertex -0.005680924 -64.00342 1209.763
   vertex -29.23021 -72.5486 1254.817
   vertex -0.005680924 -77.163 1254.817
  endloop
 endfacet
 facet normal -0.1554349 0.984421 0.08219075
  outer loop
   vertex 29.21884 -72.5486 1254.817
   vertex -0.005680924 -77.163 1254.817
   vertex -0.005680924 -80.92288 1299.85
  endloop
 endfacet
 facet normal -0.1567164 0.9842889 0.08133455
  outer loop
   vertex 29.21884 -72.5486 1254.817
   vertex -0.005680924 -80.92288 1299.85
   vertex 30.58607 -76.05212 1299.85
  endloop
 endfacet
 facet normal -0.4620867 0.8829682 0.08272312
  outer loop
   vertex 54.85439 -59.13266 1254.817
   vertex 29.21884 -72.5486 1254.817
   vertex 30.58607 -76.05212 1299.85
  endloop
 endfacet
 facet normal -0.4589809 0.8843778 0.08492644
  outer loop
   vertex 54.85439 -59.13266 1254.817
   vertex 30.58607 -76.05212 1299.85
   vertex 57.58885 -62.03803 1299.85
  endloop
 endfacet
 facet normal -0.7297304 0.6780412 0.0880546
  outer loop
   vertex 73.91015 -38.62422 1254.817
   vertex 54.85439 -59.13266 1254.817
   vertex 57.58885 -62.03803 1299.85
  endloop
 endfacet
 facet normal -0.7299599 0.6778199 0.08785638
  outer loop
   vertex 73.91015 -38.62422 1254.817
   vertex 57.58885 -62.03803 1299.85
   vertex 77.58458 -40.50417 1299.85
  endloop
 endfacet
 facet normal -0.9232764 0.3732228 0.09091421
  outer loop
   vertex 84.10028 -13.41594 1254.817
   vertex 73.91015 -38.62422 1254.817
   vertex 77.58458 -40.50417 1299.85
  endloop
 endfacet
 facet normal -0.9245241 0.3705552 0.08912912
  outer loop
   vertex 84.10028 -13.41594 1254.817
   vertex 77.58458 -40.50417 1299.85
   vertex 88.20197 -14.0141 1299.85
  endloop
 endfacet
 facet normal -0.9958777 0 0.09070613
  outer loop
   vertex 84.10028 13.41594 1254.817
   vertex 84.10028 -13.41594 1254.817
   vertex 88.20197 -14.0141 1299.85
  endloop
 endfacet
 facet normal -0.9958777 0 0.09070613
  outer loop
   vertex 84.10028 13.41594 1254.817
   vertex 88.20197 -14.0141 1299.85
   vertex 88.20197 14.0141 1299.85
  endloop
 endfacet
 facet normal -0.9234313 -0.3732854 0.08906584
  outer loop
   vertex 73.91015 38.62422 1254.817
   vertex 84.10028 13.41594 1254.817
   vertex 88.20197 14.0141 1299.85
  endloop
 endfacet
 facet normal -0.9243764 -0.370496 0.09089013
  outer loop
   vertex 73.91015 38.62422 1254.817
   vertex 88.20197 14.0141 1299.85
   vertex 77.58458 40.50417 1299.85
  endloop
 endfacet
 facet normal -0.7297438 -0.6780536 0.0878485
  outer loop
   vertex 54.85439 59.13266 1254.817
   vertex 73.91015 38.62422 1254.817
   vertex 77.58458 40.50417 1299.85
  endloop
 endfacet
 facet normal -0.7299472 -0.6778081 0.08805272
  outer loop
   vertex 54.85439 59.13266 1254.817
   vertex 77.58458 40.50417 1299.85
   vertex 57.58885 62.03803 1299.85
  endloop
 endfacet
 facet normal -0.4619975 -0.8827978 0.08500768
  outer loop
   vertex 29.21884 72.5486 1254.817
   vertex 54.85439 59.13266 1254.817
   vertex 57.58885 62.03803 1299.85
  endloop
 endfacet
 facet normal -0.4590651 -0.88454 0.08275367
  outer loop
   vertex 29.21884 72.5486 1254.817
   vertex 57.58885 62.03803 1299.85
   vertex 30.58607 76.05212 1299.85
  endloop
 endfacet
 facet normal -0.1554461 -0.9844922 0.0813118
  outer loop
   vertex -0.005680924 77.163 1254.817
   vertex 29.21884 72.5486 1254.817
   vertex 30.58607 76.05212 1299.85
  endloop
 endfacet
 facet normal -0.1567056 -0.9842209 0.08217404
  outer loop
   vertex -0.005680924 77.163 1254.817
   vertex 30.58607 76.05212 1299.85
   vertex -0.005680924 80.92288 1299.85
  endloop
 endfacet
 facet normal 0.1554349 -0.984421 0.08219075
  outer loop
   vertex -29.23021 72.5486 1254.817
   vertex -0.005680924 77.163 1254.817
   vertex -0.005680924 80.92288 1299.85
  endloop
 endfacet
 facet normal 0.1567164 -0.9842889 0.08133455
  outer loop
   vertex -29.23021 72.5486 1254.817
   vertex -0.005680924 80.92288 1299.85
   vertex -30.59743 76.05212 1299.85
  endloop
 endfacet
 facet normal 0.4620867 -0.8829682 0.08272312
  outer loop
   vertex -54.86575 59.13266 1254.817
   vertex -29.23021 72.5486 1254.817
   vertex -30.59743 76.05212 1299.85
  endloop
 endfacet
 facet normal 0.4601604 -0.8838446 0.08409049
  outer loop
   vertex -54.86575 59.13266 1254.817
   vertex -30.59743 76.05212 1299.85
   vertex -57.51476 62.03803 1299.85
  endloop
 endfacet
 facet normal 0.7298187 -0.6781232 0.0866804
  outer loop
   vertex -73.92151 38.62422 1254.817
   vertex -54.86575 59.13266 1254.817
   vertex -57.51476 62.03803 1299.85
  endloop
 endfacet
 facet normal 0.730048 -0.6779017 0.0864817
  outer loop
   vertex -73.92151 38.62422 1254.817
   vertex -57.51476 62.03803 1299.85
   vertex -77.51049 40.50417 1299.85
  endloop
 endfacet
 facet normal 0.9236944 -0.3726089 0.08916994
  outer loop
   vertex -84.09028 13.41594 1254.817
   vertex -73.92151 38.62422 1254.817
   vertex -77.51049 40.50417 1299.85
  endloop
 endfacet
 facet normal 0.923754 -0.3724815 0.08908456
  outer loop
   vertex -84.09028 13.41594 1254.817
   vertex -77.51049 40.50417 1299.85
   vertex -88.19196 14.0141 1299.85
  endloop
 endfacet
 facet normal 0.9958777 -0 0.09070613
  outer loop
   vertex -84.09028 -13.41594 1254.817
   vertex -84.09028 13.41594 1254.817
   vertex -88.19196 14.0141 1299.85
  endloop
 endfacet
 facet normal 0.9958777 0 0.09070613
  outer loop
   vertex -84.09028 -13.41594 1254.817
   vertex -88.19196 14.0141 1299.85
   vertex -88.19196 -14.0141 1299.85
  endloop
 endfacet
 facet normal 0.9237017 0.3726119 0.08908153
  outer loop
   vertex -73.92151 -38.62422 1254.817
   vertex -84.09028 -13.41594 1254.817
   vertex -88.19196 -14.0141 1299.85
  endloop
 endfacet
 facet normal 0.923747 0.3724786 0.0891687
  outer loop
   vertex -73.92151 -38.62422 1254.817
   vertex -88.19196 -14.0141 1299.85
   vertex -77.51049 -40.50417 1299.85
  endloop
 endfacet
 facet normal 0.7298319 0.6781354 0.08647423
  outer loop
   vertex -54.86575 -59.13266 1254.817
   vertex -73.92151 -38.62422 1254.817
   vertex -77.51049 -40.50417 1299.85
  endloop
 endfacet
 facet normal 0.7300355 0.6778901 0.08667811
  outer loop
   vertex -54.86575 -59.13266 1254.817
   vertex -77.51049 -40.50417 1299.85
   vertex -57.51476 -62.03803 1299.85
  endloop
 endfacet
 facet normal 0.4620318 0.8828633 0.08413726
  outer loop
   vertex -29.23021 -72.5486 1254.817
   vertex -54.86575 -59.13266 1254.817
   vertex -57.51476 -62.03803 1299.85
  endloop
 endfacet
 facet normal 0.4602125 0.8839447 0.08274219
  outer loop
   vertex -29.23021 -72.5486 1254.817
   vertex -57.51476 -62.03803 1299.85
   vertex -30.59743 -76.05212 1299.85
  endloop
 endfacet
 facet normal 0.1554461 0.9844922 0.0813118
  outer loop
   vertex -0.005680924 -77.163 1254.817
   vertex -29.23021 -72.5486 1254.817
   vertex -30.59743 -76.05212 1299.85
  endloop
 endfacet
 facet normal 0.1567056 0.9842209 0.08217404
  outer loop
   vertex -0.005680924 -77.163 1254.817
   vertex -30.59743 -76.05212 1299.85
   vertex -0.005680924 -80.92288 1299.85
  endloop
 endfacet
 facet normal -0.1561934 0.9810039 -0.1150431
  outer loop
   vertex 30.58607 -76.05212 1299.85
   vertex -0.005680924 -80.92288 1299.85
   vertex -0.005680924 -76.22303 1339.927
  endloop
 endfacet
 facet normal -0.1567079 0.9808757 -0.1154364
  outer loop
   vertex 30.58607 -76.05212 1299.85
   vertex -0.005680924 -76.22303 1339.927
   vertex 28.87704 -71.60863 1339.927
  endloop
 endfacet
 facet normal -0.4574683 0.8814633 -0.1172398
  outer loop
   vertex 57.58885 -62.03803 1299.85
   vertex 30.58607 -76.05212 1299.85
   vertex 28.87704 -71.60863 1339.927
  endloop
 endfacet
 facet normal -0.4593857 0.8802422 -0.118905
  outer loop
   vertex 57.58885 -62.03803 1299.85
   vertex 28.87704 -71.60863 1339.927
   vertex 54.25623 -58.3636 1339.927
  endloop
 endfacet
 facet normal -0.7272839 0.6753351 -0.1223955
  outer loop
   vertex 77.58458 -40.50417 1299.85
   vertex 57.58885 -62.03803 1299.85
   vertex 54.25623 -58.3636 1339.927
  endloop
 endfacet
 facet normal -0.7273829 0.6752077 -0.1225098
  outer loop
   vertex 77.58458 -40.50417 1299.85
   vertex 54.25623 -58.3636 1339.927
   vertex 73.05563 -38.11151 1339.927
  endloop
 endfacet
 facet normal -0.9208099 0.3690666 -0.1260912
  outer loop
   vertex 88.20197 -14.0141 1299.85
   vertex 77.58458 -40.50417 1299.85
   vertex 73.05563 -38.11151 1339.927
  endloop
 endfacet
 facet normal -0.9202822 0.370801 -0.1248489
  outer loop
   vertex 88.20197 -14.0141 1299.85
   vertex 73.05563 -38.11151 1339.927
   vertex 83.07486 -13.24503 1339.927
  endloop
 endfacet
 facet normal -0.9919158 -0 -0.1268975
  outer loop
   vertex 88.20197 14.0141 1299.85
   vertex 88.20197 -14.0141 1299.85
   vertex 83.07486 -13.24503 1339.927
  endloop
 endfacet
 facet normal -0.9919158 0 -0.1268975
  outer loop
   vertex 88.20197 14.0141 1299.85
   vertex 83.07486 -13.24503 1339.927
   vertex 83.07486 13.24503 1339.927
  endloop
 endfacet
 facet normal -0.9209495 -0.3691225 -0.1249021
  outer loop
   vertex 77.58458 40.50417 1299.85
   vertex 88.20197 14.0141 1299.85
   vertex 83.07486 13.24503 1339.927
  endloop
 endfacet
 facet normal -0.9201337 -0.3707412 -0.1261148
  outer loop
   vertex 77.58458 40.50417 1299.85
   vertex 83.07486 13.24503 1339.927
   vertex 73.05563 38.11151 1339.927
  endloop
 endfacet
 facet normal -0.7272741 -0.6753259 -0.1225046
  outer loop
   vertex 57.58885 62.03803 1299.85
   vertex 77.58458 40.50417 1299.85
   vertex 73.05563 38.11151 1339.927
  endloop
 endfacet
 facet normal -0.7273934 -0.6752175 -0.1223938
  outer loop
   vertex 57.58885 62.03803 1299.85
   vertex 73.05563 38.11151 1339.927
   vertex 54.25623 58.3636 1339.927
  endloop
 endfacet
 facet normal -0.457381 -0.881295 -0.1188348
  outer loop
   vertex 30.58607 76.05212 1299.85
   vertex 57.58885 62.03803 1299.85
   vertex 54.25623 58.3636 1339.927
  endloop
 endfacet
 facet normal -0.4594789 -0.8804209 -0.1172099
  outer loop
   vertex 30.58607 76.05212 1299.85
   vertex 54.25623 58.3636 1339.927
   vertex 28.87704 71.60863 1339.927
  endloop
 endfacet
 facet normal -0.1561864 -0.9809603 -0.1154236
  outer loop
   vertex -0.005680924 80.92288 1299.85
   vertex 30.58607 76.05212 1299.85
   vertex 28.87704 71.60863 1339.927
  endloop
 endfacet
 facet normal -0.1567153 -0.9809218 -0.1150335
  outer loop
   vertex -0.005680924 80.92288 1299.85
   vertex 28.87704 71.60863 1339.927
   vertex -0.005680924 76.22303 1339.927
  endloop
 endfacet
 facet normal 0.1561934 -0.9810039 -0.1150431
  outer loop
   vertex -30.59743 76.05212 1299.85
   vertex -0.005680924 80.92288 1299.85
   vertex -0.005680924 76.22303 1339.927
  endloop
 endfacet
 facet normal 0.157155 -0.9807638 -0.1157782
  outer loop
   vertex -30.59743 76.05212 1299.85
   vertex -0.005680924 76.22303 1339.927
   vertex -28.80295 71.60863 1339.927
  endloop
 endfacet
 facet normal 0.4585594 -0.8807696 -0.1181871
  outer loop
   vertex -57.51476 62.03803 1299.85
   vertex -30.59743 76.05212 1299.85
   vertex -28.80295 71.60863 1339.927
  endloop
 endfacet
 facet normal 0.4593857 -0.8802422 -0.118905
  outer loop
   vertex -57.51476 62.03803 1299.85
   vertex -28.80295 71.60863 1339.927
   vertex -54.18214 58.3636 1339.927
  endloop
 endfacet
 facet normal 0.7272839 -0.6753351 -0.1223955
  outer loop
   vertex -77.51049 40.50417 1299.85
   vertex -57.51476 62.03803 1299.85
   vertex -54.18214 58.3636 1339.927
  endloop
 endfacet
 facet normal 0.7259973 -0.6769848 -0.1209114
  outer loop
   vertex -77.51049 40.50417 1299.85
   vertex -54.18214 58.3636 1339.927
   vertex -73.06699 38.11151 1339.927
  endloop
 endfacet
 facet normal 0.920262 -0.3710734 -0.1241869
  outer loop
   vertex -88.19196 14.0141 1299.85
   vertex -77.51049 40.50417 1299.85
   vertex -73.06699 38.11151 1339.927
  endloop
 endfacet
 facet normal 0.9205536 -0.3701195 -0.1248706
  outer loop
   vertex -88.19196 14.0141 1299.85
   vertex -73.06699 38.11151 1339.927
   vertex -83.06485 13.24503 1339.927
  endloop
 endfacet
 facet normal 0.9919158 0 -0.1268975
  outer loop
   vertex -88.19196 -14.0141 1299.85
   vertex -88.19196 14.0141 1299.85
   vertex -83.06485 13.24503 1339.927
  endloop
 endfacet
 facet normal 0.9919158 0 -0.1268975
  outer loop
   vertex -88.19196 -14.0141 1299.85
   vertex -83.06485 13.24503 1339.927
   vertex -83.06485 -13.24503 1339.927
  endloop
 endfacet
 facet normal 0.9201858 0.3710427 -0.1248412
  outer loop
   vertex -77.51049 -40.50417 1299.85
   vertex -88.19196 -14.0141 1299.85
   vertex -83.06485 -13.24503 1339.927
  endloop
 endfacet
 facet normal 0.9206348 0.3701521 -0.1241733
  outer loop
   vertex -77.51049 -40.50417 1299.85
   vertex -83.06485 -13.24503 1339.927
   vertex -73.06699 -38.11151 1339.927
  endloop
 endfacet
 facet normal 0.7274114 0.6754534 -0.1209767
  outer loop
   vertex -57.51476 -62.03803 1299.85
   vertex -77.51049 -40.50417 1299.85
   vertex -73.06699 -38.11151 1339.927
  endloop
 endfacet
 facet normal 0.7258623 0.6768589 -0.122417
  outer loop
   vertex -57.51476 -62.03803 1299.85
   vertex -73.06699 -38.11151 1339.927
   vertex -54.18214 -58.3636 1339.927
  endloop
 endfacet
 facet normal 0.4585215 0.8806968 -0.1188748
  outer loop
   vertex -30.59743 -76.05212 1299.85
   vertex -57.51476 -62.03803 1299.85
   vertex -54.18214 -58.3636 1339.927
  endloop
 endfacet
 facet normal 0.4594259 0.8803194 -0.118176
  outer loop
   vertex -30.59743 -76.05212 1299.85
   vertex -54.18214 -58.3636 1339.927
   vertex -28.80295 -71.60863 1339.927
  endloop
 endfacet
 facet normal 0.1561804 0.9809226 -0.1157522
  outer loop
   vertex -0.005680924 -80.92288 1299.85
   vertex -30.59743 -76.05212 1299.85
   vertex -28.80295 -71.60863 1339.927
  endloop
 endfacet
 facet normal 0.1571689 0.9808502 -0.1150251
  outer loop
   vertex -0.005680924 -80.92288 1299.85
   vertex -28.80295 -71.60863 1339.927
   vertex -0.005680924 -76.22303 1339.927
  endloop
 endfacet
 facet normal -0.1409166 0.8820333 -0.4496218
  outer loop
   vertex 28.87704 -71.60863 1339.927
   vertex -0.005680924 -76.22303 1339.927
   vertex -0.005680924 -58.3636 1374.963
  endloop
 endfacet
 facet normal -0.1402217 0.8823708 -0.4491766
  outer loop
   vertex 28.87704 -71.60863 1339.927
   vertex -0.005680924 -58.3636 1374.963
   vertex 22.04089 -54.86007 1374.963
  endloop
 endfacet
 facet normal -0.4114791 0.7884471 -0.4572048
  outer loop
   vertex 54.25623 -58.3636 1339.927
   vertex 28.87704 -71.60863 1339.927
   vertex 22.04089 -54.86007 1374.963
  endloop
 endfacet
 facet normal -0.4115021 0.7884241 -0.4572236
  outer loop
   vertex 54.25623 -58.3636 1339.927
   vertex 22.04089 -54.86007 1374.963
   vertex 41.52391 -44.6913 1374.963
  endloop
 endfacet
 facet normal -0.6470795 0.6006645 -0.4695638
  outer loop
   vertex 73.05563 -38.11151 1339.927
   vertex 54.25623 -58.3636 1339.927
   vertex 41.52391 -44.6913 1374.963
  endloop
 endfacet
 facet normal -0.648193 0.598332 -0.471004
  outer loop
   vertex 73.05563 -38.11151 1339.927
   vertex 41.52391 -44.6913 1374.963
   vertex 55.87981 -29.13907 1374.963
  endloop
 endfacet
 facet normal -0.8125771 0.3274043 -0.4822084
  outer loop
   vertex 83.07486 -13.24503 1339.927
   vertex 73.05563 -38.11151 1339.927
   vertex 55.87981 -29.13907 1374.963
  endloop
 endfacet
 facet normal -0.8123969 0.3293501 -0.4811858
  outer loop
   vertex 83.07486 -13.24503 1339.927
   vertex 55.87981 -29.13907 1374.963
   vertex 63.57048 -10.16877 1374.963
  endloop
 endfacet
 facet normal -0.8737297 -0 -0.4864117
  outer loop
   vertex 83.07486 13.24503 1339.927
   vertex 83.07486 -13.24503 1339.927
   vertex 63.57048 -10.16877 1374.963
  endloop
 endfacet
 facet normal -0.8737297 0 -0.4864117
  outer loop
   vertex 83.07486 13.24503 1339.927
   vertex 63.57048 -10.16877 1374.963
   vertex 63.57048 10.16877 1374.963
  endloop
 endfacet
 facet normal -0.8130052 -0.3275768 -0.4813688
  outer loop
   vertex 73.05563 38.11151 1339.927
   vertex 83.07486 13.24503 1339.927
   vertex 63.57048 10.16877 1374.963
  endloop
 endfacet
 facet normal -0.8118366 -0.329123 -0.4822855
  outer loop
   vertex 73.05563 38.11151 1339.927
   vertex 63.57048 10.16877 1374.963
   vertex 55.87981 29.13907 1374.963
  endloop
 endfacet
 facet normal -0.646626 -0.6002436 -0.4707254
  outer loop
   vertex 54.25623 58.3636 1339.927
   vertex 73.05563 38.11151 1339.927
   vertex 55.87981 29.13907 1374.963
  endloop
 endfacet
 facet normal -0.6487866 -0.5988799 -0.4694878
  outer loop
   vertex 54.25623 58.3636 1339.927
   vertex 55.87981 29.13907 1374.963
   vertex 41.52391 44.6913 1374.963
  endloop
 endfacet
 facet normal -0.4114754 -0.7884401 -0.4572201
  outer loop
   vertex 28.87704 71.60863 1339.927
   vertex 54.25623 58.3636 1339.927
   vertex 41.52391 44.6913 1374.963
  endloop
 endfacet
 facet normal -0.4115068 -0.7884333 -0.4572036
  outer loop
   vertex 28.87704 71.60863 1339.927
   vertex 41.52391 44.6913 1374.963
   vertex 22.04089 54.86007 1374.963
  endloop
 endfacet
 facet normal -0.1409464 -0.88222 -0.4492459
  outer loop
   vertex -0.005680924 76.22303 1339.927
   vertex 28.87704 71.60863 1339.927
   vertex 22.04089 54.86007 1374.963
  endloop
 endfacet
 facet normal -0.1401828 -0.8821261 -0.4496692
  outer loop
   vertex -0.005680924 76.22303 1339.927
   vertex 22.04089 54.86007 1374.963
   vertex -0.005680924 58.3636 1374.963
  endloop
 endfacet
 facet normal 0.1413264 -0.8819812 -0.4495953
  outer loop
   vertex -28.80295 71.60863 1339.927
   vertex -0.005680924 76.22303 1339.927
   vertex -0.005680924 58.3636 1374.963
  endloop
 endfacet
 facet normal 0.1402433 -0.8825063 -0.4489036
  outer loop
   vertex -28.80295 71.60863 1339.927
   vertex -0.005680924 58.3636 1374.963
   vertex -22.05225 54.86007 1374.963
  endloop
 endfacet
 facet normal 0.4116678 -0.7888087 -0.4564104
  outer loop
   vertex -54.18214 58.3636 1339.927
   vertex -28.80295 71.60863 1339.927
   vertex -22.05225 54.86007 1374.963
  endloop
 endfacet
 facet normal 0.4116908 -0.7887858 -0.4564292
  outer loop
   vertex -54.18214 58.3636 1339.927
   vertex -22.05225 54.86007 1374.963
   vertex -41.53527 44.6913 1374.963
  endloop
 endfacet
 facet normal 0.6461735 -0.60255 -0.4683943
  outer loop
   vertex -73.06699 38.11151 1339.927
   vertex -54.18214 58.3636 1339.927
   vertex -41.53527 44.6913 1374.963
  endloop
 endfacet
 facet normal 0.648193 -0.598332 -0.471004
  outer loop
   vertex -73.06699 38.11151 1339.927
   vertex -41.53527 44.6913 1374.963
   vertex -55.89117 29.13907 1374.963
  endloop
 endfacet
 facet normal 0.8128327 -0.326809 -0.4821813
  outer loop
   vertex -83.06485 13.24503 1339.927
   vertex -73.06699 38.11151 1339.927
   vertex -55.89117 29.13907 1374.963
  endloop
 endfacet
 facet normal 0.8125905 -0.3294286 -0.480805
  outer loop
   vertex -83.06485 13.24503 1339.927
   vertex -55.89117 29.13907 1374.963
   vertex -63.58184 10.16877 1374.963
  endloop
 endfacet
 facet normal 0.8739561 0 -0.4860049
  outer loop
   vertex -83.06485 -13.24503 1339.927
   vertex -83.06485 13.24503 1339.927
   vertex -63.58184 10.16877 1374.963
  endloop
 endfacet
 facet normal 0.8739561 0 -0.4860049
  outer loop
   vertex -83.06485 -13.24503 1339.927
   vertex -63.58184 10.16877 1374.963
   vertex -63.58184 -10.16877 1374.963
  endloop
 endfacet
 facet normal 0.8134092 0.3270408 -0.4810507
  outer loop
   vertex -73.06699 -38.11151 1339.927
   vertex -83.06485 -13.24503 1339.927
   vertex -63.58184 -10.16877 1374.963
  endloop
 endfacet
 facet normal 0.8118366 0.329123 -0.4822855
  outer loop
   vertex -73.06699 -38.11151 1339.927
   vertex -63.58184 -10.16877 1374.963
   vertex -55.89117 -29.13907 1374.963
  endloop
 endfacet
 facet normal 0.6453556 0.6017873 -0.4704979
  outer loop
   vertex -54.18214 -58.3636 1339.927
   vertex -73.06699 -38.11151 1339.927
   vertex -55.89117 -29.13907 1374.963
  endloop
 endfacet
 facet normal 0.6492683 0.5993246 -0.4682528
  outer loop
   vertex -54.18214 -58.3636 1339.927
   vertex -55.89117 -29.13907 1374.963
   vertex -41.53527 -44.6913 1374.963
  endloop
 endfacet
 facet normal 0.4116642 0.7888017 -0.4564258
  outer loop
   vertex -28.80295 -71.60863 1339.927
   vertex -54.18214 -58.3636 1339.927
   vertex -41.53527 -44.6913 1374.963
  endloop
 endfacet
 facet normal 0.4116956 0.7887949 -0.4564092
  outer loop
   vertex -28.80295 -71.60863 1339.927
   vertex -41.53527 -44.6913 1374.963
   vertex -22.05225 -54.86007 1374.963
  endloop
 endfacet
 facet normal 0.141373 0.8822722 -0.4490093
  outer loop
   vertex -0.005680924 -76.22303 1339.927
   vertex -28.80295 -71.60863 1339.927
   vertex -22.05225 -54.86007 1374.963
  endloop
 endfacet
 facet normal 0.1401828 0.8821261 -0.4496692
  outer loop
   vertex -0.005680924 -76.22303 1339.927
   vertex -22.05225 -54.86007 1374.963
   vertex -0.005680924 -58.3636 1374.963
  endloop
 endfacet
 facet normal -0.08126387 0.5113678 -0.8555111
  outer loop
   vertex 22.04089 -54.86007 1374.963
   vertex -0.005680924 -58.3636 1374.963
   vertex -0.005680924 -28.1991 1392.993
  endloop
 endfacet
 facet normal -0.08176767 0.511048 -0.8556541
  outer loop
   vertex 22.04089 -54.86007 1374.963
   vertex -0.005680924 -28.1991 1392.993
   vertex 10.6758 -26.49007 1392.993
  endloop
 endfacet
 facet normal -0.2359833 0.452136 -0.8601656
  outer loop
   vertex 41.52391 -44.6913 1374.963
   vertex 22.04089 -54.86007 1374.963
   vertex 10.6758 -26.49007 1392.993
  endloop
 endfacet
 facet normal -0.2349683 0.4534476 -0.859753
  outer loop
   vertex 41.52391 -44.6913 1374.963
   vertex 10.6758 -26.49007 1392.993
   vertex 20.0755 -21.61931 1392.993
  endloop
 endfacet
 facet normal -0.3658176 0.3376778 -0.8672665
  outer loop
   vertex 55.87981 -29.13907 1374.963
   vertex 41.52391 -44.6913 1374.963
   vertex 20.0755 -21.61931 1392.993
  endloop
 endfacet
 facet normal -0.3650001 0.3401137 -0.8666589
  outer loop
   vertex 55.87981 -29.13907 1374.963
   vertex 20.0755 -21.61931 1392.993
   vertex 27.08255 -14.09955 1392.993
  endloop
 endfacet
 facet normal -0.4513031 0.1829607 -0.8734134
  outer loop
   vertex 63.57048 -10.16877 1374.963
   vertex 55.87981 -29.13907 1374.963
   vertex 27.08255 -14.09955 1392.993
  endloop
 endfacet
 facet normal -0.4512895 0.1796801 -0.8741012
  outer loop
   vertex 63.57048 -10.16877 1374.963
   vertex 27.08255 -14.09955 1392.993
   vertex 30.75698 -4.870754 1392.993
  endloop
 endfacet
 facet normal -0.4815683 -0 -0.8764086
  outer loop
   vertex 63.57048 10.16877 1374.963
   vertex 63.57048 -10.16877 1374.963
   vertex 30.75698 -4.870754 1392.993
  endloop
 endfacet
 facet normal -0.4815683 0 -0.8764086
  outer loop
   vertex 63.57048 10.16877 1374.963
   vertex 30.75698 -4.870754 1392.993
   vertex 30.75698 4.870754 1392.993
  endloop
 endfacet
 facet normal -0.4506431 -0.1826931 -0.8738101
  outer loop
   vertex 55.87981 29.13907 1374.963
   vertex 63.57048 10.16877 1374.963
   vertex 30.75698 4.870754 1392.993
  endloop
 endfacet
 facet normal -0.4526523 -0.1802227 -0.8732844
  outer loop
   vertex 55.87981 29.13907 1374.963
   vertex 30.75698 4.870754 1392.993
   vertex 27.08255 14.09955 1392.993
  endloop
 endfacet
 facet normal -0.3662411 -0.3380687 -0.8669354
  outer loop
   vertex 41.52391 44.6913 1374.963
   vertex 55.87981 29.13907 1374.963
   vertex 27.08255 14.09955 1392.993
  endloop
 endfacet
 facet normal -0.3641312 -0.3393041 -0.8673414
  outer loop
   vertex 41.52391 44.6913 1374.963
   vertex 27.08255 14.09955 1392.993
   vertex 20.0755 21.61931 1392.993
  endloop
 endfacet
 facet normal -0.2361627 -0.4524798 -0.8599356
  outer loop
   vertex 22.04089 54.86007 1374.963
   vertex 41.52391 44.6913 1374.963
   vertex 20.0755 21.61931 1392.993
  endloop
 endfacet
 facet normal -0.2345978 -0.4527325 -0.8602309
  outer loop
   vertex 22.04089 54.86007 1374.963
   vertex 20.0755 21.61931 1392.993
   vertex 10.6758 26.49007 1392.993
  endloop
 endfacet
 facet normal -0.08124102 -0.511224 -0.8555992
  outer loop
   vertex -0.005680924 58.3636 1374.963
   vertex 22.04089 54.86007 1374.963
   vertex 10.6758 26.49007 1392.993
  endloop
 endfacet
 facet normal -0.08181515 -0.5113447 -0.8554723
  outer loop
   vertex -0.005680924 58.3636 1374.963
   vertex 10.6758 26.49007 1392.993
   vertex -0.005680924 28.1991 1392.993
  endloop
 endfacet
 facet normal 0.08126387 -0.5113678 -0.8555111
  outer loop
   vertex -22.05225 54.86007 1374.963
   vertex -0.005680924 58.3636 1374.963
   vertex -0.005680924 28.1991 1392.993
  endloop
 endfacet
 facet normal 0.08176767 -0.511048 -0.8556541
  outer loop
   vertex -22.05225 54.86007 1374.963
   vertex -0.005680924 28.1991 1392.993
   vertex -10.68716 26.49007 1392.993
  endloop
 endfacet
 facet normal 0.2359833 -0.452136 -0.8601656
  outer loop
   vertex -41.53527 44.6913 1374.963
   vertex -22.05225 54.86007 1374.963
   vertex -10.68716 26.49007 1392.993
  endloop
 endfacet
 facet normal 0.2349683 -0.4534476 -0.859753
  outer loop
   vertex -41.53527 44.6913 1374.963
   vertex -10.68716 26.49007 1392.993
   vertex -20.08686 21.61931 1392.993
  endloop
 endfacet
 facet normal 0.3658176 -0.3376778 -0.8672665
  outer loop
   vertex -55.89117 29.13907 1374.963
   vertex -41.53527 44.6913 1374.963
   vertex -20.08686 21.61931 1392.993
  endloop
 endfacet
 facet normal 0.3660631 -0.3369445 -0.8674481
  outer loop
   vertex -55.89117 29.13907 1374.963
   vertex -20.08686 21.61931 1392.993
   vertex -27.00846 14.09955 1392.993
  endloop
 endfacet
 facet normal 0.4504613 -0.1826195 -0.8739192
  outer loop
   vertex -63.58184 10.16877 1374.963
   vertex -55.89117 29.13907 1374.963
   vertex -27.00846 14.09955 1392.993
  endloop
 endfacet
 facet normal 0.4504643 -0.1835225 -0.8737284
  outer loop
   vertex -63.58184 10.16877 1374.963
   vertex -27.00846 14.09955 1392.993
   vertex -30.76834 4.870754 1392.993
  endloop
 endfacet
 facet normal 0.4815683 0 -0.8764086
  outer loop
   vertex -63.58184 -10.16877 1374.963
   vertex -63.58184 10.16877 1374.963
   vertex -30.76834 4.870754 1392.993
  endloop
 endfacet
 facet normal 0.4815683 0 -0.8764086
  outer loop
   vertex -63.58184 -10.16877 1374.963
   vertex -30.76834 4.870754 1392.993
   vertex -30.76834 -4.870754 1392.993
  endloop
 endfacet
 facet normal 0.4506431 0.1826931 -0.8738101
  outer loop
   vertex -55.89117 -29.13907 1374.963
   vertex -63.58184 -10.16877 1374.963
   vertex -30.76834 -4.870754 1392.993
  endloop
 endfacet
 facet normal 0.4500911 0.1833705 -0.8739526
  outer loop
   vertex -55.89117 -29.13907 1374.963
   vertex -30.76834 -4.870754 1392.993
   vertex -27.00846 -14.09955 1392.993
  endloop
 endfacet
 facet normal 0.3656907 0.3375607 -0.8673656
  outer loop
   vertex -41.53527 -44.6913 1374.963
   vertex -55.89117 -29.13907 1374.963
   vertex -27.00846 -14.09955 1392.993
  endloop
 endfacet
 facet normal 0.3663262 0.3371866 -0.8672429
  outer loop
   vertex -41.53527 -44.6913 1374.963
   vertex -27.00846 -14.09955 1392.993
   vertex -20.08686 -21.61931 1392.993
  endloop
 endfacet
 facet normal 0.2361627 0.4524798 -0.8599356
  outer loop
   vertex -22.05225 -54.86007 1374.963
   vertex -41.53527 -44.6913 1374.963
   vertex -20.08686 -21.61931 1392.993
  endloop
 endfacet
 facet normal 0.2345978 0.4527325 -0.8602309
  outer loop
   vertex -22.05225 -54.86007 1374.963
   vertex -20.08686 -21.61931 1392.993
   vertex -10.68716 -26.49007 1392.993
  endloop
 endfacet
 facet normal 0.08124102 0.511224 -0.8555992
  outer loop
   vertex -0.005680924 -58.3636 1374.963
   vertex -22.05225 -54.86007 1374.963
   vertex -10.68716 -26.49007 1392.993
  endloop
 endfacet
 facet normal 0.08181515 0.5113447 -0.8554723
  outer loop
   vertex -0.005680924 -58.3636 1374.963
   vertex -10.68716 -26.49007 1392.993
   vertex -0.005680924 -28.1991 1392.993
  endloop
 endfacet
 facet normal -0.0440546 0.2753413 -0.9603366
  outer loop
   vertex 10.6758 -26.49007 1392.993
   vertex -0.005680924 -28.1991 1392.993
   vertex -0.005680924 -3.75988 1400
  endloop
 endfacet
 facet normal -0.04825909 0.2734682 -0.9606697
  outer loop
   vertex 10.6758 -26.49007 1392.993
   vertex -0.005680924 -3.75988 1400
   vertex 1.447 -3.503525 1400
  endloop
 endfacet
 facet normal -0.1257751 0.2427238 -0.9619074
  outer loop
   vertex 20.0755 -21.61931 1392.993
   vertex 10.6758 -26.49007 1392.993
   vertex 1.447 -3.503525 1400
  endloop
 endfacet
 facet normal -0.1228151 0.2456301 -0.961552
  outer loop
   vertex 20.0755 -21.61931 1392.993
   vertex 1.447 -3.503525 1400
   vertex 2.643326 -2.905362 1400
  endloop
 endfacet
 facet normal -0.1937706 0.180559 -0.964288
  outer loop
   vertex 27.08255 -14.09955 1392.993
   vertex 20.0755 -21.61931 1392.993
   vertex 2.643326 -2.905362 1400
  endloop
 endfacet
 facet normal -0.1947542 0.1785247 -0.9644686
  outer loop
   vertex 27.08255 -14.09955 1392.993
   vertex 2.643326 -2.905362 1400
   vertex 3.583296 -1.87994 1400
  endloop
 endfacet
 facet normal -0.2387407 0.09505417 -0.96642
  outer loop
   vertex 30.75698 -4.870754 1392.993
   vertex 27.08255 -14.09955 1392.993
   vertex 3.583296 -1.87994 1400
  endloop
 endfacet
 facet normal -0.2378581 0.1019392 -0.9659358
  outer loop
   vertex 30.75698 -4.870754 1392.993
   vertex 3.583296 -1.87994 1400
   vertex 4.096007 -0.6836146 1400
  endloop
 endfacet
 facet normal -0.2541881 -0 -0.9671548
  outer loop
   vertex 30.75698 4.870754 1392.993
   vertex 30.75698 -4.870754 1392.993
   vertex 4.096007 -0.6836146 1400
  endloop
 endfacet
 facet normal -0.2541881 0 -0.9671548
  outer loop
   vertex 30.75698 4.870754 1392.993
   vertex 4.096007 -0.6836146 1400
   vertex 4.096007 0.6836146 1400
  endloop
 endfacet
 facet normal -0.2390271 -0.09516822 -0.966338
  outer loop
   vertex 27.08255 14.09955 1392.993
   vertex 30.75698 4.870754 1392.993
   vertex 4.096007 0.6836146 1400
  endloop
 endfacet
 facet normal -0.2356876 -0.101009 -0.9665653
  outer loop
   vertex 27.08255 14.09955 1392.993
   vertex 4.096007 0.6836146 1400
   vertex 3.583296 1.87994 1400
  endloop
 endfacet
 facet normal -0.1936904 -0.1804842 -0.9643182
  outer loop
   vertex 20.0755 21.61931 1392.993
   vertex 27.08255 14.09955 1392.993
   vertex 3.583296 1.87994 1400
  endloop
 endfacet
 facet normal -0.1953508 -0.1790715 -0.9642466
  outer loop
   vertex 20.0755 21.61931 1392.993
   vertex 3.583296 1.87994 1400
   vertex 2.643326 2.905362 1400
  endloop
 endfacet
 facet normal -0.1258663 -0.2428998 -0.961851
  outer loop
   vertex 10.6758 26.49007 1392.993
   vertex 20.0755 21.61931 1392.993
   vertex 2.643326 2.905362 1400
  endloop
 endfacet
 facet normal -0.1221115 -0.2442229 -0.962
  outer loop
   vertex 10.6758 26.49007 1392.993
   vertex 2.643326 2.905362 1400
   vertex 1.447 3.503525 1400
  endloop
 endfacet
 facet normal -0.04401486 -0.2750929 -0.9604096
  outer loop
   vertex -0.005680924 28.1991 1392.993
   vertex 10.6758 26.49007 1392.993
   vertex 1.447 3.503525 1400
  endloop
 endfacet
 facet normal -0.04857943 -0.2752834 -0.9601349
  outer loop
   vertex -0.005680924 28.1991 1392.993
   vertex 1.447 3.503525 1400
   vertex -0.005680924 3.75988 1400
  endloop
 endfacet
 facet normal 0.0440546 -0.2753413 -0.9603366
  outer loop
   vertex -10.68716 26.49007 1392.993
   vertex -0.005680924 28.1991 1392.993
   vertex -0.005680924 3.75988 1400
  endloop
 endfacet
 facet normal 0.04825909 -0.2734682 -0.9606697
  outer loop
   vertex -10.68716 26.49007 1392.993
   vertex -0.005680924 3.75988 1400
   vertex -1.458362 3.503525 1400
  endloop
 endfacet
 facet normal 0.1257751 -0.2427238 -0.9619074
  outer loop
   vertex -20.08686 21.61931 1392.993
   vertex -10.68716 26.49007 1392.993
   vertex -1.458362 3.503525 1400
  endloop
 endfacet
 facet normal 0.1228151 -0.2456301 -0.961552
  outer loop
   vertex -20.08686 21.61931 1392.993
   vertex -1.458362 3.503525 1400
   vertex -2.654688 2.905362 1400
  endloop
 endfacet
 facet normal 0.1949534 -0.1794457 -0.9642574
  outer loop
   vertex -27.00846 14.09955 1392.993
   vertex -20.08686 21.61931 1392.993
   vertex -2.654688 2.905362 1400
  endloop
 endfacet
 facet normal 0.1952013 -0.1789345 -0.9643023
  outer loop
   vertex -27.00846 14.09955 1392.993
   vertex -2.654688 2.905362 1400
   vertex -3.594658 1.87994 1400
  endloop
 endfacet
 facet normal 0.2384726 -0.0971555 -0.9662772
  outer loop
   vertex -30.76834 4.870754 1392.993
   vertex -27.00846 14.09955 1392.993
   vertex -3.594658 1.87994 1400
  endloop
 endfacet
 facet normal 0.2378581 -0.1019392 -0.9659358
  outer loop
   vertex -30.76834 4.870754 1392.993
   vertex -3.594658 1.87994 1400
   vertex -4.107369 0.6836146 1400
  endloop
 endfacet
 facet normal 0.2541881 0 -0.9671548
  outer loop
   vertex -30.76834 -4.870754 1392.993
   vertex -30.76834 4.870754 1392.993
   vertex -4.107369 0.6836146 1400
  endloop
 endfacet
 facet normal 0.2541881 0 -0.9671548
  outer loop
   vertex -30.76834 -4.870754 1392.993
   vertex -4.107369 0.6836146 1400
   vertex -4.107369 -0.6836146 1400
  endloop
 endfacet
 facet normal 0.2386713 0.09723646 -0.96622
  outer loop
   vertex -27.00846 -14.09955 1392.993
   vertex -30.76834 -4.870754 1392.993
   vertex -4.107369 -0.6836146 1400
  endloop
 endfacet
 facet normal 0.2363441 0.1012903 -0.9663756
  outer loop
   vertex -27.00846 -14.09955 1392.993
   vertex -4.107369 -0.6836146 1400
   vertex -3.594658 -1.87994 1400
  endloop
 endfacet
 facet normal 0.1949331 0.179427 -0.964265
  outer loop
   vertex -20.08686 -21.61931 1392.993
   vertex -27.00846 -14.09955 1392.993
   vertex -3.594658 -1.87994 1400
  endloop
 endfacet
 facet normal 0.1953508 0.1790715 -0.9642466
  outer loop
   vertex -20.08686 -21.61931 1392.993
   vertex -3.594658 -1.87994 1400
   vertex -2.654688 -2.905362 1400
  endloop
 endfacet
 facet normal 0.1258663 0.2428998 -0.961851
  outer loop
   vertex -10.68716 -26.49007 1392.993
   vertex -20.08686 -21.61931 1392.993
   vertex -2.654688 -2.905362 1400
  endloop
 endfacet
 facet normal 0.1221115 0.2442229 -0.962
  outer loop
   vertex -10.68716 -26.49007 1392.993
   vertex -2.654688 -2.905362 1400
   vertex -1.458362 -3.503525 1400
  endloop
 endfacet
 facet normal 0.04401486 0.2750929 -0.9604096
  outer loop
   vertex -0.005680924 -28.1991 1392.993
   vertex -10.68716 -26.49007 1392.993
   vertex -1.458362 -3.503525 1400
  endloop
 endfacet
 facet normal 0.04857943 0.2752834 -0.9601349
  outer loop
   vertex -0.005680924 -28.1991 1392.993
   vertex -1.458362 -3.503525 1400
   vertex -0.005680924 -3.75988 1400
  endloop
 endfacet
 facet normal 0 0 1
  outer loop
   vertex -0.005680924 -0 1084.576
   vertex -0.005680924 -45.20402 1084.576
   vertex 17.08468 -42.46956 1084.576
  endloop
 endfacet
 facet normal 0 0 1
  outer loop
   vertex -0.005680924 -0 1084.576
   vertex 17.08468 -42.46956 1084.576
   vertex 32.12421 -34.60799 1084.576
  endloop
 endfacet
 facet normal 0 0 1
  outer loop
   vertex -0.005680924 -0 1084.576
   vertex 32.12421 -34.60799 1084.576
   vertex 43.31839 -22.55928 1084.576
  endloop
 endfacet
 facet normal 0 0 1
  outer loop
   vertex -0.005680924 -0 1084.576
   vertex 43.31839 -22.55928 1084.576
   vertex 49.21457 -7.861568 1084.576
  endloop
 endfacet
 facet normal -0 0 1
  outer loop
   vertex -0.005680924 -0 1084.576
   vertex 49.21457 -7.861568 1084.576
   vertex 49.21457 7.861568 1084.576
  endloop
 endfacet
 facet normal 0 0 1
  outer loop
   vertex -0.005680924 -0 1084.576
   vertex 49.21457 7.861568 1084.576
   vertex 43.31839 22.55928 1084.576
  endloop
 endfacet
 facet normal 0 0 1
  outer loop
   vertex -0.005680924 -0 1084.576
   vertex 43.31839 22.55928 1084.576
   vertex 32.12421 34.60799 1084.576
  endloop
 endfacet
 facet normal 0 0 1
  outer loop
   vertex -0.005680924 -0 1084.576
   vertex 32.12421 34.60799 1084.576
   vertex 17.08468 42.46956 1084.576
  endloop
 endfacet
 facet normal 0 0 1
  outer loop
   vertex -0.005680924 -0 1084.576
   vertex 17.08468 42.46956 1084.576
   vertex -0.005680924 45.20402 1084.576
  endloop
 endfacet
 facet normal 0 -0 1
  outer loop
   vertex -0.005680924 -0 1084.576
   vertex -0.005680924 45.20402 1084.576
   vertex -17.09605 42.46956 1084.576
  endloop
 endfacet
 facet normal 0 0 1
  outer loop
   vertex -0.005680924 -0 1084.576
   vertex -17.09605 42.46956 1084.576
   vertex -32.13557 34.60799 1084.576
  endloop
 endfacet
 facet normal 0 0 1
  outer loop
   vertex -0.005680924 -0 1084.576
   vertex -32.13557 34.60799 1084.576
   vertex -43.2443 22.55928 1084.576
  endloop
 endfacet
 facet normal 0 0 1
  outer loop
   vertex -0.005680924 -0 1084.576
   vertex -43.2443 22.55928 1084.576
   vertex -49.22593 7.861568 1084.576
  endloop
 endfacet
 facet normal 0 0 1
  outer loop
   vertex -0.005680924 -0 1084.576
   vertex -49.22593 7.861568 1084.576
   vertex -49.22593 -7.861568 1084.576
  endloop
 endfacet
 facet normal 0 0 1
  outer loop
   vertex -0.005680924 -0 1084.576
   vertex -49.22593 -7.861568 1084.576
   vertex -43.2443 -22.55928 1084.576
  endloop
 endfacet
 facet normal 0 0 1
  outer loop
   vertex -0.005680924 -0 1084.576
   vertex -43.2443 -22.55928 1084.576
   vertex -32.13557 -34.60799 1084.576
  endloop
 endfacet
 facet normal 0 0 1
  outer loop
   vertex -0.005680924 -0 1084.576
   vertex -32.13557 -34.60799 1084.576
   vertex -17.09605 -42.46956 1084.576
  endloop
 endfacet
 facet normal 0 0 1
  outer loop
   vertex -0.005680924 -0 1084.576
   vertex -17.09605 -42.46956 1084.576
   vertex -0.005680924 -45.20402 1084.576
  endloop
 endfacet
 facet normal 0 0 -1
  outer loop
   vertex -0.005680924 -0 1400
   vertex 1.447 -3.503525 1400
   vertex -0.005680924 -3.75988 1400
  endloop
 endfacet
 facet normal 0 0 -1
  outer loop
   vertex -0.005680924 -0 1400
   vertex 2.643326 -2.905362 1400
   vertex 1.447 -3.503525 1400
  endloop
 endfacet
 facet normal 0 0 -1
  outer loop
   vertex -0.005680924 -0 1400
   vertex 3.583296 -1.87994 1400
   vertex 2.643326 -2.905362 1400
  endloop
 endfacet
 facet normal 0 0 -1
  outer loop
   vertex -0.005680924 -0 1400
   vertex 4.096007 -0.6836146 1400
   vertex 3.583296 -1.87994 1400
  endloop
 endfacet
 facet normal 0 0 -1
  outer loop
   vertex -0.005680924 -0 1400
   vertex 4.096007 0.6836146 1400
   vertex 4.096007 -0.6836146 1400
  endloop
 endfacet
 facet normal 0 0 -1
  outer loop
   vertex -0.005680924 -0 1400
   vertex 3.583296 1.87994 1400
   vertex 4.096007 0.6836146 1400
  endloop
 endfacet
 facet normal 0 0 -1
  outer loop
   vertex -0.005680924 -0 1400
   vertex 2.643326 2.905362 1400
   vertex 3.583296 1.87994 1400
  endloop
 endfacet
 facet normal 0 0 -1
  outer loop
   vertex -0.005680924 -0 1400
   vertex 1.447 3.503525 1400
   vertex 2.643326 2.905362 1400
  endloop
 endfacet
 facet normal 0 0 -1
  outer loop
   vertex -0.005680924 -0 1400
   vertex -0.005680924 3.75988 1400
   vertex 1.447 3.503525 1400
  endloop
 endfacet
 facet normal 0 0 -1
  outer loop
   vertex -0.005680924 -0 1400
   vertex -1.458362 3.503525 1400
   vertex -0.005680924 3.75988 1400
  endloop
 endfacet
 facet normal 0 0 -1
  outer loop
   vertex -0.005680924 -0 1400
   vertex -2.654688 2.905362 1400
   vertex -1.458362 3.503525 1400
  endloop
 endfacet
 facet normal 0 0 -1
  outer loop
   vertex -0.005680924 -0 1400
   vertex -3.594658 1.87994 1400
   vertex -2.654688 2.905362 1400
  endloop
 endfacet
 facet normal 0 0 -1
  outer loop
   vertex -0.005680924 -0 1400
   vertex -4.107369 0.6836146 1400
   vertex -3.594658 1.87994 1400
  endloop
 endfacet
 facet normal -0 0 -1
  outer loop
   vertex -0.005680924 -0 1400
   vertex -4.107369 -0.6836146 1400
   vertex -4.107369 0.6836146 1400
  endloop
 endfacet
 facet normal 0 0 -1
  outer loop
   vertex -0.005680924 -0 1400
   vertex -3.594658 -1.87994 1400
   vertex -4.107369 -0.6836146 1400
  endloop
 endfacet
 facet normal 0 0 -1
  outer loop
   vertex -0.005680924 -0 1400
   vertex -2.654688 -2.905362 1400
   vertex -3.594658 -1.87994 1400
  endloop
 endfacet
 facet normal 0 0 -1
  outer loop
   vertex -0.005680924 -0 1400
   vertex -1.458362 -3.503525 1400
   vertex -2.654688 -2.905362 1400
  endloop
 endfacet
 facet normal 0 -0 -1
  outer loop
   vertex -0.005680924 -0 1400
   vertex -0.005680924 -3.75988 1400
   vertex -1.458362 -3.503525 1400
  endloop
 endfacet
 facet normal 0.1756126 0.9628136 0.205305
  outer loop
   vertex -25.55578 111.4292 978.4234
   vertex 1.276096 105.533 983.1232
   vertex 20.2464 122.0252 889.5535
  endloop
 endfacet
 facet normal 0.1774316 0.9622929 0.2061804
  outer loop
   vertex -25.55578 111.4292 978.4234
   vertex 20.2464 122.0252 889.5535
   vertex -4.449176 127.4941 885.2809
  endloop
 endfacet
 facet normal 0.6657623 0.6952945 0.2707878
  outer loop
   vertex -42.56069 128.1777 977.2271
   vertex -25.55578 111.4292 978.4234
   vertex -4.449176 127.4941 885.2809
  endloop
 endfacet
 facet normal 0.6652455 0.695874 0.2705692
  outer loop
   vertex -42.56069 128.1777 977.2271
   vertex -4.449176 127.4941 885.2809
   vertex -20.08686 142.8755 884.17
  endloop
 endfacet
 facet normal 0.9436003 0.2047081 0.2602173
  outer loop
   vertex -49.05503 155.1805 979.5343
   vertex -42.56069 128.1777 977.2271
   vertex -20.08686 142.8755 884.17
  endloop
 endfacet
 facet normal 0.9436135 0.2046294 0.2602315
  outer loop
   vertex -49.05503 155.1805 979.5343
   vertex -20.08686 142.8755 884.17
   vertex -26.06849 167.7419 886.3063
  endloop
 endfacet
 facet normal 0.9543214 -0.2162593 0.2061616
  outer loop
   vertex -43.92792 182.2047 984.1487
   vertex -49.05503 155.1805 979.5343
   vertex -26.06849 167.7419 886.3063
  endloop
 endfacet
 facet normal 0.9542993 -0.216348 0.2061707
  outer loop
   vertex -43.92792 182.2047 984.1487
   vertex -26.06849 167.7419 886.3063
   vertex -21.36864 192.5443 890.5789
  endloop
 endfacet
 facet normal 0.7015946 -0.7067347 0.09105577
  outer loop
   vertex -27.77752 198.9532 989.703
   vertex -43.92792 182.2047 984.1487
   vertex -21.36864 192.5443 890.5789
  endloop
 endfacet
 facet normal 0.7029199 -0.7054165 0.09105623
  outer loop
   vertex -27.77752 198.9532 989.703
   vertex -21.36864 192.5443 890.5789
   vertex -6.50002 208.0111 895.6206
  endloop
 endfacet
 facet normal 0.2264563 -0.9730949 -0.04247088
  outer loop
   vertex -1.287458 204.8494 995.8556
   vertex -27.77752 198.9532 989.703
   vertex -6.50002 208.0111 895.6206
  endloop
 endfacet
 facet normal 0.2250008 -0.9734354 -0.04240593
  outer loop
   vertex -1.287458 204.8494 995.8556
   vertex -6.50002 208.0111 895.6206
   vertex 17.85375 213.3946 901.2604
  endloop
 endfacet
 facet normal -0.1920468 -0.9731636 -0.1267704
  outer loop
   vertex 25.54441 198.9532 1000.47
   vertex -1.287458 204.8494 995.8556
   vertex 17.85375 213.3946 901.2604
  endloop
 endfacet
 facet normal -0.1902496 -0.9734921 -0.1269575
  outer loop
   vertex 25.54441 198.9532 1000.47
   vertex 17.85375 213.3946 901.2604
   vertex 42.54933 208.0111 905.533
  endloop
 endfacet
 facet normal -0.6821905 -0.7061728 -0.1895682
  outer loop
   vertex 42.54933 182.2047 1001.666
   vertex 25.54441 198.9532 1000.47
   vertex 42.54933 208.0111 905.533
  endloop
 endfacet
 facet normal -0.6836821 -0.704826 -0.1892066
  outer loop
   vertex 42.54933 182.2047 1001.666
   vertex 42.54933 208.0111 905.533
   vertex 58.18701 192.5443 906.6439
  endloop
 endfacet
 facet normal -0.9594759 -0.2156668 -0.1813667
  outer loop
   vertex 49.04367 155.1805 999.4445
   vertex 42.54933 182.2047 1001.666
   vertex 58.18701 192.5443 906.6439
  endloop
 endfacet
 facet normal -0.9592787 -0.2163333 -0.1816156
  outer loop
   vertex 49.04367 155.1805 999.4445
   vertex 58.18701 192.5443 906.6439
   vertex 64.16864 167.7419 904.593
  endloop
 endfacet
 facet normal -0.9701479 0.2063739 -0.1273687
  outer loop
   vertex 43.91656 128.1777 994.7447
   vertex 49.04367 155.1805 999.4445
   vertex 64.16864 167.7419 904.593
  endloop
 endfacet
 facet normal -0.9703005 0.2053573 -0.1278491
  outer loop
   vertex 43.91656 128.1777 994.7447
   vertex 64.16864 167.7419 904.593
   vertex 59.46879 142.8755 900.3204
  endloop
 endfacet
 facet normal -0.7181774 0.6957884 -0.009984328
  outer loop
   vertex 27.76616 111.4292 989.2758
   vertex 43.91656 128.1777 994.7447
   vertex 59.46879 142.8755 900.3204
  endloop
 endfacet
 facet normal -0.7174103 0.6965871 -0.009428593
  outer loop
   vertex 27.76616 111.4292 989.2758
   vertex 59.46879 142.8755 900.3204
   vertex 44.60017 127.4941 895.2788
  endloop
 endfacet
 facet normal -0.2423825 0.9625922 0.1211073
  outer loop
   vertex 1.276096 105.533 983.1232
   vertex 27.76616 111.4292 989.2758
   vertex 44.60017 127.4941 895.2788
  endloop
 endfacet
 facet normal -0.2443076 0.9622356 0.1200686
  outer loop
   vertex 1.276096 105.533 983.1232
   vertex 44.60017 127.4941 895.2788
   vertex 20.2464 122.0252 889.5535
  endloop
 endfacet
 facet normal 0.1773484 0.962224 0.2065733
  outer loop
   vertex -4.449176 127.4941 885.2809
   vertex 20.2464 122.0252 889.5535
   vertex 39.21671 138.6029 796.0478
  endloop
 endfacet
 facet normal 0.1756439 0.9627025 0.2057988
  outer loop
   vertex -4.449176 127.4941 885.2809
   vertex 39.21671 138.6029 796.0478
   vertex 16.65742 143.5591 792.1171
  endloop
 endfacet
 facet normal 0.6652154 0.6958527 0.270698
  outer loop
   vertex -20.08686 142.8755 884.17
   vertex -4.449176 127.4941 885.2809
   vertex 16.65742 143.5591 792.1171
  endloop
 endfacet
 facet normal 0.6665576 0.6943624 0.2712227
  outer loop
   vertex -20.08686 142.8755 884.17
   vertex 16.65742 143.5591 792.1171
   vertex 2.38697 157.6586 791.0916
  endloop
 endfacet
 facet normal 0.9435898 0.2046154 0.2603283
  outer loop
   vertex -26.06849 167.7419 886.3063
   vertex -20.08686 142.8755 884.17
   vertex 2.38697 157.6586 791.0916
  endloop
 endfacet
 facet normal 0.9433421 0.2060381 0.2601036
  outer loop
   vertex -26.06849 167.7419 886.3063
   vertex 2.38697 157.6586 791.0916
   vertex -3.081947 180.3247 792.9716
  endloop
 endfacet
 facet normal 0.9543701 -0.2163115 0.2058812
  outer loop
   vertex -21.36864 192.5443 890.5789
   vertex -26.06849 167.7419 886.3063
   vertex -3.081947 180.3247 792.9716
  endloop
 endfacet
 facet normal 0.954489 -0.2158234 0.2058423
  outer loop
   vertex -21.36864 192.5443 890.5789
   vertex -3.081947 180.3247 792.9716
   vertex 1.190645 202.9694 796.9024
  endloop
 endfacet
 facet normal 0.7029815 -0.7053892 0.090791
  outer loop
   vertex -6.50002 208.0111 895.6206
   vertex -21.36864 192.5443 890.5789
   vertex 1.190645 202.9694 796.9024
  endloop
 endfacet
 facet normal 0.7020974 -0.7062723 0.09076722
  outer loop
   vertex -6.50002 208.0111 895.6206
   vertex 1.190645 202.9694 796.9024
   vertex 14.77748 217.069 801.5168
  endloop
 endfacet
 facet normal 0.2250841 -0.9733988 -0.04280075
  outer loop
   vertex 17.85375 213.3946 901.2604
   vertex -6.50002 208.0111 895.6206
   vertex 14.77748 217.069 801.5168
  endloop
 endfacet
 facet normal 0.2262594 -0.9731251 -0.04282692
  outer loop
   vertex 17.85375 213.3946 901.2604
   vertex 14.77748 217.069 801.5168
   vertex 37.08041 222.0252 806.7293
  endloop
 endfacet
 facet normal -0.1901358 -0.9734374 -0.127546
  outer loop
   vertex 42.54933 208.0111 905.533
   vertex 17.85375 213.3946 901.2604
   vertex 37.08041 222.0252 806.7293
  endloop
 endfacet
 facet normal -0.1927795 -0.9729456 -0.1273299
  outer loop
   vertex 42.54933 208.0111 905.533
   vertex 37.08041 222.0252 806.7293
   vertex 59.55424 217.069 810.5746
  endloop
 endfacet
 facet normal -0.6836065 -0.7047811 -0.1896463
  outer loop
   vertex 58.18701 192.5443 906.6439
   vertex 42.54933 208.0111 905.533
   vertex 59.55424 217.069 810.5746
  endloop
 endfacet
 facet normal -0.6831324 -0.7052128 -0.1897498
  outer loop
   vertex 58.18701 192.5443 906.6439
   vertex 59.55424 217.069 810.5746
   vertex 73.8247 202.9694 811.6001
  endloop
 endfacet
 facet normal -0.9592873 -0.2163397 -0.1815626
  outer loop
   vertex 64.16864 167.7419 904.593
   vertex 58.18701 192.5443 906.6439
   vertex 73.8247 202.9694 811.6001
  endloop
 endfacet
 facet normal -0.9582513 -0.2198676 -0.1827915
  outer loop
   vertex 64.16864 167.7419 904.593
   vertex 73.8247 202.9694 811.6001
   vertex 79.37906 180.3247 809.7201
  endloop
 endfacet
 facet normal -0.9702265 0.2054219 -0.1283062
  outer loop
   vertex 59.46879 142.8755 900.3204
   vertex 64.16864 167.7419 904.593
   vertex 79.37906 180.3247 809.7201
  endloop
 endfacet
 facet normal -0.9697554 0.2084708 -0.1269424
  outer loop
   vertex 59.46879 142.8755 900.3204
   vertex 79.37906 180.3247 809.7201
   vertex 75.02102 157.6586 805.7893
  endloop
 endfacet
 facet normal -0.7174647 0.6965353 -0.009110032
  outer loop
   vertex 44.60017 127.4941 895.2788
   vertex 59.46879 142.8755 900.3204
   vertex 75.02102 157.6586 805.7893
  endloop
 endfacet
 facet normal -0.7203935 0.6934761 -0.0111368
  outer loop
   vertex 44.60017 127.4941 895.2788
   vertex 75.02102 157.6586 805.7893
   vertex 61.51963 143.5591 801.1749
  endloop
 endfacet
 facet normal -0.244358 0.9621906 0.1203259
  outer loop
   vertex 20.2464 122.0252 889.5535
   vertex 44.60017 127.4941 895.2788
   vertex 61.51963 143.5591 801.1749
  endloop
 endfacet
 facet normal -0.2418774 0.9626574 0.1215981
  outer loop
   vertex 20.2464 122.0252 889.5535
   vertex 61.51963 143.5591 801.1749
   vertex 39.21671 138.6029 796.0478
  endloop
 endfacet
 facet normal 0.1758285 0.962854 0.2049306
  outer loop
   vertex 16.65742 143.5591 792.1171
   vertex 39.21671 138.6029 796.0478
   vertex 57.93066 155.0096 702.9054
  endloop
 endfacet
 facet normal 0.1756017 0.962916 0.2048337
  outer loop
   vertex 16.65742 143.5591 792.1171
   vertex 57.93066 155.0096 702.9054
   vertex 39.64397 160.3076 693.6766
  endloop
 endfacet
 facet normal 0.666 0.6939699 0.2735869
  outer loop
   vertex 2.38697 157.6586 791.0916
   vertex 16.65742 143.5591 792.1171
   vertex 39.64397 160.3076 693.6766
  endloop
 endfacet
 facet normal 0.6736135 0.6855075 0.2762686
  outer loop
   vertex 2.38697 157.6586 791.0916
   vertex 39.64397 160.3076 693.6766
   vertex 28.02252 173.5527 689.1476
  endloop
 endfacet
 facet normal 0.9412189 0.2048196 0.2686187
  outer loop
   vertex -3.081947 180.3247 792.9716
   vertex 2.38697 157.6586 791.0916
   vertex 28.02252 173.5527 689.1476
  endloop
 endfacet
 facet normal 0.9429397 0.1951729 0.2697634
  outer loop
   vertex -3.081947 180.3247 792.9716
   vertex 28.02252 173.5527 689.1476
   vertex 23.66447 194.2534 689.404
  endloop
 endfacet
 facet normal 0.9517978 -0.217182 0.2165941
  outer loop
   vertex 1.190645 202.9694 796.9024
   vertex -3.081947 180.3247 792.9716
   vertex 23.66447 194.2534 689.404
  endloop
 endfacet
 facet normal 0.9520214 -0.2162301 0.2165637
  outer loop
   vertex 1.190645 202.9694 796.9024
   vertex 23.66447 194.2534 689.404
   vertex 27.25345 214.5909 693.9329
  endloop
 endfacet
 facet normal 0.7005081 -0.7069502 0.09751846
  outer loop
   vertex 14.77748 217.069 801.5168
   vertex 1.190645 202.9694 796.9024
   vertex 27.25345 214.5909 693.9329
  endloop
 endfacet
 facet normal 0.7105646 -0.6967106 0.09844881
  outer loop
   vertex 14.77748 217.069 801.5168
   vertex 27.25345 214.5909 693.9329
   vertex 38.27674 226.896 701.4527
  endloop
 endfacet
 facet normal 0.22618 -0.9731599 -0.04245422
  outer loop
   vertex 37.08041 222.0252 806.7293
   vertex 14.77748 217.069 801.5168
   vertex 38.27674 226.896 701.4527
  endloop
 endfacet
 facet normal 0.2250162 -0.9734286 -0.04247987
  outer loop
   vertex 37.08041 222.0252 806.7293
   vertex 38.27674 226.896 701.4527
   vertex 56.47798 230.6558 711.7069
  endloop
 endfacet
 facet normal -0.1927075 -0.9729106 -0.1277056
  outer loop
   vertex 59.55424 217.069 810.5746
   vertex 37.08041 222.0252 806.7293
   vertex 56.47798 230.6558 711.7069
  endloop
 endfacet
 facet normal -0.2172951 -0.9679065 -0.1262528
  outer loop
   vertex 59.55424 217.069 810.5746
   vertex 56.47798 230.6558 711.7069
   vertex 74.76467 225.3578 720.8502
  endloop
 endfacet
 facet normal -0.6845679 -0.7060494 -0.1812761
  outer loop
   vertex 73.8247 202.9694 811.6001
   vertex 59.55424 217.069 810.5746
   vertex 74.76467 225.3578 720.8502
  endloop
 endfacet
 facet normal -0.708126 -0.6837919 -0.1760291
  outer loop
   vertex 73.8247 202.9694 811.6001
   vertex 74.76467 225.3578 720.8502
   vertex 86.40748 212.1128 725.4646
  endloop
 endfacet
 facet normal -0.9611274 -0.2221346 -0.1639826
  outer loop
   vertex 79.37906 180.3247 809.7201
   vertex 73.8247 202.9694 811.6001
   vertex 86.40748 212.1128 725.4646
  endloop
 endfacet
 facet normal -0.9669581 -0.2011925 -0.1565679
  outer loop
   vertex 79.37906 180.3247 809.7201
   vertex 86.40748 212.1128 725.4646
   vertex 90.76552 191.4335 725.1228
  endloop
 endfacet
 facet normal -0.9731825 0.2051591 -0.1040464
  outer loop
   vertex 75.02102 157.6586 805.7893
   vertex 79.37906 180.3247 809.7201
   vertex 90.76552 191.4335 725.1228
  endloop
 endfacet
 facet normal -0.9746985 0.1954829 -0.1083936
  outer loop
   vertex 75.02102 157.6586 805.7893
   vertex 90.76552 191.4335 725.1228
   vertex 87.17654 171.0746 720.6793
  endloop
 endfacet
 facet normal -0.7231627 0.6906551 0.005585306
  outer loop
   vertex 61.51963 143.5591 801.1749
   vertex 75.02102 157.6586 805.7893
   vertex 87.17654 171.0746 720.6793
  endloop
 endfacet
 facet normal -0.7419456 0.6704201 -0.007318379
  outer loop
   vertex 61.51963 143.5591 801.1749
   vertex 87.17654 171.0746 720.6793
   vertex 76.1319 158.7695 713.1596
  endloop
 endfacet
 facet normal -0.2427044 0.9618912 0.1259361
  outer loop
   vertex 39.21671 138.6029 796.0478
   vertex 61.51963 143.5591 801.1749
   vertex 76.1319 158.7695 713.1596
  endloop
 endfacet
 facet normal -0.2631171 0.9577835 0.1158457
  outer loop
   vertex 39.21671 138.6029 796.0478
   vertex 76.1319 158.7695 713.1596
   vertex 57.93066 155.0096 702.9054
  endloop
 endfacet
 facet normal 0.119289 0.9445666 0.3058823
  outer loop
   vertex 39.64397 160.3076 693.6766
   vertex 57.93066 155.0096 702.9054
   vertex 120.7591 165.9474 644.6272
  endloop
 endfacet
 facet normal 0.1097 0.9505026 0.2907072
  outer loop
   vertex 39.64397 160.3076 693.6766
   vertex 120.7591 165.9474 644.6272
   vertex 108.3686 171.2455 631.9803
  endloop
 endfacet
 facet normal 0.4652142 0.6231588 0.6286882
  outer loop
   vertex 28.02252 173.5527 689.1476
   vertex 39.64397 160.3076 693.6766
   vertex 108.3686 171.2455 631.9803
  endloop
 endfacet
 facet normal 0.4555926 0.6442463 0.6143143
  outer loop
   vertex 28.02252 173.5527 689.1476
   vertex 108.3686 171.2455 631.9803
   vertex 100.507 183.4864 624.9733
  endloop
 endfacet
 facet normal 0.6476934 0.1270533 0.7512328
  outer loop
   vertex 23.66447 194.2534 689.404
   vertex 28.02252 173.5527 689.1476
   vertex 100.507 183.4864 624.9733
  endloop
 endfacet
 facet normal 0.6476619 0.135406 0.7497995
  outer loop
   vertex 23.66447 194.2534 689.404
   vertex 100.507 183.4864 624.9733
   vertex 97.60167 202.1149 624.1188
  endloop
 endfacet
 facet normal 0.6529451 -0.2725894 0.7066525
  outer loop
   vertex 27.25345 214.5909 693.9329
   vertex 23.66447 194.2534 689.404
   vertex 97.60167 202.1149 624.1188
  endloop
 endfacet
 facet normal 0.6511679 -0.278621 0.7059396
  outer loop
   vertex 27.25345 214.5909 693.9329
   vertex 97.60167 202.1149 624.1188
   vertex 100.1652 220.2307 628.9041
  endloop
 endfacet
 facet normal 0.4858473 -0.7294741 0.4814769
  outer loop
   vertex 38.27674 226.896 701.4527
   vertex 27.25345 214.5909 693.9329
   vertex 100.1652 220.2307 628.9041
  endloop
 endfacet
 facet normal 0.4697926 -0.7476058 0.4694471
  outer loop
   vertex 38.27674 226.896 701.4527
   vertex 100.1652 220.2307 628.9041
   vertex 107.7704 230.9122 638.3038
  endloop
 endfacet
 facet normal 0.1472518 -0.9840857 0.09945943
  outer loop
   vertex 56.47798 230.6558 711.7069
   vertex 38.27674 226.896 701.4527
   vertex 107.7704 230.9122 638.3038
  endloop
 endfacet
 facet normal 0.1256525 -0.9884818 0.08435097
  outer loop
   vertex 56.47798 230.6558 711.7069
   vertex 107.7704 230.9122 638.3038
   vertex 120.1609 233.6467 651.8906
  endloop
 endfacet
 facet normal -0.1658855 -0.9602228 -0.2246199
  outer loop
   vertex 74.76467 225.3578 720.8502
   vertex 56.47798 230.6558 711.7069
   vertex 120.1609 233.6467 651.8906
  endloop
 endfacet
 facet normal -0.1737035 -0.9576921 -0.2294624
  outer loop
   vertex 74.76467 225.3578 720.8502
   vertex 120.1609 233.6467 651.8906
   vertex 132.5515 228.3486 664.6229
  endloop
 endfacet
 facet normal -0.5138518 -0.6476792 -0.5625548
  outer loop
   vertex 86.40748 212.1128 725.4646
   vertex 74.76467 225.3578 720.8502
   vertex 132.5515 228.3486 664.6229
  endloop
 endfacet
 facet normal -0.5133886 -0.6482249 -0.5623492
  outer loop
   vertex 86.40748 212.1128 725.4646
   vertex 132.5515 228.3486 664.6229
   vertex 140.413 216.0436 671.63
  endloop
 endfacet
 facet normal -0.6946157 -0.1347057 -0.7066565
  outer loop
   vertex 90.76552 191.4335 725.1228
   vertex 86.40748 212.1128 725.4646
   vertex 140.413 216.0436 671.63
  endloop
 endfacet
 facet normal -0.692636 -0.1404788 -0.7074751
  outer loop
   vertex 90.76552 191.4335 725.1228
   vertex 140.413 216.0436 671.63
   vertex 143.3184 197.4151 672.4845
  endloop
 endfacet
 facet normal -0.6968441 0.2680405 -0.6652537
  outer loop
   vertex 87.17654 171.0746 720.6793
   vertex 90.76552 191.4335 725.1228
   vertex 143.3184 197.4151 672.4845
  endloop
 endfacet
 facet normal -0.6973618 0.2764718 -0.6612487
  outer loop
   vertex 87.17654 171.0746 720.6793
   vertex 143.3184 197.4151 672.4845
   vertex 140.7548 179.2993 667.6137
  endloop
 endfacet
 facet normal -0.5310019 0.7346623 -0.4222656
  outer loop
   vertex 76.1319 158.7695 713.1596
   vertex 87.17654 171.0746 720.6793
   vertex 140.7548 179.2993 667.6137
  endloop
 endfacet
 facet normal -0.5269517 0.7429116 -0.4128006
  outer loop
   vertex 76.1319 158.7695 713.1596
   vertex 140.7548 179.2993 667.6137
   vertex 133.1496 168.6819 658.214
  endloop
 endfacet
 facet normal -0.1908794 0.9813882 -0.02103146
  outer loop
   vertex 57.93066 155.0096 702.9054
   vertex 76.1319 158.7695 713.1596
   vertex 133.1496 168.6819 658.214
  endloop
 endfacet
 facet normal -0.1917668 0.9811805 -0.02258862
  outer loop
   vertex 57.93066 155.0096 702.9054
   vertex 133.1496 168.6819 658.214
   vertex 120.7591 165.9474 644.6272
  endloop
 endfacet
 facet normal 0.1075371 0.9501454 0.2926766
  outer loop
   vertex 108.3686 171.2455 631.9803
   vertex 120.7591 165.9474 644.6272
   vertex 183.9935 176.8212 586.0927
  endloop
 endfacet
 facet normal 0.1112978 0.9478673 0.2985975
  outer loop
   vertex 108.3686 171.2455 631.9803
   vertex 183.9935 176.8212 586.0927
   vertex 173.312 181.521 575.1549
  endloop
 endfacet
 facet normal 0.4444012 0.6426588 0.6240972
  outer loop
   vertex 100.507 183.4864 624.9733
   vertex 108.3686 171.2455 631.9803
   vertex 173.312 181.521 575.1549
  endloop
 endfacet
 facet normal 0.4490608 0.6322851 0.631316
  outer loop
   vertex 100.507 183.4864 624.9733
   vertex 173.312 181.521 575.1549
   vertex 166.5613 192.288 569.1732
  endloop
 endfacet
 facet normal 0.6291458 0.1332512 0.7657804
  outer loop
   vertex 97.60167 202.1149 624.1188
   vertex 100.507 183.4864 624.9733
   vertex 166.5613 192.288 569.1732
  endloop
 endfacet
 facet normal 0.6291141 0.126322 0.7669799
  outer loop
   vertex 97.60167 202.1149 624.1188
   vertex 166.5613 192.288 569.1732
   vertex 164.0832 208.7802 568.4896
  endloop
 endfacet
 facet normal 0.6323887 -0.2802533 0.7221791
  outer loop
   vertex 100.1652 220.2307 628.9041
   vertex 97.60167 202.1149 624.1188
   vertex 164.0832 208.7802 568.4896
  endloop
 endfacet
 facet normal 0.6341784 -0.2742135 0.7229279
  outer loop
   vertex 100.1652 220.2307 628.9041
   vertex 164.0832 208.7802 568.4896
   vertex 166.2195 224.7597 572.6768
  endloop
 endfacet
 facet normal 0.4590002 -0.7482828 0.4789485
  outer loop
   vertex 107.7704 230.9122 638.3038
   vertex 100.1652 220.2307 628.9041
   vertex 166.2195 224.7597 572.6768
  endloop
 endfacet
 facet normal 0.4643294 -0.7422812 0.4831323
  outer loop
   vertex 107.7704 230.9122 638.3038
   vertex 166.2195 224.7597 572.6768
   vertex 172.7993 234.1594 580.7947
  endloop
 endfacet
 facet normal 0.124719 -0.9885263 0.08521123
  outer loop
   vertex 120.1609 233.6467 651.8906
   vertex 107.7704 230.9122 638.3038
   vertex 172.7993 234.1594 580.7947
  endloop
 endfacet
 facet normal 0.1270551 -0.9880778 0.0869441
  outer loop
   vertex 120.1609 233.6467 651.8906
   vertex 172.7993 234.1594 580.7947
   vertex 183.3953 236.552 592.5016
  endloop
 endfacet
 facet normal -0.1725456 -0.9576363 -0.230566
  outer loop
   vertex 132.5515 228.3486 664.6229
   vertex 120.1609 233.6467 651.8906
   vertex 183.3953 236.552 592.5016
  endloop
 endfacet
 facet normal -0.1753071 -0.9566897 -0.2324051
  outer loop
   vertex 132.5515 228.3486 664.6229
   vertex 183.3953 236.552 592.5016
   vertex 194.0768 231.9376 603.4394
  endloop
 endfacet
 facet normal -0.5174031 -0.6485035 -0.5583343
  outer loop
   vertex 140.413 216.0436 671.63
   vertex 132.5515 228.3486 664.6229
   vertex 194.0768 231.9376 603.4394
  endloop
 endfacet
 facet normal -0.5259626 -0.6378542 -0.5625882
  outer loop
   vertex 140.413 216.0436 671.63
   vertex 194.0768 231.9376 603.4394
   vertex 200.8275 221.1707 609.3356
  endloop
 endfacet
 facet normal -0.7047436 -0.1418016 -0.6951466
  outer loop
   vertex 143.3184 197.4151 672.4845
   vertex 140.413 216.0436 671.63
   vertex 200.8275 221.1707 609.3356
  endloop
 endfacet
 facet normal -0.7057507 -0.1384455 -0.6948012
  outer loop
   vertex 143.3184 197.4151 672.4845
   vertex 200.8275 221.1707 609.3356
   vertex 203.3056 204.6785 610.1047
  endloop
 endfacet
 facet normal -0.7088084 0.2749611 -0.6496053
  outer loop
   vertex 140.7548 179.2993 667.6137
   vertex 143.3184 197.4151 672.4845
   vertex 203.3056 204.6785 610.1047
  endloop
 endfacet
 facet normal -0.7087003 0.2659721 -0.6534545
  outer loop
   vertex 140.7548 179.2993 667.6137
   vertex 203.3056 204.6785 610.1047
   vertex 201.1693 188.699 605.9175
  endloop
 endfacet
 facet normal -0.5319475 0.7420936 -0.4078346
  outer loop
   vertex 133.1496 168.6819 658.214
   vertex 140.7548 179.2993 667.6137
   vertex 201.1693 188.699 605.9175
  endloop
 endfacet
 facet normal -0.5360435 0.7345469 -0.4160507
  outer loop
   vertex 133.1496 168.6819 658.214
   vertex 201.1693 188.699 605.9175
   vertex 194.5895 179.2993 597.7996
  endloop
 endfacet
 facet normal -0.1917679 0.9811804 -0.02258761
  outer loop
   vertex 120.7591 165.9474 644.6272
   vertex 133.1496 168.6819 658.214
   vertex 194.5895 179.2993 597.7996
  endloop
 endfacet
 facet normal -0.1962018 0.9801081 -0.02988404
  outer loop
   vertex 120.7591 165.9474 644.6272
   vertex 194.5895 179.2993 597.7996
   vertex 183.9935 176.8212 586.0927
  endloop
 endfacet
 facet normal 0.1121302 0.9480061 0.2978442
  outer loop
   vertex 173.312 181.521 575.1549
   vertex 183.9935 176.8212 586.0927
   vertex 247.2278 187.759 527.4728
  endloop
 endfacet
 facet normal 0.1150168 0.946313 0.3020974
  outer loop
   vertex 173.312 181.521 575.1549
   vertex 247.2278 187.759 527.4728
   vertex 238.2554 191.7753 518.308
  endloop
 endfacet
 facet normal 0.4511494 0.632594 0.6295149
  outer loop
   vertex 166.5613 192.288 569.1732
   vertex 173.312 181.521 575.1549
   vertex 238.2554 191.7753 518.308
  endloop
 endfacet
 facet normal 0.4580417 0.6175675 0.6393811
  outer loop
   vertex 166.5613 192.288 569.1732
   vertex 238.2554 191.7753 518.308
   vertex 232.6155 201.0895 513.3518
  endloop
 endfacet
 facet normal 0.6303983 0.1264702 0.7659003
  outer loop
   vertex 164.0832 208.7802 568.4896
   vertex 166.5613 192.288 569.1732
   vertex 232.6155 201.0895 513.3518
  endloop
 endfacet
 facet normal 0.6304481 0.1219209 0.7665967
  outer loop
   vertex 164.0832 208.7802 568.4896
   vertex 232.6155 201.0895 513.3518
   vertex 230.4793 215.36 512.8391
  endloop
 endfacet
 facet normal 0.6335517 -0.2742682 0.7234564
  outer loop
   vertex 166.2195 224.7597 572.6768
   vertex 164.0832 208.7802 568.4896
   vertex 230.4793 215.36 512.8391
  endloop
 endfacet
 facet normal 0.6347205 -0.2699926 0.72404
  outer loop
   vertex 166.2195 224.7597 572.6768
   vertex 230.4793 215.36 512.8391
   vertex 232.2737 229.2032 516.4281
  endloop
 endfacet
 facet normal 0.4626225 -0.7423746 0.4846239
  outer loop
   vertex 172.7993 234.1594 580.7947
   vertex 166.2195 224.7597 572.6768
   vertex 232.2737 229.2032 516.4281
  endloop
 endfacet
 facet normal 0.4744223 -0.7283187 0.4944446
  outer loop
   vertex 172.7993 234.1594 580.7947
   vertex 232.2737 229.2032 516.4281
   vertex 237.7427 237.4065 523.2643
  endloop
 endfacet
 facet normal 0.1267069 -0.9880944 0.08726272
  outer loop
   vertex 183.3953 236.552 592.5016
   vertex 172.7993 234.1594 580.7947
   vertex 237.7427 237.4065 523.2643
  endloop
 endfacet
 facet normal 0.1338465 -0.9866395 0.09288491
  outer loop
   vertex 183.3953 236.552 592.5016
   vertex 237.7427 237.4065 523.2643
   vertex 246.7151 239.5428 533.0271
  endloop
 endfacet
 facet normal -0.1741473 -0.9566317 -0.2335133
  outer loop
   vertex 194.0768 231.9376 603.4394
   vertex 183.3953 236.552 592.5016
   vertex 246.7151 239.5428 533.0271
  endloop
 endfacet
 facet normal -0.1826915 -0.9535364 -0.2395664
  outer loop
   vertex 194.0768 231.9376 603.4394
   vertex 246.7151 239.5428 533.0271
   vertex 255.6875 235.5266 542.1705
  endloop
 endfacet
 facet normal -0.5241473 -0.6377234 -0.5644276
  outer loop
   vertex 200.8275 221.1707 609.3356
   vertex 194.0768 231.9376 603.4394
   vertex 255.6875 235.5266 542.1705
  endloop
 endfacet
 facet normal -0.533213 -0.6257827 -0.5692802
  outer loop
   vertex 200.8275 221.1707 609.3356
   vertex 255.6875 235.5266 542.1705
   vertex 261.3274 226.2123 547.1267
  endloop
 endfacet
 facet normal -0.7043705 -0.1383047 -0.6962284
  outer loop
   vertex 203.3056 204.6785 610.1047
   vertex 200.8275 221.1707 609.3356
   vertex 261.3274 226.2123 547.1267
  endloop
 endfacet
 facet normal -0.706478 -0.1306852 -0.6955647
  outer loop
   vertex 203.3056 204.6785 610.1047
   vertex 261.3274 226.2123 547.1267
   vertex 263.3782 211.9419 547.7248
  endloop
 endfacet
 facet normal -0.7096636 0.2658407 -0.6524617
  outer loop
   vertex 201.1693 188.699 605.9175
   vertex 203.3056 204.6785 610.1047
   vertex 263.3782 211.9419 547.7248
  endloop
 endfacet
 facet normal -0.709672 0.2615934 -0.6541671
  outer loop
   vertex 201.1693 188.699 605.9175
   vertex 263.3782 211.9419 547.7248
   vertex 261.5837 198.0987 544.1359
  endloop
 endfacet
 facet normal -0.5378527 0.7342485 -0.4142386
  outer loop
   vertex 194.5895 179.2993 597.7996
   vertex 201.1693 188.699 605.9175
   vertex 261.5837 198.0987 544.1359
  endloop
 endfacet
 facet normal -0.545313 0.7205122 -0.4283642
  outer loop
   vertex 194.5895 179.2993 597.7996
   vertex 261.5837 198.0987 544.1359
   vertex 256.1148 189.8953 537.2997
  endloop
 endfacet
 facet normal -0.1972145 0.9799334 -0.02893041
  outer loop
   vertex 183.9935 176.8212 586.0927
   vertex 194.5895 179.2993 597.7996
   vertex 256.1148 189.8953 537.2997
  endloop
 endfacet
 facet normal -0.1995099 0.9793575 -0.03247748
  outer loop
   vertex 183.9935 176.8212 586.0927
   vertex 256.1148 189.8953 537.2997
   vertex 247.2278 187.759 527.4728
  endloop
 endfacet
 facet normal 0.1985023 0.1288731 -0.9715907
  outer loop
   vertex -0.005680924 155.1805 989.4467
   vertex 1.276096 105.533 983.1232
   vertex -25.55578 111.4292 978.4234
  endloop
 endfacet
 facet normal 0.1965077 0.1300989 -0.9718328
  outer loop
   vertex -0.005680924 155.1805 989.4467
   vertex -25.55578 111.4292 978.4234
   vertex -42.56069 128.1777 977.2271
  endloop
 endfacet
 facet normal 0.1963981 0.1302712 -0.9718319
  outer loop
   vertex -0.005680924 155.1805 989.4467
   vertex -42.56069 128.1777 977.2271
   vertex -49.05503 155.1805 979.5343
  endloop
 endfacet
 facet normal 0.1964386 0.1287065 -0.9720322
  outer loop
   vertex -0.005680924 155.1805 989.4467
   vertex -49.05503 155.1805 979.5343
   vertex -43.92792 182.2047 984.1487
  endloop
 endfacet
 facet normal 0.1979393 0.1312727 -0.9713843
  outer loop
   vertex -0.005680924 155.1805 989.4467
   vertex -43.92792 182.2047 984.1487
   vertex -27.77752 198.9532 989.703
  endloop
 endfacet
 facet normal 0.1966591 0.1304626 -0.9717534
  outer loop
   vertex -0.005680924 155.1805 989.4467
   vertex -27.77752 198.9532 989.703
   vertex -1.287458 204.8494 995.8556
  endloop
 endfacet
 facet normal 0.1958147 0.1304628 -0.9719239
  outer loop
   vertex -0.005680924 155.1805 989.4467
   vertex -1.287458 204.8494 995.8556
   vertex 25.54441 198.9532 1000.47
  endloop
 endfacet
 facet normal 0.1964706 0.1300603 -0.9718455
  outer loop
   vertex -0.005680924 155.1805 989.4467
   vertex 25.54441 198.9532 1000.47
   vertex 42.54933 182.2047 1001.666
  endloop
 endfacet
 facet normal 0.1980957 0.1275051 -0.9718542
  outer loop
   vertex -0.005680924 155.1805 989.4467
   vertex 42.54933 182.2047 1001.666
   vertex 49.04367 155.1805 999.4445
  endloop
 endfacet
 facet normal 0.1979923 0.1314701 -0.9713468
  outer loop
   vertex -0.005680924 155.1805 989.4467
   vertex 49.04367 155.1805 999.4445
   vertex 43.91656 128.1777 994.7447
  endloop
 endfacet
 facet normal 0.1961401 0.1283004 -0.9721461
  outer loop
   vertex -0.005680924 155.1805 989.4467
   vertex 43.91656 128.1777 994.7447
   vertex 27.76616 111.4292 989.2758
  endloop
 endfacet
 facet normal 0.197044 0.1288732 -0.9718875
  outer loop
   vertex -0.005680924 155.1805 989.4467
   vertex 27.76616 111.4292 989.2758
   vertex 1.276096 105.533 983.1232
  endloop
 endfacet
 facet normal -0.7297533 -0.08116229 0.6788762
  outer loop
   vertex 246.9715 213.6509 530.2927
   vertex 238.2554 191.7753 518.308
   vertex 247.2278 187.759 527.4728
  endloop
 endfacet
 facet normal -0.7300124 -0.08092206 0.6786261
  outer loop
   vertex 246.9715 213.6509 530.2927
   vertex 232.6155 201.0895 513.3518
   vertex 238.2554 191.7753 518.308
  endloop
 endfacet
 facet normal -0.7283567 -0.08460593 0.6799546
  outer loop
   vertex 246.9715 213.6509 530.2927
   vertex 230.4793 215.36 512.8391
   vertex 232.6155 201.0895 513.3518
  endloop
 endfacet
 facet normal -0.7283892 -0.08193935 0.6802464
  outer loop
   vertex 246.9715 213.6509 530.2927
   vertex 232.2737 229.2032 516.4281
   vertex 230.4793 215.36 512.8391
  endloop
 endfacet
 facet normal -0.7282199 -0.08157918 0.6804709
  outer loop
   vertex 246.9715 213.6509 530.2927
   vertex 237.7427 237.4065 523.2643
   vertex 232.2737 229.2032 516.4281
  endloop
 endfacet
 facet normal -0.7252416 -0.07940766 0.6838999
  outer loop
   vertex 246.9715 213.6509 530.2927
   vertex 246.7151 239.5428 533.0271
   vertex 237.7427 237.4065 523.2643
  endloop
 endfacet
 facet normal -0.7286526 -0.07906176 0.6803048
  outer loop
   vertex 246.9715 213.6509 530.2927
   vertex 255.6875 235.5266 542.1705
   vertex 246.7151 239.5428 533.0271
  endloop
 endfacet
 facet normal -0.7285822 -0.07912666 0.6803727
  outer loop
   vertex 246.9715 213.6509 530.2927
   vertex 261.3274 226.2123 547.1267
   vertex 255.6875 235.5266 542.1705
  endloop
 endfacet
 facet normal -0.729799 -0.07640433 0.679379
  outer loop
   vertex 246.9715 213.6509 530.2927
   vertex 263.3782 211.9419 547.7248
   vertex 261.3274 226.2123 547.1267
  endloop
 endfacet
 facet normal -0.729754 -0.08139962 0.678847
  outer loop
   vertex 246.9715 213.6509 530.2927
   vertex 261.5837 198.0987 544.1359
   vertex 263.3782 211.9419 547.7248
  endloop
 endfacet
 facet normal -0.7291896 -0.08020311 0.6795954
  outer loop
   vertex 246.9715 213.6509 530.2927
   vertex 256.1148 189.8953 537.2997
   vertex 261.5837 198.0987 544.1359
  endloop
 endfacet
 facet normal -0.7304122 -0.0810925 0.6781755
  outer loop
   vertex 246.9715 213.6509 530.2927
   vertex 247.2278 187.759 527.4728
   vertex 256.1148 189.8953 537.2997
  endloop
 endfacet
 facet normal 0.2486618 0.9490309 0.1936689
  outer loop
   vertex 239.7081 191.7753 519.9316
   vertex 248.4241 187.6736 528.84
   vertex 281.6649 185.2809 497.8851
  endloop
 endfacet
 facet normal 0.262698 0.9386505 0.2234391
  outer loop
   vertex 239.7081 191.7753 519.9316
   vertex 281.6649 185.2809 497.8851
   vertex 272.0088 190.3226 488.0581
  endloop
 endfacet
 facet normal 0.6392704 0.444374 0.6275867
  outer loop
   vertex 235.0937 203.4822 516.3427
   vertex 239.7081 191.7753 519.9316
   vertex 272.0088 190.3226 488.0581
  endloop
 endfacet
 facet normal 0.6421983 0.4116109 0.6466512
  outer loop
   vertex 235.0937 203.4822 516.3427
   vertex 272.0088 190.3226 488.0581
   vertex 266.7108 204.7639 484.1273
  endloop
 endfacet
 facet normal 0.7136228 0.003714099 0.7005203
  outer loop
   vertex 233.8973 223.8197 517.4535
   vertex 235.0937 203.4822 516.3427
   vertex 266.7108 204.7639 484.1273
  endloop
 endfacet
 facet normal 0.7134613 0.003143286 0.7006876
  outer loop
   vertex 233.8973 223.8197 517.4535
   vertex 266.7108 204.7639 484.1273
   vertex 265.2581 229.7159 485.4945
  endloop
 endfacet
 facet normal 0.681736 -0.4341061 0.5888871
  outer loop
   vertex 237.1445 235.5266 522.3243
   vertex 233.8973 223.8197 517.4535
   vertex 265.2581 229.7159 485.4945
  endloop
 endfacet
 facet normal 0.6970802 -0.3997909 0.595186
  outer loop
   vertex 237.1445 235.5266 522.3243
   vertex 265.2581 229.7159 485.4945
   vertex 268.8471 244.2427 491.0489
  endloop
 endfacet
 facet normal 0.3516045 -0.9311185 0.0969158
  outer loop
   vertex 245.4333 239.6283 531.6599
   vertex 237.1445 235.5266 522.3243
   vertex 268.8471 244.2427 491.0489
  endloop
 endfacet
 facet normal 0.3755615 -0.9200064 0.1119905
  outer loop
   vertex 245.4333 239.6283 531.6599
   vertex 268.8471 244.2427 491.0489
   vertex 277.905 249.1989 501.3886
  endloop
 endfacet
 facet normal -0.0657681 -0.9289744 -0.3642541
  outer loop
   vertex 254.1494 235.5266 540.5469
   vertex 245.4333 239.6283 531.6599
   vertex 277.905 249.1989 501.3886
  endloop
 endfacet
 facet normal -0.09204184 -0.9214035 -0.3775498
  outer loop
   vertex 254.1494 235.5266 540.5469
   vertex 277.905 249.1989 501.3886
   vertex 287.5611 244.2427 511.1301
  endloop
 endfacet
 facet normal -0.5276196 -0.4366687 -0.7286549
  outer loop
   vertex 258.7638 223.8197 544.2213
   vertex 254.1494 235.5266 540.5469
   vertex 287.5611 244.2427 511.1301
  endloop
 endfacet
 facet normal -0.556711 -0.3971827 -0.7296018
  outer loop
   vertex 258.7638 223.8197 544.2213
   vertex 287.5611 244.2427 511.1301
   vertex 292.7736 229.7159 515.0609
  endloop
 endfacet
 facet normal -0.6512201 0.003144497 -0.7588824
  outer loop
   vertex 259.9601 203.4822 543.1104
   vertex 258.7638 223.8197 544.2213
   vertex 292.7736 229.7159 515.0609
  endloop
 endfacet
 facet normal -0.6504732 0.001520295 -0.7595277
  outer loop
   vertex 259.9601 203.4822 543.1104
   vertex 292.7736 229.7159 515.0609
   vertex 294.3118 204.7639 513.6936
  endloop
 endfacet
 facet normal -0.5911214 0.4479354 -0.6707677
  outer loop
   vertex 256.713 191.7753 538.1542
   vertex 259.9601 203.4822 543.1104
   vertex 294.3118 204.7639 513.6936
  endloop
 endfacet
 facet normal -0.5926699 0.4098661 -0.6933629
  outer loop
   vertex 256.713 191.7753 538.1542
   vertex 294.3118 204.7639 513.6936
   vertex 290.7228 190.3226 508.2247
  endloop
 endfacet
 facet normal -0.1835986 0.9494282 -0.2547109
  outer loop
   vertex 248.4241 187.6736 528.84
   vertex 256.713 191.7753 538.1542
   vertex 290.7228 190.3226 508.2247
  endloop
 endfacet
 facet normal -0.197409 0.9381311 -0.284499
  outer loop
   vertex 248.4241 187.6736 528.84
   vertex 290.7228 190.3226 508.2247
   vertex 281.6649 185.2809 497.8851
  endloop
 endfacet
 facet normal 0.2053129 0.9379475 0.2794657
  outer loop
   vertex 272.0088 190.3226 488.0581
   vertex 281.6649 185.2809 497.8851
   vertex 321.9127 187.6736 460.2863
  endloop
 endfacet
 facet normal 0.228887 0.9180485 0.3237247
  outer loop
   vertex 272.0088 190.3226 488.0581
   vertex 321.9127 187.6736 460.2863
   vertex 313.1112 192.9716 451.4847
  endloop
 endfacet
 facet normal 0.5925373 0.4066518 0.695366
  outer loop
   vertex 266.7108 204.7639 484.1273
   vertex 272.0088 190.3226 488.0581
   vertex 313.1112 192.9716 451.4847
  endloop
 endfacet
 facet normal 0.5968897 0.3495035 0.722198
  outer loop
   vertex 266.7108 204.7639 484.1273
   vertex 313.1112 192.9716 451.4847
   vertex 308.2404 208.3529 448.0666
  endloop
 endfacet
 facet normal 0.6557937 -0.003186445 0.7549334
  outer loop
   vertex 265.2581 229.7159 485.4945
   vertex 266.7108 204.7639 484.1273
   vertex 308.2404 208.3529 448.0666
  endloop
 endfacet
 facet normal 0.6563758 -0.001138989 0.7544333
  outer loop
   vertex 265.2581 229.7159 485.4945
   vertex 308.2404 208.3529 448.0666
   vertex 306.6168 234.9284 449.5193
  endloop
 endfacet
 facet normal 0.6278161 -0.4084483 0.6625835
  outer loop
   vertex 268.8471 244.2427 491.0489
   vertex 265.2581 229.7159 485.4945
   vertex 306.6168 234.9284 449.5193
  endloop
 endfacet
 facet normal 0.6497171 -0.357224 0.6710132
  outer loop
   vertex 268.8471 244.2427 491.0489
   vertex 306.6168 234.9284 449.5193
   vertex 309.7785 250.3098 454.6464
  endloop
 endfacet
 facet normal 0.3020719 -0.9354078 0.1837523
  outer loop
   vertex 277.905 249.1989 501.3886
   vertex 268.8471 244.2427 491.0489
   vertex 309.7785 250.3098 454.6464
  endloop
 endfacet
 facet normal 0.3469689 -0.9129237 0.214902
  outer loop
   vertex 277.905 249.1989 501.3886
   vertex 309.7785 250.3098 454.6464
   vertex 317.8965 255.6078 464.0461
  endloop
 endfacet
 facet normal -0.1526601 -0.9337478 -0.3237437
  outer loop
   vertex 287.5611 244.2427 511.1301
   vertex 277.905 249.1989 501.3886
   vertex 317.8965 255.6078 464.0461
  endloop
 endfacet
 facet normal -0.2006358 -0.9149652 -0.3501199
  outer loop
   vertex 287.5611 244.2427 511.1301
   vertex 317.8965 255.6078 464.0461
   vertex 326.698 250.3098 472.8477
  endloop
 endfacet
 facet normal -0.6072167 -0.4031451 -0.6846619
  outer loop
   vertex 292.7736 229.7159 515.0609
   vertex 287.5611 244.2427 511.1301
   vertex 326.698 250.3098 472.8477
  endloop
 endfacet
 facet normal -0.6371378 -0.3539137 -0.6846901
  outer loop
   vertex 292.7736 229.7159 515.0609
   vertex 326.698 250.3098 472.8477
   vertex 331.5688 234.9284 476.2657
  endloop
 endfacet
 facet normal -0.7067757 -0.00480555 -0.7074214
  outer loop
   vertex 294.3118 204.7639 513.6936
   vertex 292.7736 229.7159 515.0609
   vertex 331.5688 234.9284 476.2657
  endloop
 endfacet
 facet normal -0.7077739 -0.002348978 -0.7064352
  outer loop
   vertex 294.3118 204.7639 513.6936
   vertex 331.5688 234.9284 476.2657
   vertex 333.1069 208.3529 474.8131
  endloop
 endfacet
 facet normal -0.6661422 0.4031691 -0.6274625
  outer loop
   vertex 290.7228 190.3226 508.2247
   vertex 294.3118 204.7639 513.6936
   vertex 333.1069 208.3529 474.8131
  endloop
 endfacet
 facet normal -0.6672191 0.3522184 -0.6563238
  outer loop
   vertex 290.7228 190.3226 508.2247
   vertex 333.1069 208.3529 474.8131
   vertex 330.0306 192.9716 469.686
  endloop
 endfacet
 facet normal -0.2749121 0.9368924 -0.2159998
  outer loop
   vertex 281.6649 185.2809 497.8851
   vertex 290.7228 190.3226 508.2247
   vertex 330.0306 192.9716 469.686
  endloop
 endfacet
 facet normal -0.2978613 0.9184057 -0.260403
  outer loop
   vertex 281.6649 185.2809 497.8851
   vertex 330.0306 192.9716 469.686
   vertex 321.9127 187.6736 460.2863
  endloop
 endfacet
 facet normal 0.1326976 0.9022085 0.4103794
  outer loop
   vertex 313.1112 192.9716 451.4847
   vertex 321.9127 187.6736 460.2863
   vertex 358.0588 197.6714 426.6182
  endloop
 endfacet
 facet normal 0.1512224 0.8848803 0.440589
  outer loop
   vertex 313.1112 192.9716 451.4847
   vertex 358.0588 197.6714 426.6182
   vertex 351.479 202.0295 420.1239
  endloop
 endfacet
 facet normal 0.5447532 0.3425988 0.7654214
  outer loop
   vertex 308.2404 208.3529 448.0666
   vertex 313.1112 192.9716 451.4847
   vertex 351.479 202.0295 420.1239
  endloop
 endfacet
 facet normal 0.547646 0.3093556 0.7774207
  outer loop
   vertex 308.2404 208.3529 448.0666
   vertex 351.479 202.0295 420.1239
   vertex 347.8046 214.7618 417.6458
  endloop
 endfacet
 facet normal 0.610148 -0.006031144 0.7922645
  outer loop
   vertex 306.6168 234.9284 449.5193
   vertex 308.2404 208.3529 448.0666
   vertex 347.8046 214.7618 417.6458
  endloop
 endfacet
 facet normal 0.6096425 -0.007656139 0.7926395
  outer loop
   vertex 306.6168 234.9284 449.5193
   vertex 347.8046 214.7618 417.6458
   vertex 346.5228 236.552 418.8421
  endloop
 endfacet
 facet normal 0.5772263 -0.3625483 0.7316888
  outer loop
   vertex 309.7785 250.3098 454.6464
   vertex 306.6168 234.9284 449.5193
   vertex 346.5228 236.552 418.8421
  endloop
 endfacet
 facet normal 0.5935258 -0.327763 0.73505
  outer loop
   vertex 309.7785 250.3098 454.6464
   vertex 346.5228 236.552 418.8421
   vertex 348.7446 249.1989 422.6875
  endloop
 endfacet
 facet normal 0.2334467 -0.9193883 0.3165876
  outer loop
   vertex 317.8965 255.6078 464.0461
   vertex 309.7785 250.3098 454.6464
   vertex 348.7446 249.1989 422.6875
  endloop
 endfacet
 facet normal 0.2638759 -0.9038183 0.336871
  outer loop
   vertex 317.8965 255.6078 464.0461
   vertex 348.7446 249.1989 422.6875
   vertex 354.7262 253.5569 429.6945
  endloop
 endfacet
 facet normal -0.2937147 -0.919858 -0.2599862
  outer loop
   vertex 326.698 250.3098 472.8477
   vertex 317.8965 255.6078 464.0461
   vertex 354.7262 253.5569 429.6945
  endloop
 endfacet
 facet normal -0.3280217 -0.9019344 -0.2809201
  outer loop
   vertex 326.698 250.3098 472.8477
   vertex 354.7262 253.5569 429.6945
   vertex 361.2205 249.1989 436.1034
  endloop
 endfacet
 facet normal -0.6858732 -0.3579885 -0.6335789
  outer loop
   vertex 331.5688 234.9284 476.2657
   vertex 326.698 250.3098 472.8477
   vertex 361.2205 249.1989 436.1034
  endloop
 endfacet
 facet normal -0.7006645 -0.3277534 -0.6337562
  outer loop
   vertex 331.5688 234.9284 476.2657
   vertex 361.2205 249.1989 436.1034
   vertex 364.895 236.552 438.5815
  endloop
 endfacet
 facet normal -0.7489224 -0.007125642 -0.6626194
  outer loop
   vertex 333.1069 208.3529 474.8131
   vertex 331.5688 234.9284 476.2657
   vertex 364.895 236.552 438.5815
  endloop
 endfacet
 facet normal -0.748716 -0.007650531 -0.6628468
  outer loop
   vertex 333.1069 208.3529 474.8131
   vertex 364.895 236.552 438.5815
   vertex 366.1768 214.7618 437.3852
  endloop
 endfacet
 facet normal -0.7323708 0.3426166 -0.5884275
  outer loop
   vertex 330.0306 192.9716 469.686
   vertex 333.1069 208.3529 474.8131
   vertex 366.1768 214.7618 437.3852
  endloop
 endfacet
 facet normal -0.7303406 0.3068536 -0.6102815
  outer loop
   vertex 330.0306 192.9716 469.686
   vertex 366.1768 214.7618 437.3852
   vertex 364.0405 202.0295 433.5398
  endloop
 endfacet
 facet normal -0.4062084 0.9002611 -0.1566035
  outer loop
   vertex 321.9127 187.6736 460.2863
   vertex 330.0306 192.9716 469.686
   vertex 364.0405 202.0295 433.5398
  endloop
 endfacet
 facet normal -0.4233898 0.8854519 -0.1916143
  outer loop
   vertex 321.9127 187.6736 460.2863
   vertex 364.0405 202.0295 433.5398
   vertex 358.0588 197.6714 426.6182
  endloop
 endfacet
 facet normal -0.02303106 0.8191928 0.5730556
  outer loop
   vertex 351.479 202.0295 420.1239
   vertex 358.0588 197.6714 426.6182
   vertex 382.7544 214.5054 403.5462
  endloop
 endfacet
 facet normal -0.05436944 0.8444189 0.5329172
  outer loop
   vertex 351.479 202.0295 420.1239
   vertex 382.7544 214.5054 403.5462
   vertex 379.08 216.6417 399.7864
  endloop
 endfacet
 facet normal 0.4602339 0.2957429 0.8370907
  outer loop
   vertex 347.8046 214.7618 417.6458
   vertex 351.479 202.0295 420.1239
   vertex 379.08 216.6417 399.7864
  endloop
 endfacet
 facet normal 0.4516693 0.3363279 0.8263646
  outer loop
   vertex 347.8046 214.7618 417.6458
   vertex 379.08 216.6417 399.7864
   vertex 377.0291 222.9652 398.3337
  endloop
 endfacet
 facet normal 0.5538329 -0.01312881 0.8325243
  outer loop
   vertex 346.5228 236.552 418.8421
   vertex 347.8046 214.7618 417.6458
   vertex 377.0291 222.9652 398.3337
  endloop
 endfacet
 facet normal 0.5545509 -0.0108449 0.8320792
  outer loop
   vertex 346.5228 236.552 418.8421
   vertex 377.0291 222.9652 398.3337
   vertex 376.3455 233.903 398.9318
  endloop
 endfacet
 facet normal 0.5034126 -0.3311 0.7980906
  outer loop
   vertex 348.7446 249.1989 422.6875
   vertex 346.5228 236.552 418.8421
   vertex 376.3455 233.903 398.9318
  endloop
 endfacet
 facet normal 0.4760226 -0.375842 0.7950756
  outer loop
   vertex 348.7446 249.1989 422.6875
   vertex 376.3455 233.903 398.9318
   vertex 377.6273 240.2264 401.1536
  endloop
 endfacet
 facet normal 0.08194549 -0.8761715 0.4749825
  outer loop
   vertex 354.7262 253.5569 429.6945
   vertex 348.7446 249.1989 422.6875
   vertex 377.6273 240.2264 401.1536
  endloop
 endfacet
 facet normal 0.05148182 -0.8883686 0.4562354
  outer loop
   vertex 354.7262 253.5569 429.6945
   vertex 377.6273 240.2264 401.1536
   vertex 381.1308 242.4482 405.0844
  endloop
 endfacet
 facet normal -0.4736142 -0.8733316 -0.1139364
  outer loop
   vertex 361.2205 249.1989 436.1034
   vertex 354.7262 253.5569 429.6945
   vertex 381.1308 242.4482 405.0844
  endloop
 endfacet
 facet normal -0.4458822 -0.8903053 -0.09244196
  outer loop
   vertex 361.2205 249.1989 436.1034
   vertex 381.1308 242.4482 405.0844
   vertex 384.8053 240.2264 408.7588
  endloop
 endfacet
 facet normal -0.7656107 -0.3305773 -0.5518685
  outer loop
   vertex 364.895 236.552 438.5815
   vertex 361.2205 249.1989 436.1034
   vertex 384.8053 240.2264 408.7588
  endloop
 endfacet
 facet normal -0.7512329 -0.369315 -0.5470425
  outer loop
   vertex 364.895 236.552 438.5815
   vertex 384.8053 240.2264 408.7588
   vertex 386.8561 233.903 410.2115
  endloop
 endfacet
 facet normal -0.7912807 -0.01298352 -0.6113152
  outer loop
   vertex 366.1768 214.7618 437.3852
   vertex 364.895 236.552 438.5815
   vertex 386.8561 233.903 410.2115
  endloop
 endfacet
 facet normal -0.7923392 -0.009971718 -0.6099993
  outer loop
   vertex 366.1768 214.7618 437.3852
   vertex 386.8561 233.903 410.2115
   vertex 387.4543 222.9652 409.6133
  endloop
 endfacet
 facet normal -0.7988143 0.2927497 -0.5255409
  outer loop
   vertex 364.0405 202.0295 433.5398
   vertex 366.1768 214.7618 437.3852
   vertex 387.4543 222.9652 409.6133
  endloop
 endfacet
 facet normal -0.8027394 0.3304254 -0.4964156
  outer loop
   vertex 364.0405 202.0295 433.5398
   vertex 387.4543 222.9652 409.6133
   vertex 386.1725 216.6417 407.477
  endloop
 endfacet
 facet normal -0.5703732 0.821034 -0.02403225
  outer loop
   vertex 358.0588 197.6714 426.6182
   vertex 364.0405 202.0295 433.5398
   vertex 386.1725 216.6417 407.477
  endloop
 endfacet
 facet normal -0.5485224 0.8358271 0.02272212
  outer loop
   vertex 358.0588 197.6714 426.6182
   vertex 386.1725 216.6417 407.477
   vertex 382.7544 214.5054 403.5462
  endloop
 endfacet
 facet normal 0.7304485 0.07878476 -0.6784084
  outer loop
   vertex 246.9715 213.6509 530.2927
   vertex 248.4241 187.6736 528.84
   vertex 239.7081 191.7753 519.9316
  endloop
 endfacet
 facet normal 0.7296781 0.07939907 -0.6791654
  outer loop
   vertex 246.9715 213.6509 530.2927
   vertex 239.7081 191.7753 519.9316
   vertex 235.0937 203.4822 516.3427
  endloop
 endfacet
 facet normal 0.7294072 0.08001552 -0.679384
  outer loop
   vertex 246.9715 213.6509 530.2927
   vertex 235.0937 203.4822 516.3427
   vertex 233.8973 223.8197 517.4535
  endloop
 endfacet
 facet normal 0.7294902 0.08027331 -0.6792644
  outer loop
   vertex 246.9715 213.6509 530.2927
   vertex 233.8973 223.8197 517.4535
   vertex 237.1445 235.5266 522.3243
  endloop
 endfacet
 facet normal 0.727979 0.07894816 -0.6810387
  outer loop
   vertex 246.9715 213.6509 530.2927
   vertex 237.1445 235.5266 522.3243
   vertex 245.4333 239.6283 531.6599
  endloop
 endfacet
 facet normal 0.7296836 0.07895292 -0.6792115
  outer loop
   vertex 246.9715 213.6509 530.2927
   vertex 245.4333 239.6283 531.6599
   vertex 254.1494 235.5266 540.5469
  endloop
 endfacet
 facet normal 0.7327082 0.07655957 -0.6762228
  outer loop
   vertex 246.9715 213.6509 530.2927
   vertex 254.1494 235.5266 540.5469
   vertex 258.7638 223.8197 544.2213
  endloop
 endfacet
 facet normal 0.7311923 0.08001556 -0.6774625
  outer loop
   vertex 246.9715 213.6509 530.2927
   vertex 258.7638 223.8197 544.2213
   vertex 259.9601 203.4822 543.1104
  endloop
 endfacet
 facet normal 0.7321857 0.08310836 -0.6760156
  outer loop
   vertex 246.9715 213.6509 530.2927
   vertex 259.9601 203.4822 543.1104
   vertex 256.713 191.7753 538.1542
  endloop
 endfacet
 facet normal 0.7272239 0.07879759 -0.6818624
  outer loop
   vertex 246.9715 213.6509 530.2927
   vertex 256.713 191.7753 538.1542
   vertex 248.4241 187.6736 528.84
  endloop
 endfacet
 facet normal -0.7357245 -0.08225553 0.6722674
  outer loop
   vertex 381.8999 228.4341 404.3153
   vertex 379.08 216.6417 399.7864
   vertex 382.7544 214.5054 403.5462
  endloop
 endfacet
 facet normal -0.7341075 -0.08327225 0.6739079
  outer loop
   vertex 381.8999 228.4341 404.3153
   vertex 377.0291 222.9652 398.3337
   vertex 379.08 216.6417 399.7864
  endloop
 endfacet
 facet normal -0.7343973 -0.08274048 0.6736577
  outer loop
   vertex 381.8999 228.4341 404.3153
   vertex 376.3455 233.903 398.9318
   vertex 377.0291 222.9652 398.3337
  endloop
 endfacet
 facet normal -0.7360483 -0.08668289 0.6713561
  outer loop
   vertex 381.8999 228.4341 404.3153
   vertex 377.6273 240.2264 401.1536
   vertex 376.3455 233.903 398.9318
  endloop
 endfacet
 facet normal -0.7221609 -0.07735321 0.6873865
  outer loop
   vertex 381.8999 228.4341 404.3153
   vertex 381.1308 242.4482 405.0844
   vertex 377.6273 240.2264 401.1536
  endloop
 endfacet
 facet normal -0.7279815 -0.0773343 0.6812212
  outer loop
   vertex 381.8999 228.4341 404.3153
   vertex 384.8053 240.2264 408.7588
   vertex 381.1308 242.4482 405.0844
  endloop
 endfacet
 facet normal -0.7260471 -0.07853594 0.6831454
  outer loop
   vertex 381.8999 228.4341 404.3153
   vertex 386.8561 233.903 410.2115
   vertex 384.8053 240.2264 408.7588
  endloop
 endfacet
 facet normal -0.7268479 -0.07707154 0.6824603
  outer loop
   vertex 381.8999 228.4341 404.3153
   vertex 387.4543 222.9652 409.6133
   vertex 386.8561 233.903 410.2115
  endloop
 endfacet
 facet normal -0.7289224 -0.0818683 0.6796836
  outer loop
   vertex 381.8999 228.4341 404.3153
   vertex 386.1725 216.6417 407.477
   vertex 387.4543 222.9652 409.6133
  endloop
 endfacet
 facet normal -0.7294851 -0.08224636 0.6790339
  outer loop
   vertex 381.8999 228.4341 404.3153
   vertex 382.7544 214.5054 403.5462
   vertex 386.1725 216.6417 407.477
  endloop
 endfacet
 facet normal 0.2263777 0.9731294 -0.04209966
  outer loop
   vertex -27.77752 -198.9532 989.703
   vertex -1.287458 -204.8494 995.8556
   vertex 17.85375 -213.3946 901.2604
  endloop
 endfacet
 facet normal 0.2250861 0.973398 -0.04280995
  outer loop
   vertex -27.77752 -198.9532 989.703
   vertex 17.85375 -213.3946 901.2604
   vertex -6.50002 -208.0111 895.6206
  endloop
 endfacet
 facet normal 0.7016888 0.7066926 0.09065495
  outer loop
   vertex -43.92792 -182.2047 984.1487
   vertex -27.77752 -198.9532 989.703
   vertex -6.50002 -208.0111 895.6206
  endloop
 endfacet
 facet normal 0.7028186 0.705461 0.09149163
  outer loop
   vertex -43.92792 -182.2047 984.1487
   vertex -6.50002 -208.0111 895.6206
   vertex -21.36864 -192.5443 890.5789
  endloop
 endfacet
 facet normal 0.9543159 0.2162621 0.2061842
  outer loop
   vertex -49.05503 -155.1805 979.5343
   vertex -43.92792 -182.2047 984.1487
   vertex -21.36864 -192.5443 890.5789
  endloop
 endfacet
 facet normal 0.9543053 0.2163449 0.2061461
  outer loop
   vertex -49.05503 -155.1805 979.5343
   vertex -21.36864 -192.5443 890.5789
   vertex -26.06849 -167.7419 886.3063
  endloop
 endfacet
 facet normal 0.9435954 -0.2047052 0.2602372
  outer loop
   vertex -42.56069 -128.1777 977.2271
   vertex -49.05503 -155.1805 979.5343
   vertex -26.06849 -167.7419 886.3063
  endloop
 endfacet
 facet normal 0.9436188 -0.2046325 0.2602099
  outer loop
   vertex -42.56069 -128.1777 977.2271
   vertex -26.06849 -167.7419 886.3063
   vertex -20.08686 -142.8755 884.17
  endloop
 endfacet
 facet normal 0.6658023 -0.6953229 0.2706167
  outer loop
   vertex -25.55578 -111.4292 978.4234
   vertex -42.56069 -128.1777 977.2271
   vertex -20.08686 -142.8755 884.17
  endloop
 endfacet
 facet normal 0.665202 -0.6958432 0.2707554
  outer loop
   vertex -25.55578 -111.4292 978.4234
   vertex -20.08686 -142.8755 884.17
   vertex -4.449176 -127.4941 885.2809
  endloop
 endfacet
 facet normal 0.1755031 -0.9627241 0.2058178
  outer loop
   vertex 1.276096 -105.533 983.1232
   vertex -25.55578 -111.4292 978.4234
   vertex -4.449176 -127.4941 885.2809
  endloop
 endfacet
 facet normal 0.1775496 -0.9623904 0.2056232
  outer loop
   vertex 1.276096 -105.533 983.1232
   vertex -4.449176 -127.4941 885.2809
   vertex 20.2464 -122.0252 889.5535
  endloop
 endfacet
 facet normal -0.2422767 -0.9626875 0.1205601
  outer loop
   vertex 27.76616 -111.4292 989.2758
   vertex 1.276096 -105.533 983.1232
   vertex 20.2464 -122.0252 889.5535
  endloop
 endfacet
 facet normal -0.244424 -0.9621317 0.1206629
  outer loop
   vertex 27.76616 -111.4292 989.2758
   vertex 20.2464 -122.0252 889.5535
   vertex 44.60017 -127.4941 895.2788
  endloop
 endfacet
 facet normal -0.7182229 -0.6957453 -0.009717994
  outer loop
   vertex 43.91656 -128.1777 994.7447
   vertex 27.76616 -111.4292 989.2758
   vertex 44.60017 -127.4941 895.2788
  endloop
 endfacet
 facet normal -0.7173608 -0.6966341 -0.009718178
  outer loop
   vertex 43.91656 -128.1777 994.7447
   vertex 44.60017 -127.4941 895.2788
   vertex 59.46879 -142.8755 900.3204
  endloop
 endfacet
 facet normal -0.9701021 -0.2064145 -0.1276518
  outer loop
   vertex 49.04367 -155.1805 999.4445
   vertex 43.91656 -128.1777 994.7447
   vertex 59.46879 -142.8755 900.3204
  endloop
 endfacet
 facet normal -0.9703502 -0.2053138 -0.1275413
  outer loop
   vertex 49.04367 -155.1805 999.4445
   vertex 59.46879 -142.8755 900.3204
   vertex 64.16864 -167.7419 904.593
  endloop
 endfacet
 facet normal -0.959446 0.2156445 -0.1815511
  outer loop
   vertex 42.54933 -182.2047 1001.666
   vertex 49.04367 -155.1805 999.4445
   vertex 64.16864 -167.7419 904.593
  endloop
 endfacet
 facet normal -0.9593112 0.2163577 -0.1814148
  outer loop
   vertex 42.54933 -182.2047 1001.666
   vertex 64.16864 -167.7419 904.593
   vertex 58.18701 -192.5443 906.6439
  endloop
 endfacet
 facet normal -0.6822664 0.7062182 -0.1891251
  outer loop
   vertex 25.54441 -198.9532 1000.47
   vertex 42.54933 -182.2047 1001.666
   vertex 58.18701 -192.5443 906.6439
  endloop
 endfacet
 facet normal -0.6835994 0.704777 -0.1896873
  outer loop
   vertex 25.54441 -198.9532 1000.47
   vertex 58.18701 -192.5443 906.6439
   vertex 42.54933 -208.0111 905.533
  endloop
 endfacet
 facet normal -0.1919587 0.9731212 -0.1272283
  outer loop
   vertex -1.287458 -204.8494 995.8556
   vertex 25.54441 -198.9532 1000.47
   vertex 42.54933 -208.0111 905.533
  endloop
 endfacet
 facet normal -0.1903457 0.9735381 -0.12646
  outer loop
   vertex -1.287458 -204.8494 995.8556
   vertex 42.54933 -208.0111 905.533
   vertex 17.85375 -213.3946 901.2604
  endloop
 endfacet
 facet normal 0.2251424 0.9733732 -0.04307675
  outer loop
   vertex -6.50002 -208.0111 895.6206
   vertex 17.85375 -213.3946 901.2604
   vertex 37.08041 -222.0252 806.7293
  endloop
 endfacet
 facet normal 0.2261953 0.9731532 -0.04252588
  outer loop
   vertex -6.50002 -208.0111 895.6206
   vertex 37.08041 -222.0252 806.7293
   vertex 14.77748 -217.069 801.5168
  endloop
 endfacet
 facet normal 0.7029244 0.7054145 0.09103677
  outer loop
   vertex -21.36864 -192.5443 890.5789
   vertex -6.50002 -208.0111 895.6206
   vertex 14.77748 -217.069 801.5168
  endloop
 endfacet
 facet normal 0.7021601 0.7062445 0.090498
  outer loop
   vertex -21.36864 -192.5443 890.5789
   vertex 14.77748 -217.069 801.5168
   vertex 1.190645 -202.9694 796.9024
  endloop
 endfacet
 facet normal 0.9543978 0.2162972 0.2057676
  outer loop
   vertex -26.06849 -167.7419 886.3063
   vertex -21.36864 -192.5443 890.5789
   vertex 1.190645 -202.9694 796.9024
  endloop
 endfacet
 facet normal 0.9544586 0.2158392 0.2059666
  outer loop
   vertex -26.06849 -167.7419 886.3063
   vertex 1.190645 -202.9694 796.9024
   vertex -3.081947 -180.3247 792.9716
  endloop
 endfacet
 facet normal 0.9436703 -0.204663 0.259999
  outer loop
   vertex -20.08686 -142.8755 884.17
   vertex -26.06849 -167.7419 886.3063
   vertex -3.081947 -180.3247 792.9716
  endloop
 endfacet
 facet normal 0.9432536 -0.2059868 0.2604649
  outer loop
   vertex -20.08686 -142.8755 884.17
   vertex -3.081947 -180.3247 792.9716
   vertex 2.38697 -157.6586 791.0916
  endloop
 endfacet
 facet normal 0.6651209 -0.6957858 0.2711019
  outer loop
   vertex -4.449176 -127.4941 885.2809
   vertex -20.08686 -142.8755 884.17
   vertex 2.38697 -157.6586 791.0916
  endloop
 endfacet
 facet normal 0.6666613 -0.6944352 0.2707812
  outer loop
   vertex -4.449176 -127.4941 885.2809
   vertex 2.38697 -157.6586 791.0916
   vertex 16.65742 -143.5591 792.1171
  endloop
 endfacet
 facet normal 0.1774409 -0.9623006 0.2061366
  outer loop
   vertex 20.2464 -122.0252 889.5535
   vertex -4.449176 -127.4941 885.2809
   vertex 16.65742 -143.5591 792.1171
  endloop
 endfacet
 facet normal 0.1755422 -0.9626187 0.2062768
  outer loop
   vertex 20.2464 -122.0252 889.5535
   vertex 16.65742 -143.5591 792.1171
   vertex 39.21671 -138.6029 796.0478
  endloop
 endfacet
 facet normal -0.2444835 -0.9620784 0.1209668
  outer loop
   vertex 44.60017 -127.4941 895.2788
   vertex 20.2464 -122.0252 889.5535
   vertex 39.21671 -138.6029 796.0478
  endloop
 endfacet
 facet normal -0.2417433 -0.9627794 0.1208966
  outer loop
   vertex 44.60017 -127.4941 895.2788
   vertex 39.21671 -138.6029 796.0478
   vertex 61.51963 -143.5591 801.1749
  endloop
 endfacet
 facet normal -0.7173067 -0.6966853 -0.01003394
  outer loop
   vertex 59.46879 -142.8755 900.3204
   vertex 44.60017 -127.4941 895.2788
   vertex 61.51963 -143.5591 801.1749
  endloop
 endfacet
 facet normal -0.7205672 -0.6933112 -0.01012465
  outer loop
   vertex 59.46879 -142.8755 900.3204
   vertex 61.51963 -143.5591 801.1749
   vertex 75.02102 -157.6586 805.7893
  endloop
 endfacet
 facet normal -0.9703513 -0.2053128 -0.1275343
  outer loop
   vertex 64.16864 -167.7419 904.593
   vertex 59.46879 -142.8755 900.3204
   vertex 75.02102 -157.6586 805.7893
  endloop
 endfacet
 facet normal -0.9696184 -0.2085912 -0.1277884
  outer loop
   vertex 64.16864 -167.7419 904.593
   vertex 75.02102 -157.6586 805.7893
   vertex 79.37906 -180.3247 809.7201
  endloop
 endfacet
 facet normal -0.959143 0.2162314 -0.1824522
  outer loop
   vertex 58.18701 -192.5443 906.6439
   vertex 64.16864 -167.7419 904.593
   vertex 79.37906 -180.3247 809.7201
  endloop
 endfacet
 facet normal -0.958409 0.2199871 -0.1818182
  outer loop
   vertex 58.18701 -192.5443 906.6439
   vertex 79.37906 -180.3247 809.7201
   vertex 73.8247 -202.9694 811.6001
  endloop
 endfacet
 facet normal -0.6835843 0.704768 -0.1897753
  outer loop
   vertex 42.54933 -208.0111 905.533
   vertex 58.18701 -192.5443 906.6439
   vertex 73.8247 -202.9694 811.6001
  endloop
 endfacet
 facet normal -0.6831568 0.7052272 -0.1896084
  outer loop
   vertex 42.54933 -208.0111 905.533
   vertex 73.8247 -202.9694 811.6001
   vertex 59.55424 -217.069 810.5746
  endloop
 endfacet
 facet normal -0.1902549 0.9734946 -0.1269302
  outer loop
   vertex 17.85375 -213.3946 901.2604
   vertex 42.54933 -208.0111 905.533
   vertex 59.55424 -217.069 810.5746
  endloop
 endfacet
 facet normal -0.1926498 0.9728825 -0.1280066
  outer loop
   vertex 17.85375 -213.3946 901.2604
   vertex 59.55424 -217.069 810.5746
   vertex 37.08041 -222.0252 806.7293
  endloop
 endfacet
 facet normal 0.2261321 0.9731808 -0.04222956
  outer loop
   vertex 14.77748 -217.069 801.5168
   vertex 37.08041 -222.0252 806.7293
   vertex 56.47798 -230.6558 711.7069
  endloop
 endfacet
 facet normal 0.2251433 0.9733887 -0.04272015
  outer loop
   vertex 14.77748 -217.069 801.5168
   vertex 56.47798 -230.6558 711.7069
   vertex 38.27674 -226.896 701.4527
  endloop
 endfacet
 facet normal 0.7010505 0.7067243 0.09523108
  outer loop
   vertex 1.190645 -202.9694 796.9024
   vertex 14.77748 -217.069 801.5168
   vertex 38.27674 -226.896 701.4527
  endloop
 endfacet
 facet normal 0.7095979 0.6973445 0.1009033
  outer loop
   vertex 1.190645 -202.9694 796.9024
   vertex 38.27674 -226.896 701.4527
   vertex 27.25345 -214.5909 693.9329
  endloop
 endfacet
 facet normal 0.9518439 0.2171594 0.2164139
  outer loop
   vertex -3.081947 -180.3247 792.9716
   vertex 1.190645 -202.9694 796.9024
   vertex 27.25345 -214.5909 693.9329
  endloop
 endfacet
 facet normal 0.9519685 0.2162649 0.2167615
  outer loop
   vertex -3.081947 -180.3247 792.9716
   vertex 27.25345 -214.5909 693.9329
   vertex 23.66447 -194.2534 689.404
  endloop
 endfacet
 facet normal 0.9407494 -0.2045537 0.2704594
  outer loop
   vertex 2.38697 -157.6586 791.0916
   vertex -3.081947 -180.3247 792.9716
   vertex 23.66447 -194.2534 689.404
  endloop
 endfacet
 facet normal 0.9434954 -0.1953153 0.2677094
  outer loop
   vertex 2.38697 -157.6586 791.0916
   vertex 23.66447 -194.2534 689.404
   vertex 28.02252 -173.5527 689.1476
  endloop
 endfacet
 facet normal 0.6655435 -0.6936476 0.2755084
  outer loop
   vertex 16.65742 -143.5591 792.1171
   vertex 2.38697 -157.6586 791.0916
   vertex 28.02252 -173.5527 689.1476
  endloop
 endfacet
 facet normal 0.6744688 -0.685526 0.2741278
  outer loop
   vertex 16.65742 -143.5591 792.1171
   vertex 28.02252 -173.5527 689.1476
   vertex 39.64397 -160.3076 693.6766
  endloop
 endfacet
 facet normal 0.1758392 -0.9628628 0.2048801
  outer loop
   vertex 39.21671 -138.6029 796.0478
   vertex 16.65742 -143.5591 792.1171
   vertex 39.64397 -160.3076 693.6766
  endloop
 endfacet
 facet normal 0.1755719 -0.9629097 0.2048889
  outer loop
   vertex 39.21671 -138.6029 796.0478
   vertex 39.64397 -160.3076 693.6766
   vertex 57.93066 -155.0096 702.9054
  endloop
 endfacet
 facet normal -0.2417654 -0.9627594 0.1210121
  outer loop
   vertex 61.51963 -143.5591 801.1749
   vertex 39.21671 -138.6029 796.0478
   vertex 57.93066 -155.0096 702.9054
  endloop
 endfacet
 facet normal -0.2658144 -0.9563817 0.1211473
  outer loop
   vertex 61.51963 -143.5591 801.1749
   vertex 57.93066 -155.0096 702.9054
   vertex 76.1319 -158.7695 713.1596
  endloop
 endfacet
 facet normal -0.7222016 -0.6916825 -0.0003660036
  outer loop
   vertex 75.02102 -157.6586 805.7893
   vertex 61.51963 -143.5591 801.1749
   vertex 76.1319 -158.7695 713.1596
  endloop
 endfacet
 facet normal -0.7439169 -0.6682715 -0.0009071869
  outer loop
   vertex 75.02102 -157.6586 805.7893
   vertex 76.1319 -158.7695 713.1596
   vertex 87.17654 -171.0746 720.6793
  endloop
 endfacet
 facet normal -0.9728348 -0.2055254 -0.1065444
  outer loop
   vertex 79.37906 -180.3247 809.7201
   vertex 75.02102 -157.6586 805.7893
   vertex 87.17654 -171.0746 720.6793
  endloop
 endfacet
 facet normal -0.975106 -0.1949549 -0.1056452
  outer loop
   vertex 79.37906 -180.3247 809.7201
   vertex 87.17654 -171.0746 720.6793
   vertex 90.76552 -191.4335 725.1228
  endloop
 endfacet
 facet normal -0.9618683 0.2227537 -0.1587141
  outer loop
   vertex 73.8247 -202.9694 811.6001
   vertex 79.37906 -180.3247 809.7201
   vertex 90.76552 -191.4335 725.1228
  endloop
 endfacet
 facet normal -0.9660479 0.2009035 -0.1624476
  outer loop
   vertex 73.8247 -202.9694 811.6001
   vertex 90.76552 -191.4335 725.1228
   vertex 86.40748 -212.1128 725.4646
  endloop
 endfacet
 facet normal -0.6855713 0.70662 -0.1751575
  outer loop
   vertex 59.55424 -217.069 810.5746
   vertex 73.8247 -202.9694 811.6001
   vertex 86.40748 -212.1128 725.4646
  endloop
 endfacet
 facet normal -0.7059367 0.684256 -0.1828853
  outer loop
   vertex 59.55424 -217.069 810.5746
   vertex 86.40748 -212.1128 725.4646
   vertex 74.76467 -225.3578 720.8502
  endloop
 endfacet
 facet normal -0.1936547 0.9733604 -0.1227491
  outer loop
   vertex 37.08041 -222.0252 806.7293
   vertex 59.55424 -217.069 810.5746
   vertex 74.76467 -225.3578 720.8502
  endloop
 endfacet
 facet normal -0.2145404 0.9677955 -0.1316979
  outer loop
   vertex 37.08041 -222.0252 806.7293
   vertex 74.76467 -225.3578 720.8502
   vertex 56.47798 -230.6558 711.7069
  endloop
 endfacet
 facet normal 0.1443824 0.9839868 0.1045164
  outer loop
   vertex 38.27674 -226.896 701.4527
   vertex 56.47798 -230.6558 711.7069
   vertex 120.1609 -233.6467 651.8906
  endloop
 endfacet
 facet normal 0.1300647 0.9882501 0.08028062
  outer loop
   vertex 38.27674 -226.896 701.4527
   vertex 120.1609 -233.6467 651.8906
   vertex 107.7704 -230.9122 638.3038
  endloop
 endfacet
 facet normal 0.4829148 0.7290418 0.4850683
  outer loop
   vertex 27.25345 -214.5909 693.9329
   vertex 38.27674 -226.896 701.4527
   vertex 107.7704 -230.9122 638.3038
  endloop
 endfacet
 facet normal 0.4735281 0.7473336 0.4661154
  outer loop
   vertex 27.25345 -214.5909 693.9329
   vertex 107.7704 -230.9122 638.3038
   vertex 100.1652 -220.2307 628.9041
  endloop
 endfacet
 facet normal 0.6520596 0.2726131 0.7074605
  outer loop
   vertex 23.66447 -194.2534 689.404
   vertex 27.25345 -214.5909 693.9329
   vertex 100.1652 -220.2307 628.9041
  endloop
 endfacet
 facet normal 0.6521656 0.2785284 0.7050546
  outer loop
   vertex 23.66447 -194.2534 689.404
   vertex 100.1652 -220.2307 628.9041
   vertex 97.60167 -202.1149 624.1188
  endloop
 endfacet
 facet normal 0.6488599 -0.1273119 0.7501816
  outer loop
   vertex 28.02252 -173.5527 689.1476
   vertex 23.66447 -194.2534 689.404
   vertex 97.60167 -202.1149 624.1188
  endloop
 endfacet
 facet normal 0.6463367 -0.135253 0.7509697
  outer loop
   vertex 28.02252 -173.5527 689.1476
   vertex 97.60167 -202.1149 624.1188
   vertex 100.507 -183.4864 624.9733
  endloop
 endfacet
 facet normal 0.4680258 -0.6244656 0.6252956
  outer loop
   vertex 39.64397 -160.3076 693.6766
   vertex 28.02252 -173.5527 689.1476
   vertex 100.507 -183.4864 624.9733
  endloop
 endfacet
 facet normal 0.4519306 -0.6437412 0.6175403
  outer loop
   vertex 39.64397 -160.3076 693.6766
   vertex 100.507 -183.4864 624.9733
   vertex 108.3686 -171.2455 631.9803
  endloop
 endfacet
 facet normal 0.1211855 -0.9453841 0.3025937
  outer loop
   vertex 57.93066 -155.0096 702.9054
   vertex 39.64397 -160.3076 693.6766
   vertex 108.3686 -171.2455 631.9803
  endloop
 endfacet
 facet normal 0.1067529 -0.9500138 0.2933898
  outer loop
   vertex 57.93066 -155.0096 702.9054
   vertex 108.3686 -171.2455 631.9803
   vertex 120.7591 -165.9474 644.6272
  endloop
 endfacet
 facet normal -0.1906883 -0.9814177 -0.0213814
  outer loop
   vertex 76.1319 -158.7695 713.1596
   vertex 57.93066 -155.0096 702.9054
   vertex 120.7591 -165.9474 644.6272
  endloop
 endfacet
 facet normal -0.1920638 -0.9811289 -0.02230736
  outer loop
   vertex 76.1319 -158.7695 713.1596
   vertex 120.7591 -165.9474 644.6272
   vertex 133.1496 -168.6819 658.214
  endloop
 endfacet
 facet normal -0.5325772 -0.7347584 -0.4201091
  outer loop
   vertex 87.17654 -171.0746 720.6793
   vertex 76.1319 -158.7695 713.1596
   vertex 133.1496 -168.6819 658.214
  endloop
 endfacet
 facet normal -0.524925 -0.7432316 -0.4148018
  outer loop
   vertex 87.17654 -171.0746 720.6793
   vertex 133.1496 -168.6819 658.214
   vertex 140.7548 -179.2993 667.6137
  endloop
 endfacet
 facet normal -0.6984172 -0.2679641 -0.6636329
  outer loop
   vertex 90.76552 -191.4335 725.1228
   vertex 87.17654 -171.0746 720.6793
   vertex 140.7548 -179.2993 667.6137
  endloop
 endfacet
 facet normal -0.6955902 -0.2766969 -0.6630182
  outer loop
   vertex 90.76552 -191.4335 725.1228
   vertex 140.7548 -179.2993 667.6137
   vertex 143.3184 -197.4151 672.4845
  endloop
 endfacet
 facet normal -0.6935718 0.134468 -0.7077263
  outer loop
   vertex 86.40748 -212.1128 725.4646
   vertex 90.76552 -191.4335 725.1228
   vertex 143.3184 -197.4151 672.4845
  endloop
 endfacet
 facet normal -0.6938194 0.1406089 -0.7062887
  outer loop
   vertex 86.40748 -212.1128 725.4646
   vertex 143.3184 -197.4151 672.4845
   vertex 140.413 -216.0436 671.63
  endloop
 endfacet
 facet normal -0.5137608 0.6476427 -0.56268
  outer loop
   vertex 74.76467 -225.3578 720.8502
   vertex 86.40748 -212.1128 725.4646
   vertex 140.413 -216.0436 671.63
  endloop
 endfacet
 facet normal -0.5135077 0.6482334 -0.5622306
  outer loop
   vertex 74.76467 -225.3578 720.8502
   vertex 140.413 -216.0436 671.63
   vertex 132.5515 -228.3486 664.6229
  endloop
 endfacet
 facet normal -0.1669428 0.9604953 -0.2226632
  outer loop
   vertex 56.47798 -230.6558 711.7069
   vertex 74.76467 -225.3578 720.8502
   vertex 132.5515 -228.3486 664.6229
  endloop
 endfacet
 facet normal -0.1720429 0.9576114 -0.2310448
  outer loop
   vertex 56.47798 -230.6558 711.7069
   vertex 132.5515 -228.3486 664.6229
   vertex 120.1609 -233.6467 651.8906
  endloop
 endfacet
 facet normal 0.1251095 0.9885079 0.08485143
  outer loop
   vertex 107.7704 -230.9122 638.3038
   vertex 120.1609 -233.6467 651.8906
   vertex 183.3953 -236.552 592.5016
  endloop
 endfacet
 facet normal 0.1265991 0.9880995 0.08736129
  outer loop
   vertex 107.7704 -230.9122 638.3038
   vertex 183.3953 -236.552 592.5016
   vertex 172.7993 -234.1594 580.7947
  endloop
 endfacet
 facet normal 0.4600871 0.7482219 0.4779998
  outer loop
   vertex 100.1652 -220.2307 628.9041
   vertex 107.7704 -230.9122 638.3038
   vertex 172.7993 -234.1594 580.7947
  endloop
 endfacet
 facet normal 0.4630826 0.7423498 0.4842223
  outer loop
   vertex 100.1652 -220.2307 628.9041
   vertex 172.7993 -234.1594 580.7947
   vertex 166.2195 -224.7597 572.6768
  endloop
 endfacet
 facet normal 0.6332968 0.2801791 0.7214117
  outer loop
   vertex 97.60167 -202.1149 624.1188
   vertex 100.1652 -220.2307 628.9041
   vertex 166.2195 -224.7597 572.6768
  endloop
 endfacet
 facet normal 0.6331465 0.2743035 0.7237977
  outer loop
   vertex 97.60167 -202.1149 624.1188
   vertex 166.2195 -224.7597 572.6768
   vertex 164.0832 -208.7802 568.4896
  endloop
 endfacet
 facet normal 0.6281373 -0.1331328 0.7666285
  outer loop
   vertex 100.507 -183.4864 624.9733
   vertex 97.60167 -202.1149 624.1188
   vertex 164.0832 -208.7802 568.4896
  endloop
 endfacet
 facet normal 0.6302549 -0.1264537 0.7660211
  outer loop
   vertex 100.507 -183.4864 624.9733
   vertex 164.0832 -208.7802 568.4896
   vertex 166.5613 -192.288 569.1732
  endloop
 endfacet
 facet normal 0.4427879 -0.6424193 0.6254888
  outer loop
   vertex 108.3686 -171.2455 631.9803
   vertex 100.507 -183.4864 624.9733
   vertex 166.5613 -192.288 569.1732
  endloop
 endfacet
 facet normal 0.450916 -0.6325597 0.6297165
  outer loop
   vertex 108.3686 -171.2455 631.9803
   vertex 166.5613 -192.288 569.1732
   vertex 173.312 -181.521 575.1549
  endloop
 endfacet
 facet normal 0.10656 -0.9499813 0.2935652
  outer loop
   vertex 120.7591 -165.9474 644.6272
   vertex 108.3686 -171.2455 631.9803
   vertex 173.312 -181.521 575.1549
  endloop
 endfacet
 facet normal 0.1124293 -0.9480557 0.2975734
  outer loop
   vertex 120.7591 -165.9474 644.6272
   vertex 173.312 -181.521 575.1549
   vertex 183.9935 -176.8212 586.0927
  endloop
 endfacet
 facet normal -0.1906473 -0.9813737 -0.02364844
  outer loop
   vertex 133.1496 -168.6819 658.214
   vertex 120.7591 -165.9474 644.6272
   vertex 183.9935 -176.8212 586.0927
  endloop
 endfacet
 facet normal -0.1975084 -0.9798823 -0.02865365
  outer loop
   vertex 133.1496 -168.6819 658.214
   vertex 183.9935 -176.8212 586.0927
   vertex 194.5895 -179.2993 597.7996
  endloop
 endfacet
 facet normal -0.5306145 -0.7423159 -0.4091642
  outer loop
   vertex 140.7548 -179.2993 667.6137
   vertex 133.1496 -168.6819 658.214
   vertex 194.5895 -179.2993 597.7996
  endloop
 endfacet
 facet normal -0.5375669 -0.734296 -0.4145253
  outer loop
   vertex 140.7548 -179.2993 667.6137
   vertex 194.5895 -179.2993 597.7996
   vertex 201.1693 -188.699 605.9175
  endloop
 endfacet
 facet normal -0.7075357 -0.275134 -0.6509182
  outer loop
   vertex 143.3184 -197.4151 672.4845
   vertex 140.7548 -179.2993 667.6137
   vertex 201.1693 -188.699 605.9175
  endloop
 endfacet
 facet normal -0.7101472 -0.2657745 -0.6519623
  outer loop
   vertex 143.3184 -197.4151 672.4845
   vertex 201.1693 -188.699 605.9175
   vertex 203.3056 -204.6785 610.1047
  endloop
 endfacet
 facet normal -0.7052027 0.1418514 -0.6946707
  outer loop
   vertex 140.413 -216.0436 671.63
   vertex 143.3184 -197.4151 672.4845
   vertex 203.3056 -204.6785 610.1047
  endloop
 endfacet
 facet normal -0.7052313 0.1383925 -0.695339
  outer loop
   vertex 140.413 -216.0436 671.63
   vertex 203.3056 -204.6785 610.1047
   vertex 200.8275 -221.1707 609.3356
  endloop
 endfacet
 facet normal -0.5190034 0.648609 -0.5567242
  outer loop
   vertex 132.5515 -228.3486 664.6229
   vertex 140.413 -216.0436 671.63
   vertex 200.8275 -221.1707 609.3356
  endloop
 endfacet
 facet normal -0.5241195 0.6377213 -0.5644558
  outer loop
   vertex 132.5515 -228.3486 664.6229
   vertex 200.8275 -221.1707 609.3356
   vertex 194.0768 -231.9376 603.4394
  endloop
 endfacet
 facet normal -0.1729955 0.9576583 -0.2301374
  outer loop
   vertex 120.1609 -233.6467 651.8906
   vertex 132.5515 -228.3486 664.6229
   vertex 194.0768 -231.9376 603.4394
  endloop
 endfacet
 facet normal -0.1747856 0.956664 -0.2329035
  outer loop
   vertex 120.1609 -233.6467 651.8906
   vertex 194.0768 -231.9376 603.4394
   vertex 183.3953 -236.552 592.5016
  endloop
 endfacet
 facet normal 0.1277423 0.9880443 0.08631533
  outer loop
   vertex 172.7993 -234.1594 580.7947
   vertex 183.3953 -236.552 592.5016
   vertex 246.7151 -239.5428 533.0271
  endloop
 endfacet
 facet normal 0.1326239 0.986697 0.0940211
  outer loop
   vertex 172.7993 -234.1594 580.7947
   vertex 246.7151 -239.5428 533.0271
   vertex 237.7427 -237.4065 523.2643
  endloop
 endfacet
 facet normal 0.4647623 0.7422569 0.4827532
  outer loop
   vertex 166.2195 -224.7597 572.6768
   vertex 172.7993 -234.1594 580.7947
   vertex 237.7427 -237.4065 523.2643
  endloop
 endfacet
 facet normal 0.4719099 0.7284644 0.4966293
  outer loop
   vertex 166.2195 -224.7597 572.6768
   vertex 237.7427 -237.4065 523.2643
   vertex 232.2737 -229.2032 516.4281
  endloop
 endfacet
 facet normal 0.6341082 0.2742196 0.7229871
  outer loop
   vertex 164.0832 -208.7802 568.4896
   vertex 166.2195 -224.7597 572.6768
   vertex 232.2737 -229.2032 516.4281
  endloop
 endfacet
 facet normal 0.6340772 0.2700498 0.7245821
  outer loop
   vertex 164.0832 -208.7802 568.4896
   vertex 232.2737 -229.2032 516.4281
   vertex 230.4793 -215.36 512.8391
  endloop
 endfacet
 facet normal 0.6298247 -0.126404 0.766383
  outer loop
   vertex 166.5613 -192.288 569.1732
   vertex 164.0832 -208.7802 568.4896
   vertex 230.4793 -215.36 512.8391
  endloop
 endfacet
 facet normal 0.6311109 -0.122 0.7660386
  outer loop
   vertex 166.5613 -192.288 569.1732
   vertex 230.4793 -215.36 512.8391
   vertex 232.6155 -201.0895 513.3518
  endloop
 endfacet
 facet normal 0.4491777 -0.6323025 0.6312155
  outer loop
   vertex 173.312 -181.521 575.1549
   vertex 166.5613 -192.288 569.1732
   vertex 232.6155 -201.0895 513.3518
  endloop
 endfacet
 facet normal 0.4603577 -0.617908 0.6373857
  outer loop
   vertex 173.312 -181.521 575.1549
   vertex 232.6155 -201.0895 513.3518
   vertex 238.2554 -191.7753 518.308
  endloop
 endfacet
 facet normal 0.1115233 -0.947905 0.2983935
  outer loop
   vertex 183.9935 -176.8212 586.0927
   vertex 173.312 -181.521 575.1549
   vertex 238.2554 -191.7753 518.308
  endloop
 endfacet
 facet normal 0.1157388 -0.9464335 0.3014434
  outer loop
   vertex 183.9935 -176.8212 586.0927
   vertex 238.2554 -191.7753 518.308
   vertex 247.2278 -187.759 527.4728
  endloop
 endfacet
 facet normal -0.1967451 -0.9800146 -0.02937247
  outer loop
   vertex 194.5895 -179.2993 597.7996
   vertex 183.9935 -176.8212 586.0927
   vertex 247.2278 -187.759 527.4728
  endloop
 endfacet
 facet normal -0.2000689 -0.9792607 -0.03195092
  outer loop
   vertex 194.5895 -179.2993 597.7996
   vertex 247.2278 -187.759 527.4728
   vertex 256.1148 -189.8953 537.2997
  endloop
 endfacet
 facet normal -0.5358338 -0.7345812 -0.4162603
  outer loop
   vertex 201.1693 -188.699 605.9175
   vertex 194.5895 -179.2993 597.7996
   vertex 256.1148 -189.8953 537.2997
  endloop
 endfacet
 facet normal -0.5476804 -0.720119 -0.4259985
  outer loop
   vertex 201.1693 -188.699 605.9175
   vertex 256.1148 -189.8953 537.2997
   vertex 261.5837 -198.0987 544.1359
  endloop
 endfacet
 facet normal -0.7091458 -0.2659114 -0.6529956
  outer loop
   vertex 203.3056 -204.6785 610.1047
   vertex 201.1693 -188.699 605.9175
   vertex 261.5837 -198.0987 544.1359
  endloop
 endfacet
 facet normal -0.7102704 -0.261511 -0.6535502
  outer loop
   vertex 203.3056 -204.6785 610.1047
   vertex 261.5837 -198.0987 544.1359
   vertex 263.3782 -211.9419 547.7248
  endloop
 endfacet
 facet normal -0.7052698 0.1383965 -0.6952991
  outer loop
   vertex 200.8275 -221.1707 609.3356
   vertex 203.3056 -204.6785 610.1047
   vertex 263.3782 -211.9419 547.7248
  endloop
 endfacet
 facet normal -0.7054372 0.1305807 -0.6966398
  outer loop
   vertex 200.8275 -221.1707 609.3356
   vertex 263.3782 -211.9419 547.7248
   vertex 261.3274 -226.2123 547.1267
  endloop
 endfacet
 facet normal -0.525652 0.6378321 -0.5629034
  outer loop
   vertex 194.0768 -231.9376 603.4394
   vertex 200.8275 -221.1707 609.3356
   vertex 261.3274 -226.2123 547.1267
  endloop
 endfacet
 facet normal -0.5314473 0.6256615 -0.5710617
  outer loop
   vertex 194.0768 -231.9376 603.4394
   vertex 261.3274 -226.2123 547.1267
   vertex 255.6875 -235.5266 542.1705
  endloop
 endfacet
 facet normal -0.1753476 0.9566917 -0.2323664
  outer loop
   vertex 183.3953 -236.552 592.5016
   vertex 194.0768 -231.9376 603.4394
   vertex 255.6875 -235.5266 542.1705
  endloop
 endfacet
 facet normal -0.1812662 0.9534641 -0.2409332
  outer loop
   vertex 183.3953 -236.552 592.5016
   vertex 255.6875 -235.5266 542.1705
   vertex 246.7151 -239.5428 533.0271
  endloop
 endfacet
 facet normal 0.1966591 -0.1304626 -0.9717534
  outer loop
   vertex -0.005680924 -155.1805 989.4467
   vertex -1.287458 -204.8494 995.8556
   vertex -27.77752 -198.9532 989.703
  endloop
 endfacet
 facet normal 0.1979393 -0.1312727 -0.9713843
  outer loop
   vertex -0.005680924 -155.1805 989.4467
   vertex -27.77752 -198.9532 989.703
   vertex -43.92792 -182.2047 984.1487
  endloop
 endfacet
 facet normal 0.1964386 -0.1287065 -0.9720322
  outer loop
   vertex -0.005680924 -155.1805 989.4467
   vertex -43.92792 -182.2047 984.1487
   vertex -49.05503 -155.1805 979.5343
  endloop
 endfacet
 facet normal 0.1963981 -0.1302712 -0.9718319
  outer loop
   vertex -0.005680924 -155.1805 989.4467
   vertex -49.05503 -155.1805 979.5343
   vertex -42.56069 -128.1777 977.2271
  endloop
 endfacet
 facet normal 0.1965077 -0.1300989 -0.9718328
  outer loop
   vertex -0.005680924 -155.1805 989.4467
   vertex -42.56069 -128.1777 977.2271
   vertex -25.55578 -111.4292 978.4234
  endloop
 endfacet
 facet normal 0.1985023 -0.1288731 -0.9715907
  outer loop
   vertex -0.005680924 -155.1805 989.4467
   vertex -25.55578 -111.4292 978.4234
   vertex 1.276096 -105.533 983.1232
  endloop
 endfacet
 facet normal 0.197044 -0.1288732 -0.9718875
  outer loop
   vertex -0.005680924 -155.1805 989.4467
   vertex 1.276096 -105.533 983.1232
   vertex 27.76616 -111.4292 989.2758
  endloop
 endfacet
 facet normal 0.1961401 -0.1283004 -0.9721461
  outer loop
   vertex -0.005680924 -155.1805 989.4467
   vertex 27.76616 -111.4292 989.2758
   vertex 43.91656 -128.1777 994.7447
  endloop
 endfacet
 facet normal 0.1979923 -0.1314701 -0.9713468
  outer loop
   vertex -0.005680924 -155.1805 989.4467
   vertex 43.91656 -128.1777 994.7447
   vertex 49.04367 -155.1805 999.4445
  endloop
 endfacet
 facet normal 0.1980957 -0.1275051 -0.9718542
  outer loop
   vertex -0.005680924 -155.1805 989.4467
   vertex 49.04367 -155.1805 999.4445
   vertex 42.54933 -182.2047 1001.666
  endloop
 endfacet
 facet normal 0.1964706 -0.1300603 -0.9718455
  outer loop
   vertex -0.005680924 -155.1805 989.4467
   vertex 42.54933 -182.2047 1001.666
   vertex 25.54441 -198.9532 1000.47
  endloop
 endfacet
 facet normal 0.1958147 -0.1304628 -0.9719239
  outer loop
   vertex -0.005680924 -155.1805 989.4467
   vertex 25.54441 -198.9532 1000.47
   vertex -1.287458 -204.8494 995.8556
  endloop
 endfacet
 facet normal -0.7252416 0.07940766 0.6838999
  outer loop
   vertex 246.9715 -213.6509 530.2927
   vertex 237.7427 -237.4065 523.2643
   vertex 246.7151 -239.5428 533.0271
  endloop
 endfacet
 facet normal -0.7282199 0.08157918 0.6804709
  outer loop
   vertex 246.9715 -213.6509 530.2927
   vertex 232.2737 -229.2032 516.4281
   vertex 237.7427 -237.4065 523.2643
  endloop
 endfacet
 facet normal -0.7283892 0.08193935 0.6802464
  outer loop
   vertex 246.9715 -213.6509 530.2927
   vertex 230.4793 -215.36 512.8391
   vertex 232.2737 -229.2032 516.4281
  endloop
 endfacet
 facet normal -0.7283567 0.08460593 0.6799546
  outer loop
   vertex 246.9715 -213.6509 530.2927
   vertex 232.6155 -201.0895 513.3518
   vertex 230.4793 -215.36 512.8391
  endloop
 endfacet
 facet normal -0.7300124 0.08092206 0.6786261
  outer loop
   vertex 246.9715 -213.6509 530.2927
   vertex 238.2554 -191.7753 518.308
   vertex 232.6155 -201.0895 513.3518
  endloop
 endfacet
 facet normal -0.7297533 0.08116229 0.6788762
  outer loop
   vertex 246.9715 -213.6509 530.2927
   vertex 247.2278 -187.759 527.4728
   vertex 238.2554 -191.7753 518.308
  endloop
 endfacet
 facet normal -0.7304122 0.0810925 0.6781755
  outer loop
   vertex 246.9715 -213.6509 530.2927
   vertex 256.1148 -189.8953 537.2997
   vertex 247.2278 -187.759 527.4728
  endloop
 endfacet
 facet normal -0.7291896 0.08020311 0.6795954
  outer loop
   vertex 246.9715 -213.6509 530.2927
   vertex 261.5837 -198.0987 544.1359
   vertex 256.1148 -189.8953 537.2997
  endloop
 endfacet
 facet normal -0.729754 0.08139962 0.678847
  outer loop
   vertex 246.9715 -213.6509 530.2927
   vertex 263.3782 -211.9419 547.7248
   vertex 261.5837 -198.0987 544.1359
  endloop
 endfacet
 facet normal -0.729799 0.07640433 0.679379
  outer loop
   vertex 246.9715 -213.6509 530.2927
   vertex 261.3274 -226.2123 547.1267
   vertex 263.3782 -211.9419 547.7248
  endloop
 endfacet
 facet normal -0.7285822 0.07912666 0.6803727
  outer loop
   vertex 246.9715 -213.6509 530.2927
   vertex 255.6875 -235.5266 542.1705
   vertex 261.3274 -226.2123 547.1267
  endloop
 endfacet
 facet normal -0.7286526 0.07906176 0.6803048
  outer loop
   vertex 246.9715 -213.6509 530.2927
   vertex 246.7151 -239.5428 533.0271
   vertex 255.6875 -235.5266 542.1705
  endloop
 endfacet
 facet normal 0.3581134 0.9292976 0.09033668
  outer loop
   vertex 237.1445 -235.5266 522.3243
   vertex 245.4333 -239.6283 531.6599
   vertex 277.905 -249.1989 501.3886
  endloop
 endfacet
 facet normal 0.3697039 0.9216386 0.1179044
  outer loop
   vertex 237.1445 -235.5266 522.3243
   vertex 277.905 -249.1989 501.3886
   vertex 268.8471 -244.2427 491.0489
  endloop
 endfacet
 facet normal 0.6906399 0.4326682 0.5794952
  outer loop
   vertex 233.8973 -223.8197 517.4535
   vertex 237.1445 -235.5266 522.3243
   vertex 268.8471 -244.2427 491.0489
  endloop
 endfacet
 facet normal 0.6897678 0.4009298 0.6028894
  outer loop
   vertex 233.8973 -223.8197 517.4535
   vertex 268.8471 -244.2427 491.0489
   vertex 265.2581 -229.7159 485.4945
  endloop
 endfacet
 facet normal 0.7134095 -0.00368968 0.7007376
  outer loop
   vertex 235.0937 -203.4822 516.3427
   vertex 233.8973 -223.8197 517.4535
   vertex 265.2581 -229.7159 485.4945
  endloop
 endfacet
 facet normal 0.7136351 -0.003163116 0.7005105
  outer loop
   vertex 235.0937 -203.4822 516.3427
   vertex 265.2581 -229.7159 485.4945
   vertex 266.7108 -204.7639 484.1273
  endloop
 endfacet
 facet normal 0.6306888 -0.4437654 0.6366348
  outer loop
   vertex 239.7081 -191.7753 519.9316
   vertex 235.0937 -203.4822 516.3427
   vertex 266.7108 -204.7639 484.1273
  endloop
 endfacet
 facet normal 0.64927 -0.4121739 0.6391879
  outer loop
   vertex 239.7081 -191.7753 519.9316
   vertex 266.7108 -204.7639 484.1273
   vertex 272.0088 -190.3226 488.0581
  endloop
 endfacet
 facet normal 0.241189 -0.9494029 0.2011517
  outer loop
   vertex 248.4241 -187.6736 528.84
   vertex 239.7081 -191.7753 519.9316
   vertex 272.0088 -190.3226 488.0581
  endloop
 endfacet
 facet normal 0.2693643 -0.9383349 0.2167269
  outer loop
   vertex 248.4241 -187.6736 528.84
   vertex 272.0088 -190.3226 488.0581
   vertex 281.6649 -185.2809 497.8851
  endloop
 endfacet
 facet normal -0.1754658 -0.9490435 -0.2617789
  outer loop
   vertex 256.713 -191.7753 538.1542
   vertex 248.4241 -187.6736 528.84
   vertex 281.6649 -185.2809 497.8851
  endloop
 endfacet
 facet normal -0.2047532 -0.9384411 -0.2782164
  outer loop
   vertex 256.713 -191.7753 538.1542
   vertex 281.6649 -185.2809 497.8851
   vertex 290.7228 -190.3226 508.2247
  endloop
 endfacet
 facet normal -0.5795071 -0.4487463 -0.6802927
  outer loop
   vertex 259.9601 -203.4822 543.1104
   vertex 256.713 -191.7753 538.1542
   vertex 290.7228 -190.3226 508.2247
  endloop
 endfacet
 facet normal -0.6022408 -0.4092436 -0.6854383
  outer loop
   vertex 259.9601 -203.4822 543.1104
   vertex 290.7228 -190.3226 508.2247
   vertex 294.3118 -204.7639 513.6936
  endloop
 endfacet
 facet normal -0.6505071 -0.003219803 -0.7594933
  outer loop
   vertex 258.7638 -223.8197 544.2213
   vertex 259.9601 -203.4822 543.1104
   vertex 294.3118 -204.7639 513.6936
  endloop
 endfacet
 facet normal -0.6510541 -0.001457212 -0.75903
  outer loop
   vertex 258.7638 -223.8197 544.2213
   vertex 294.3118 -204.7639 513.6936
   vertex 292.7736 -229.7159 515.0609
  endloop
 endfacet
 facet normal -0.5400299 0.4383648 -0.7184734
  outer loop
   vertex 254.1494 -235.5266 540.5469
   vertex 258.7638 -223.8197 544.2213
   vertex 292.7736 -229.7159 515.0609
  endloop
 endfacet
 facet normal -0.546518 0.3958006 -0.7380108
  outer loop
   vertex 254.1494 -235.5266 540.5469
   vertex 292.7736 -229.7159 515.0609
   vertex 287.5611 -244.2427 511.1301
  endloop
 endfacet
 facet normal -0.07266566 0.9307678 -0.3583169
  outer loop
   vertex 245.4333 -239.6283 531.6599
   vertex 254.1494 -235.5266 540.5469
   vertex 287.5611 -244.2427 511.1301
  endloop
 endfacet
 facet normal -0.08583856 0.9198002 -0.3828829
  outer loop
   vertex 245.4333 -239.6283 531.6599
   vertex 287.5611 -244.2427 511.1301
   vertex 277.905 -249.1989 501.3886
  endloop
 endfacet
 facet normal 0.312249 0.9339077 0.1741178
  outer loop
   vertex 268.8471 -244.2427 491.0489
   vertex 277.905 -249.1989 501.3886
   vertex 317.8965 -255.6078 464.0461
  endloop
 endfacet
 facet normal 0.3359497 0.9145309 0.2253245
  outer loop
   vertex 268.8471 -244.2427 491.0489
   vertex 317.8965 -255.6078 464.0461
   vertex 309.7785 -250.3098 454.6464
  endloop
 endfacet
 facet normal 0.6399146 0.4072577 0.6516521
  outer loop
   vertex 265.2581 -229.7159 485.4945
   vertex 268.8471 -244.2427 491.0489
   vertex 309.7785 -250.3098 454.6464
  endloop
 endfacet
 facet normal 0.6380132 0.3583363 0.6815674
  outer loop
   vertex 265.2581 -229.7159 485.4945
   vertex 309.7785 -250.3098 454.6464
   vertex 306.6168 -234.9284 449.5193
  endloop
 endfacet
 facet normal 0.6565144 0.003110162 0.754307
  outer loop
   vertex 266.7108 -204.7639 484.1273
   vertex 265.2581 -229.7159 485.4945
   vertex 306.6168 -234.9284 449.5193
  endloop
 endfacet
 facet normal 0.6556993 0.001212454 0.7550212
  outer loop
   vertex 266.7108 -204.7639 484.1273
   vertex 306.6168 -234.9284 449.5193
   vertex 308.2404 -208.3529 448.0666
  endloop
 endfacet
 facet normal 0.5792406 -0.4050493 0.7074005
  outer loop
   vertex 272.0088 -190.3226 488.0581
   vertex 266.7108 -204.7639 484.1273
   vertex 308.2404 -208.3529 448.0666
  endloop
 endfacet
 facet normal 0.6097273 -0.3510034 0.7106541
  outer loop
   vertex 272.0088 -190.3226 488.0581
   vertex 308.2404 -208.3529 448.0666
   vertex 313.1112 -192.9716 451.4847
  endloop
 endfacet
 facet normal 0.1960548 -0.937279 0.2882197
  outer loop
   vertex 281.6649 -185.2809 497.8851
   vertex 272.0088 -190.3226 488.0581
   vertex 313.1112 -192.9716 451.4847
  endloop
 endfacet
 facet normal 0.2388861 -0.9188145 0.3141867
  outer loop
   vertex 281.6649 -185.2809 497.8851
   vertex 313.1112 -192.9716 451.4847
   vertex 321.9127 -187.6736 460.2863
  endloop
 endfacet
 facet normal -0.2655219 -0.9375868 -0.2245645
  outer loop
   vertex 290.7228 -190.3226 508.2247
   vertex 281.6649 -185.2809 497.8851
   vertex 321.9127 -187.6736 460.2863
  endloop
 endfacet
 facet normal -0.3080687 -0.917617 -0.251143
  outer loop
   vertex 290.7228 -190.3226 508.2247
   vertex 321.9127 -187.6736 460.2863
   vertex 330.0306 -192.9716 469.686
  endloop
 endfacet
 facet normal -0.6539825 -0.4046006 -0.6392224
  outer loop
   vertex 294.3118 -204.7639 513.6936
   vertex 290.7228 -190.3226 508.2247
   vertex 330.0306 -192.9716 469.686
  endloop
 endfacet
 facet normal -0.6788937 -0.3507859 -0.6450214
  outer loop
   vertex 294.3118 -204.7639 513.6936
   vertex 330.0306 -192.9716 469.686
   vertex 333.1069 -208.3529 474.8131
  endloop
 endfacet
 facet normal -0.7076492 0.004907312 -0.7065469
  outer loop
   vertex 292.7736 -229.7159 515.0609
   vertex 294.3118 -204.7639 513.6936
   vertex 333.1069 -208.3529 474.8131
  endloop
 endfacet
 facet normal -0.7069534 0.002256588 -0.7072566
  outer loop
   vertex 292.7736 -229.7159 515.0609
   vertex 333.1069 -208.3529 474.8131
   vertex 331.5688 -234.9284 476.2657
  endloop
 endfacet
 facet normal -0.6190039 0.4043076 -0.6733272
  outer loop
   vertex 287.5611 -244.2427 511.1301
   vertex 292.7736 -229.7159 515.0609
   vertex 331.5688 -234.9284 476.2657
  endloop
 endfacet
 facet normal -0.6257896 0.3527588 -0.6956641
  outer loop
   vertex 287.5611 -244.2427 511.1301
   vertex 331.5688 -234.9284 476.2657
   vertex 326.698 -250.3098 472.8477
  endloop
 endfacet
 facet normal -0.1626931 0.9351991 -0.314537
  outer loop
   vertex 277.905 -249.1989 501.3886
   vertex 287.5611 -244.2427 511.1301
   vertex 326.698 -250.3098 472.8477
  endloop
 endfacet
 facet normal -0.1898001 0.9134295 -0.3600312
  outer loop
   vertex 277.905 -249.1989 501.3886
   vertex 326.698 -250.3098 472.8477
   vertex 317.8965 -255.6078 464.0461
  endloop
 endfacet
 facet normal 0.2393908 0.9195771 0.3115605
  outer loop
   vertex 309.7785 -250.3098 454.6464
   vertex 317.8965 -255.6078 464.0461
   vertex 354.7262 -253.5569 429.6945
  endloop
 endfacet
 facet normal 0.2559628 0.903602 0.3434916
  outer loop
   vertex 309.7785 -250.3098 454.6464
   vertex 354.7262 -253.5569 429.6945
   vertex 348.7446 -249.1989 422.6875
  endloop
 endfacet
 facet normal 0.5849195 0.3621508 0.725752
  outer loop
   vertex 306.6168 -234.9284 449.5193
   vertex 309.7785 -250.3098 454.6464
   vertex 348.7446 -249.1989 422.6875
  endloop
 endfacet
 facet normal 0.5840397 0.3283202 0.7423634
  outer loop
   vertex 306.6168 -234.9284 449.5193
   vertex 348.7446 -249.1989 422.6875
   vertex 346.5228 -236.552 418.8421
  endloop
 endfacet
 facet normal 0.609609 0.006086725 0.7926789
  outer loop
   vertex 308.2404 -208.3529 448.0666
   vertex 306.6168 -234.9284 449.5193
   vertex 346.5228 -236.552 418.8421
  endloop
 endfacet
 facet normal 0.6103001 0.007589706 0.792134
  outer loop
   vertex 308.2404 -208.3529 448.0666
   vertex 346.5228 -236.552 418.8421
   vertex 347.8046 -214.7618 417.6458
  endloop
 endfacet
 facet normal 0.5374977 -0.3415416 0.771003
  outer loop
   vertex 313.1112 -192.9716 451.4847
   vertex 308.2404 -208.3529 448.0666
   vertex 347.8046 -214.7618 417.6458
  endloop
 endfacet
 facet normal 0.5565325 -0.3105902 0.7705876
  outer loop
   vertex 313.1112 -192.9716 451.4847
   vertex 347.8046 -214.7618 417.6458
   vertex 351.479 -202.0295 420.1239
  endloop
 endfacet
 facet normal 0.1268502 -0.900769 0.4153603
  outer loop
   vertex 321.9127 -187.6736 460.2863
   vertex 313.1112 -192.9716 451.4847
   vertex 351.479 -202.0295 420.1239
  endloop
 endfacet
 facet normal 0.1589737 -0.886773 0.4340059
  outer loop
   vertex 321.9127 -187.6736 460.2863
   vertex 351.479 -202.0295 420.1239
   vertex 358.0588 -197.6714 426.6182
  endloop
 endfacet
 facet normal -0.4005963 -0.9017659 -0.1622985
  outer loop
   vertex 330.0306 -192.9716 469.686
   vertex 321.9127 -187.6736 460.2863
   vertex 358.0588 -197.6714 426.6182
  endloop
 endfacet
 facet normal -0.4308172 -0.8834903 -0.1839605
  outer loop
   vertex 330.0306 -192.9716 469.686
   vertex 358.0588 -197.6714 426.6182
   vertex 364.0405 -202.0295 433.5398
  endloop
 endfacet
 facet normal -0.7253667 -0.3438502 -0.5963306
  outer loop
   vertex 333.1069 -208.3529 474.8131
   vertex 330.0306 -192.9716 469.686
   vertex 364.0405 -202.0295 433.5398
  endloop
 endfacet
 facet normal -0.7389336 -0.3053725 -0.6006036
  outer loop
   vertex 333.1069 -208.3529 474.8131
   vertex 364.0405 -202.0295 433.5398
   vertex 366.1768 -214.7618 437.3852
  endloop
 endfacet
 facet normal -0.7487652 0.007106825 -0.6627972
  outer loop
   vertex 331.5688 -234.9284 476.2657
   vertex 333.1069 -208.3529 474.8131
   vertex 366.1768 -214.7618 437.3852
  endloop
 endfacet
 facet normal -0.7489077 0.007673711 -0.6626299
  outer loop
   vertex 331.5688 -234.9284 476.2657
   vertex 366.1768 -214.7618 437.3852
   vertex 364.895 -236.552 438.5815
  endloop
 endfacet
 facet normal -0.6916244 0.3583656 -0.6270804
  outer loop
   vertex 326.698 -250.3098 472.8477
   vertex 331.5688 -234.9284 476.2657
   vertex 364.895 -236.552 438.5815
  endloop
 endfacet
 facet normal -0.6935819 0.3272621 -0.6417505
  outer loop
   vertex 326.698 -250.3098 472.8477
   vertex 364.895 -236.552 438.5815
   vertex 361.2205 -249.1989 436.1034
  endloop
 endfacet
 facet normal -0.2997467 0.9196344 -0.2538196
  outer loop
   vertex 317.8965 -255.6078 464.0461
   vertex 326.698 -250.3098 472.8477
   vertex 361.2205 -249.1989 436.1034
  endloop
 endfacet
 facet normal -0.3200006 0.9021916 -0.289223
  outer loop
   vertex 317.8965 -255.6078 464.0461
   vertex 361.2205 -249.1989 436.1034
   vertex 354.7262 -253.5569 429.6945
  endloop
 endfacet
 facet normal 0.07745778 0.874919 0.4780345
  outer loop
   vertex 348.7446 -249.1989 422.6875
   vertex 354.7262 -253.5569 429.6945
   vertex 381.1308 -242.4482 405.0844
  endloop
 endfacet
 facet normal 0.05926784 0.8907386 0.4506352
  outer loop
   vertex 348.7446 -249.1989 422.6875
   vertex 381.1308 -242.4482 405.0844
   vertex 377.6273 -240.2264 401.1536
  endloop
 endfacet
 facet normal 0.4956989 0.3311965 0.8028645
  outer loop
   vertex 346.5228 -236.552 418.8421
   vertex 348.7446 -249.1989 422.6875
   vertex 377.6273 -240.2264 401.1536
  endloop
 endfacet
 facet normal 0.4912645 0.3756817 0.785826
  outer loop
   vertex 346.5228 -236.552 418.8421
   vertex 377.6273 -240.2264 401.1536
   vertex 376.3455 -233.903 398.9318
  endloop
 endfacet
 facet normal 0.554399 0.01307487 0.8321483
  outer loop
   vertex 347.8046 -214.7618 417.6458
   vertex 346.5228 -236.552 418.8421
   vertex 376.3455 -233.903 398.9318
  endloop
 endfacet
 facet normal 0.5534237 0.01095629 0.8328278
  outer loop
   vertex 347.8046 -214.7618 417.6458
   vertex 376.3455 -233.903 398.9318
   vertex 377.0291 -222.9652 398.3337
  endloop
 endfacet
 facet normal 0.4670539 -0.2968945 0.8328951
  outer loop
   vertex 351.479 -202.0295 420.1239
   vertex 347.8046 -214.7618 417.6458
   vertex 377.0291 -222.9652 398.3337
  endloop
 endfacet
 facet normal 0.4382081 -0.3338487 0.834577
  outer loop
   vertex 351.479 -202.0295 420.1239
   vertex 377.0291 -222.9652 398.3337
   vertex 379.08 -216.6417 399.7864
  endloop
 endfacet
 facet normal -0.01645913 -0.8224577 0.5685881
  outer loop
   vertex 358.0588 -197.6714 426.6182
   vertex 351.479 -202.0295 420.1239
   vertex 379.08 -216.6417 399.7864
  endloop
 endfacet
 facet normal -0.0661066 -0.8384302 0.540985
  outer loop
   vertex 358.0588 -197.6714 426.6182
   vertex 379.08 -216.6417 399.7864
   vertex 382.7544 -214.5054 403.5462
  endloop
 endfacet
 facet normal -0.5748015 -0.8180871 -0.01834987
  outer loop
   vertex 364.0405 -202.0295 433.5398
   vertex 358.0588 -197.6714 426.6182
   vertex 382.7544 -214.5054 403.5462
  endloop
 endfacet
 facet normal -0.5404457 -0.8412825 0.01273402
  outer loop
   vertex 364.0405 -202.0295 433.5398
   vertex 382.7544 -214.5054 403.5462
   vertex 386.1725 -216.6417 407.477
  endloop
 endfacet
 facet normal -0.8035697 -0.2915473 -0.5189179
  outer loop
   vertex 366.1768 -214.7618 437.3852
   vertex 364.0405 -202.0295 433.5398
   vertex 386.1725 -216.6417 407.477
  endloop
 endfacet
 facet normal -0.7934195 -0.3329662 -0.5095283
  outer loop
   vertex 366.1768 -214.7618 437.3852
   vertex 386.1725 -216.6417 407.477
   vertex 387.4543 -222.9652 409.6133
  endloop
 endfacet
 facet normal -0.791869 0.01306007 -0.6105513
  outer loop
   vertex 364.895 -236.552 438.5815
   vertex 366.1768 -214.7618 437.3852
   vertex 387.4543 -222.9652 409.6133
  endloop
 endfacet
 facet normal -0.7911666 0.00982432 -0.6115218
  outer loop
   vertex 364.895 -236.552 438.5815
   vertex 387.4543 -222.9652 409.6133
   vertex 386.8561 -233.903 410.2115
  endloop
 endfacet
 facet normal -0.7610151 0.3304906 -0.55824
  outer loop
   vertex 361.2205 -249.1989 436.1034
   vertex 364.895 -236.552 438.5815
   vertex 386.8561 -233.903 410.2115
  endloop
 endfacet
 facet normal -0.7602049 0.3693404 -0.5344869
  outer loop
   vertex 361.2205 -249.1989 436.1034
   vertex 386.8561 -233.903 410.2115
   vertex 384.8053 -240.2264 408.7588
  endloop
 endfacet
 facet normal -0.470062 0.8746515 -0.1184335
  outer loop
   vertex 354.7262 -253.5569 429.6945
   vertex 361.2205 -249.1989 436.1034
   vertex 384.8053 -240.2264 408.7588
  endloop
 endfacet
 facet normal -0.4523101 0.8878461 -0.08452713
  outer loop
   vertex 354.7262 -253.5569 429.6945
   vertex 384.8053 -240.2264 408.7588
   vertex 381.1308 -242.4482 405.0844
  endloop
 endfacet
 facet normal 0.727979 -0.07894816 -0.6810387
  outer loop
   vertex 246.9715 -213.6509 530.2927
   vertex 245.4333 -239.6283 531.6599
   vertex 237.1445 -235.5266 522.3243
  endloop
 endfacet
 facet normal 0.7294902 -0.08027331 -0.6792644
  outer loop
   vertex 246.9715 -213.6509 530.2927
   vertex 237.1445 -235.5266 522.3243
   vertex 233.8973 -223.8197 517.4535
  endloop
 endfacet
 facet normal 0.7294072 -0.08001552 -0.679384
  outer loop
   vertex 246.9715 -213.6509 530.2927
   vertex 233.8973 -223.8197 517.4535
   vertex 235.0937 -203.4822 516.3427
  endloop
 endfacet
 facet normal 0.7296781 -0.07939907 -0.6791654
  outer loop
   vertex 246.9715 -213.6509 530.2927
   vertex 235.0937 -203.4822 516.3427
   vertex 239.7081 -191.7753 519.9316
  endloop
 endfacet
 facet normal 0.7304485 -0.07878476 -0.6784084
  outer loop
   vertex 246.9715 -213.6509 530.2927
   vertex 239.7081 -191.7753 519.9316
   vertex 248.4241 -187.6736 528.84
  endloop
 endfacet
 facet normal 0.7272239 -0.07879759 -0.6818624
  outer loop
   vertex 246.9715 -213.6509 530.2927
   vertex 248.4241 -187.6736 528.84
   vertex 256.713 -191.7753 538.1542
  endloop
 endfacet
 facet normal 0.7321857 -0.08310836 -0.6760156
  outer loop
   vertex 246.9715 -213.6509 530.2927
   vertex 256.713 -191.7753 538.1542
   vertex 259.9601 -203.4822 543.1104
  endloop
 endfacet
 facet normal 0.7311923 -0.08001556 -0.6774625
  outer loop
   vertex 246.9715 -213.6509 530.2927
   vertex 259.9601 -203.4822 543.1104
   vertex 258.7638 -223.8197 544.2213
  endloop
 endfacet
 facet normal 0.7327082 -0.07655957 -0.6762228
  outer loop
   vertex 246.9715 -213.6509 530.2927
   vertex 258.7638 -223.8197 544.2213
   vertex 254.1494 -235.5266 540.5469
  endloop
 endfacet
 facet normal 0.7296836 -0.07895292 -0.6792115
  outer loop
   vertex 246.9715 -213.6509 530.2927
   vertex 254.1494 -235.5266 540.5469
   vertex 245.4333 -239.6283 531.6599
  endloop
 endfacet
 facet normal -0.7221609 0.07735321 0.6873865
  outer loop
   vertex 381.8999 -228.4341 404.3153
   vertex 377.6273 -240.2264 401.1536
   vertex 381.1308 -242.4482 405.0844
  endloop
 endfacet
 facet normal -0.7360483 0.08668289 0.6713561
  outer loop
   vertex 381.8999 -228.4341 404.3153
   vertex 376.3455 -233.903 398.9318
   vertex 377.6273 -240.2264 401.1536
  endloop
 endfacet
 facet normal -0.7343973 0.08274048 0.6736577
  outer loop
   vertex 381.8999 -228.4341 404.3153
   vertex 377.0291 -222.9652 398.3337
   vertex 376.3455 -233.903 398.9318
  endloop
 endfacet
 facet normal -0.7341075 0.08327225 0.6739079
  outer loop
   vertex 381.8999 -228.4341 404.3153
   vertex 379.08 -216.6417 399.7864
   vertex 377.0291 -222.9652 398.3337
  endloop
 endfacet
 facet normal -0.7357245 0.08225553 0.6722674
  outer loop
   vertex 381.8999 -228.4341 404.3153
   vertex 382.7544 -214.5054 403.5462
   vertex 379.08 -216.6417 399.7864
  endloop
 endfacet
 facet normal -0.7294851 0.08224636 0.6790339
  outer loop
   vertex 381.8999 -228.4341 404.3153
   vertex 386.1725 -216.6417 407.477
   vertex 382.7544 -214.5054 403.5462
  endloop
 endfacet
 facet normal -0.7289224 0.0818683 0.6796836
  outer loop
   vertex 381.8999 -228.4341 404.3153
   vertex 387.4543 -222.9652 409.6133
   vertex 386.1725 -216.6417 407.477
  endloop
 endfacet
 facet normal -0.7268479 0.07707154 0.6824603
  outer loop
   vertex 381.8999 -228.4341 404.3153
   vertex 386.8561 -233.903 410.2115
   vertex 387.4543 -222.9652 409.6133
  endloop
 endfacet
 facet normal -0.7260471 0.07853594 0.6831454
  outer loop
   vertex 381.8999 -228.4341 404.3153
   vertex 384.8053 -240.2264 408.7588
   vertex 386.8561 -233.903 410.2115
  endloop
 endfacet
 facet normal -0.7279815 0.0773343 0.6812212
  outer loop
   vertex 381.8999 -228.4341 404.3153
   vertex 381.1308 -242.4482 405.0844
   vertex 384.8053 -240.2264 408.7588
  endloop
 endfacet
 facet normal -0.1266956 0.9777871 0.1669746
  outer loop
   vertex 6.061399 5.725272 445.8449
   vertex 4.352362 -1.87994 489.0835
   vertex 150.3254 15.80859 496.2615
  endloop
 endfacet
 facet normal -0.125997 0.9782316 0.1648867
  outer loop
   vertex 6.061399 5.725272 445.8449
   vertex 150.3254 15.80859 496.2615
   vertex 151.8636 22.47383 457.8936
  endloop
 endfacet
 facet normal -0.1400895 0.7931715 0.5926668
  outer loop
   vertex 6.403206 27.68639 416.5349
   vertex 6.061399 5.725272 445.8449
   vertex 151.8636 22.47383 457.8936
  endloop
 endfacet
 facet normal -0.1388937 0.7962219 0.5888457
  outer loop
   vertex 6.403206 27.68639 416.5349
   vertex 151.8636 22.47383 457.8936
   vertex 152.2054 41.87139 431.7453
  endloop
 endfacet
 facet normal -0.1339275 0.4083868 0.9029306
  outer loop
   vertex 5.463236 61.95257 400.8972
   vertex 6.403206 27.68639 416.5349
   vertex 152.2054 41.87139 431.7453
  endloop
 endfacet
 facet normal -0.1335109 0.4102371 0.9021532
  outer loop
   vertex 5.463236 61.95257 400.8972
   vertex 152.2054 41.87139 431.7453
   vertex 151.3509 72.03589 417.9022
  endloop
 endfacet
 facet normal -0.1155096 -0.003921512 0.9932986
  outer loop
   vertex 3.156037 108.2675 400.8118
   vertex 5.463236 61.95257 400.8972
   vertex 151.3509 72.03589 417.9022
  endloop
 endfacet
 facet normal -0.1149539 -0.001615387 0.9933695
  outer loop
   vertex 3.156037 108.2675 400.8118
   vertex 151.3509 72.03589 417.9022
   vertex 149.3 112.8819 417.7312
  endloop
 endfacet
 facet normal -0.0918345 -0.4133027 0.905951
  outer loop
   vertex 0.6779337 142.5336 416.1931
   vertex 3.156037 108.2675 400.8118
   vertex 149.3 112.8819 417.7312
  endloop
 endfacet
 facet normal -0.09286731 -0.4186115 0.9034047
  outer loop
   vertex 0.6779337 142.5336 416.1931
   vertex 149.3 112.8819 417.7312
   vertex 147.1637 143.0464 431.489
  endloop
 endfacet
 facet normal -0.05936126 -0.8012706 0.59535
  outer loop
   vertex -1.800169 164.4948 445.5031
   vertex 0.6779337 142.5336 416.1931
   vertex 147.1637 143.0464 431.489
  endloop
 endfacet
 facet normal -0.0602591 -0.8045481 0.5908225
  outer loop
   vertex -1.800169 164.4948 445.5031
   vertex 147.1637 143.0464 431.489
   vertex 144.8565 162.3585 457.5518
  endloop
 endfacet
 facet normal -0.02846262 -0.9847115 0.1718524
  outer loop
   vertex -4.363724 172.1 488.6563
   vertex -1.800169 164.4948 445.5031
   vertex 144.8565 162.3585 457.5518
  endloop
 endfacet
 facet normal -0.0284326 -0.9846884 0.1719891
  outer loop
   vertex -4.363724 172.1 488.6563
   vertex 144.8565 162.3585 457.5518
   vertex 142.6348 169.1092 495.8342
  endloop
 endfacet
 facet normal -0.01154236 -0.9846937 -0.1739111
  outer loop
   vertex -6.072761 164.4948 531.8308
   vertex -4.363724 172.1 488.6563
   vertex 142.6348 169.1092 495.8342
  endloop
 endfacet
 facet normal -0.01137821 -0.9848125 -0.1732482
  outer loop
   vertex -6.072761 164.4948 531.8308
   vertex 142.6348 169.1092 495.8342
   vertex 141.0966 162.3585 534.3089
  endloop
 endfacet
 facet normal -0.001550651 -0.8011068 -0.5985194
  outer loop
   vertex -6.414568 142.5336 561.2262
   vertex -6.072761 164.4948 531.8308
   vertex 141.0966 162.3585 534.3089
  endloop
 endfacet
 facet normal -0.0006573697 -0.8034606 -0.5953576
  outer loop
   vertex -6.414568 142.5336 561.2262
   vertex 141.0966 162.3585 534.3089
   vertex 140.8403 143.0464 560.3717
  endloop
 endfacet
 facet normal -0.003844647 -0.413374 -0.9105532
  outer loop
   vertex -5.474598 108.2675 576.7785
   vertex -6.414568 142.5336 561.2262
   vertex 140.8403 143.0464 560.3717
  endloop
 endfacet
 facet normal -0.002753006 -0.4171543 -0.9088315
  outer loop
   vertex -5.474598 108.2675 576.7785
   vertex 140.8403 143.0464 560.3717
   vertex 141.6094 112.8819 574.2149
  endloop
 endfacet
 facet normal -0.01728365 -0.004550441 -0.9998403
  outer loop
   vertex -3.167398 61.95257 576.9494
   vertex -5.474598 108.2675 576.7785
   vertex 141.6094 112.8819 574.2149
  endloop
 endfacet
 facet normal -0.01711055 -0.005042542 -0.9998409
  outer loop
   vertex -3.167398 61.95257 576.9494
   vertex 141.6094 112.8819 574.2149
   vertex 143.6602 72.03589 574.3858
  endloop
 endfacet
 facet normal -0.04396314 0.4083633 -0.9117602
  outer loop
   vertex -0.6892955 27.68639 561.4826
   vertex -3.167398 61.95257 576.9494
   vertex 143.6602 72.03589 574.3858
  endloop
 endfacet
 facet normal -0.04515878 0.4117891 -0.9101595
  outer loop
   vertex -0.6892955 27.68639 561.4826
   vertex 143.6602 72.03589 574.3858
   vertex 145.8819 41.87139 560.6281
  endloop
 endfacet
 facet normal -0.08030752 0.7934606 -0.6033
  outer loop
   vertex 1.874259 5.725272 532.2581
   vertex -0.6892955 27.68639 561.4826
   vertex 145.8819 41.87139 560.6281
  endloop
 endfacet
 facet normal -0.08125688 0.7952696 -0.6007858
  outer loop
   vertex 1.874259 5.725272 532.2581
   vertex 145.8819 41.87139 560.6281
   vertex 148.1037 22.47383 534.6507
  endloop
 endfacet
 facet normal -0.1090808 0.9778723 -0.1785136
  outer loop
   vertex 4.352362 -1.87994 489.0835
   vertex 1.874259 5.725272 532.2581
   vertex 148.1037 22.47383 534.6507
  endloop
 endfacet
 facet normal -0.1098713 0.9782039 -0.1761971
  outer loop
   vertex 4.352362 -1.87994 489.0835
   vertex 148.1037 22.47383 534.6507
   vertex 150.3254 15.80859 496.2615
  endloop
 endfacet
 facet normal -0.126091 0.9782205 0.164881
  outer loop
   vertex 151.8636 22.47383 457.8936
   vertex 150.3254 15.80859 496.2615
   vertex 296.2772 33.41166 503.4394
  endloop
 endfacet
 facet normal -0.1265864 0.9778763 0.1665346
  outer loop
   vertex 151.8636 22.47383 457.8936
   vertex 296.2772 33.41166 503.4394
   vertex 297.6444 39.30784 469.8569
  endloop
 endfacet
 facet normal -0.1402394 0.7960779 0.5887214
  outer loop
   vertex 152.2054 41.87139 431.7453
   vertex 151.8636 22.47383 457.8936
   vertex 297.6444 39.30784 469.8569
  endloop
 endfacet
 facet normal -0.1385903 0.800752 0.5827426
  outer loop
   vertex 152.2054 41.87139 431.7453
   vertex 297.6444 39.30784 469.8569
   vertex 297.9862 55.97095 447.0412
  endloop
 endfacet
 facet normal -0.1343187 0.4101727 0.9020626
  outer loop
   vertex 151.3509 72.03589 417.9022
   vertex 152.2054 41.87139 431.7453
   vertex 297.9862 55.97095 447.0412
  endloop
 endfacet
 facet normal -0.1331067 0.4163885 0.8993905
  outer loop
   vertex 151.3509 72.03589 417.9022
   vertex 297.9862 55.97095 447.0412
   vertex 297.2171 82.1192 434.8216
  endloop
 endfacet
 facet normal -0.1151096 -0.001623278 0.9933515
  outer loop
   vertex 149.3 112.8819 417.7312
   vertex 151.3509 72.03589 417.9022
   vertex 297.2171 82.1192 434.8216
  endloop
 endfacet
 facet normal -0.115428 -0.00317693 0.9933108
  outer loop
   vertex 149.3 112.8819 417.7312
   vertex 297.2171 82.1192 434.8216
   vertex 295.5081 117.4963 434.7362
  endloop
 endfacet
 facet normal -0.09187355 -0.4185916 0.9035155
  outer loop
   vertex 147.1637 143.0464 431.489
   vertex 149.3 112.8819 417.7312
   vertex 295.5081 117.4963 434.7362
  endloop
 endfacet
 facet normal -0.09267802 -0.423568 0.9011109
  outer loop
   vertex 147.1637 143.0464 431.489
   vertex 295.5081 117.4963 434.7362
   vertex 293.5427 143.5591 446.7849
  endloop
 endfacet
 facet normal -0.05893283 -0.8045558 0.5909457
  outer loop
   vertex 144.8565 162.3585 457.5518
   vertex 147.1637 143.0464 431.489
   vertex 293.5427 143.5591 446.7849
  endloop
 endfacet
 facet normal -0.05927896 -0.806081 0.5888288
  outer loop
   vertex 144.8565 162.3585 457.5518
   vertex 293.5427 143.5591 446.7849
   vertex 291.5773 160.3076 469.5151
  endloop
 endfacet
 facet normal -0.02779078 -0.9846999 0.1720284
  outer loop
   vertex 142.6348 169.1092 495.8342
   vertex 144.8565 162.3585 457.5518
   vertex 291.5773 160.3076 469.5151
  endloop
 endfacet
 facet normal -0.02837771 -0.9852274 0.1688834
  outer loop
   vertex 142.6348 169.1092 495.8342
   vertex 291.5773 160.3076 469.5151
   vertex 289.6974 166.1183 503.0976
  endloop
 endfacet
 facet normal -0.01147123 -0.9848108 -0.1732516
  outer loop
   vertex 141.0966 162.3585 534.3089
   vertex 142.6348 169.1092 495.8342
   vertex 289.6974 166.1183 503.0976
  endloop
 endfacet
 facet normal -0.01094783 -0.9852429 -0.1708116
  outer loop
   vertex 141.0966 162.3585 534.3089
   vertex 289.6974 166.1183 503.0976
   vertex 288.3301 160.3076 536.7016
  endloop
 endfacet
 facet normal -0.001516419 -0.8034558 -0.5953625
  outer loop
   vertex 140.8403 143.0464 560.3717
   vertex 141.0966 162.3585 534.3089
   vertex 288.3301 160.3076 536.7016
  endloop
 endfacet
 facet normal -0.0006277287 -0.8061123 -0.5917623
  outer loop
   vertex 140.8403 143.0464 560.3717
   vertex 288.3301 160.3076 536.7016
   vertex 287.9883 143.5591 559.5172
  endloop
 endfacet
 facet normal -0.003824115 -0.4171754 -0.9088179
  outer loop
   vertex 141.6094 112.8819 574.2149
   vertex 140.8403 143.0464 560.3717
   vertex 287.9883 143.5591 559.5172
  endloop
 endfacet
 facet normal -0.002555618 -0.4221323 -0.9065306
  outer loop
   vertex 141.6094 112.8819 574.2149
   vertex 287.9883 143.5591 559.5172
   vertex 288.7574 117.4963 571.6513
  endloop
 endfacet
 facet normal -0.01726042 -0.005050056 -0.9998383
  outer loop
   vertex 143.6602 72.03589 574.3858
   vertex 141.6094 112.8819 574.2149
   vertex 288.7574 117.4963 571.6513
  endloop
 endfacet
 facet normal -0.01707094 -0.00565482 -0.9998383
  outer loop
   vertex 143.6602 72.03589 574.3858
   vertex 288.7574 117.4963 571.6513
   vertex 290.4664 82.1192 571.8223
  endloop
 endfacet
 facet normal -0.04418245 0.4118668 -0.9101723
  outer loop
   vertex 145.8819 41.87139 560.6281
   vertex 143.6602 72.03589 574.3858
   vertex 290.4664 82.1192 571.8223
  endloop
 endfacet
 facet normal -0.0452497 0.4152573 -0.9085779
  outer loop
   vertex 145.8819 41.87139 560.6281
   vertex 290.4664 82.1192 571.8223
   vertex 292.4318 55.97095 559.7735
  endloop
 endfacet
 facet normal -0.08002844 0.7954 -0.6007781
  outer loop
   vertex 148.1037 22.47383 534.6507
   vertex 145.8819 41.87139 560.6281
   vertex 292.4318 55.97095 559.7735
  endloop
 endfacet
 facet normal -0.08245162 0.8004914 -0.5936457
  outer loop
   vertex 148.1037 22.47383 534.6507
   vertex 292.4318 55.97095 559.7735
   vertex 294.3118 39.30784 537.0434
  endloop
 endfacet
 facet normal -0.1097462 0.9782188 -0.1761925
  outer loop
   vertex 150.3254 15.80859 496.2615
   vertex 148.1037 22.47383 534.6507
   vertex 294.3118 39.30784 537.0434
  endloop
 endfacet
 facet normal -0.1091972 0.9779566 -0.1779798
  outer loop
   vertex 150.3254 15.80859 496.2615
   vertex 294.3118 39.30784 537.0434
   vertex 296.2772 33.41166 503.4394
  endloop
 endfacet
 facet normal -0.126403 0.9778981 0.1665459
  outer loop
   vertex 297.6444 39.30784 469.8569
   vertex 296.2772 33.41166 503.4394
   vertex 442.6775 51.18564 510.1901
  endloop
 endfacet
 facet normal -0.1681728 0.9284106 0.3313182
  outer loop
   vertex 297.6444 39.30784 469.8569
   vertex 442.6775 51.18564 510.1901
   vertex 422.6604 55.03098 489.2544
  endloop
 endfacet
 facet normal -0.1894629 0.7942805 0.5772541
  outer loop
   vertex 297.9862 55.97095 447.0412
   vertex 297.6444 39.30784 469.8569
   vertex 422.6604 55.03098 489.2544
  endloop
 endfacet
 facet normal -0.2628176 0.5559177 0.7885952
  outer loop
   vertex 297.9862 55.97095 447.0412
   vertex 422.6604 55.03098 489.2544
   vertex 408.4754 68.44691 475.0694
  endloop
 endfacet
 facet normal -0.2675319 0.40147 0.8759272
  outer loop
   vertex 297.2171 82.1192 434.8216
   vertex 297.9862 55.97095 447.0412
   vertex 408.4754 68.44691 475.0694
  endloop
 endfacet
 facet normal -0.3116965 0.1987764 0.9291573
  outer loop
   vertex 297.2171 82.1192 434.8216
   vertex 408.4754 68.44691 475.0694
   vertex 400.1011 90.06622 467.6351
  endloop
 endfacet
 facet normal -0.3029688 -0.01233443 0.9529207
  outer loop
   vertex 295.5081 117.4963 434.7362
   vertex 297.2171 82.1192 434.8216
   vertex 400.1011 90.06622 467.6351
  endloop
 endfacet
 facet normal -0.3054445 -0.02295919 0.951933
  outer loop
   vertex 295.5081 117.4963 434.7362
   vertex 400.1011 90.06622 467.6351
   vertex 398.3921 119.8889 467.806
  endloop
 endfacet
 facet normal -0.2687109 -0.4208125 0.8664359
  outer loop
   vertex 293.5427 143.5591 446.7849
   vertex 295.5081 117.4963 434.7362
   vertex 398.3921 119.8889 467.806
  endloop
 endfacet
 facet normal -0.2449732 -0.2542382 0.935602
  outer loop
   vertex 293.5427 143.5591 446.7849
   vertex 398.3921 119.8889 467.806
   vertex 404.2028 142.2773 475.4112
  endloop
 endfacet
 facet normal -0.1584888 -0.8013754 0.5767832
  outer loop
   vertex 291.5773 160.3076 469.5151
   vertex 293.5427 143.5591 446.7849
   vertex 404.2028 142.2773 475.4112
  endloop
 endfacet
 facet normal -0.1401335 -0.623921 0.7688207
  outer loop
   vertex 291.5773 160.3076 469.5151
   vertex 404.2028 142.2773 475.4112
   vertex 416.7642 157.1459 489.7671
  endloop
 endfacet
 facet normal -0.05195237 -0.9845125 0.1674399
  outer loop
   vertex 289.6974 166.1183 503.0976
   vertex 291.5773 160.3076 469.5151
   vertex 416.7642 157.1459 489.7671
  endloop
 endfacet
 facet normal -0.0352345 -0.9517766 0.3047618
  outer loop
   vertex 289.6974 166.1183 503.0976
   vertex 416.7642 157.1459 489.7671
   vertex 436.2686 163.1275 510.7028
  endloop
 endfacet
 facet normal -0.0112404 -0.9852377 -0.1708227
  outer loop
   vertex 288.3301 160.3076 536.7016
   vertex 289.6974 166.1183 503.0976
   vertex 436.2686 163.1275 510.7028
  endloop
 endfacet
 facet normal -0.01161858 -0.9848649 -0.1729342
  outer loop
   vertex 288.3301 160.3076 536.7016
   vertex 436.2686 163.1275 510.7028
   vertex 456.2643 159.1968 531.7453
  endloop
 endfacet
 facet normal -0.02279633 -0.8057445 -0.5918244
  outer loop
   vertex 287.9883 143.5591 559.5172
   vertex 288.3301 160.3076 536.7016
   vertex 456.2643 159.1968 531.7453
  endloop
 endfacet
 facet normal -0.04043274 -0.7458046 -0.6649366
  outer loop
   vertex 287.9883 143.5591 559.5172
   vertex 456.2643 159.1968 531.7453
   vertex 470.4493 145.7808 545.9303
  endloop
 endfacet
 facet normal -0.06217581 -0.4227624 -0.9041052
  outer loop
   vertex 288.7574 117.4963 571.6513
   vertex 287.9883 143.5591 559.5172
   vertex 470.4493 145.7808 545.9303
  endloop
 endfacet
 facet normal -0.07747912 -0.3509134 -0.9331971
  outer loop
   vertex 288.7574 117.4963 571.6513
   vertex 470.4493 145.7808 545.9303
   vertex 478.8236 124.1615 553.3647
  endloop
 endfacet
 facet normal -0.09543843 -0.009419203 -0.9953908
  outer loop
   vertex 290.4664 82.1192 571.8223
   vertex 288.7574 117.4963 571.6513
   vertex 478.8236 124.1615 553.3647
  endloop
 endfacet
 facet normal -0.09755038 0.0001130475 -0.9952306
  outer loop
   vertex 290.4664 82.1192 571.8223
   vertex 478.8236 124.1615 553.3647
   vertex 480.5327 94.33881 553.1938
  endloop
 endfacet
 facet normal -0.1150114 0.4085728 -0.9054505
  outer loop
   vertex 292.4318 55.97095 559.7735
   vertex 290.4664 82.1192 571.8223
   vertex 480.5327 94.33881 553.1938
  endloop
 endfacet
 facet normal -0.1027677 0.3437506 -0.9334208
  outer loop
   vertex 292.4318 55.97095 559.7735
   vertex 480.5327 94.33881 553.1938
   vertex 474.7219 71.95044 545.5885
  endloop
 endfacet
 facet normal -0.1159979 0.7964581 -0.5934635
  outer loop
   vertex 294.3118 39.30784 537.0434
   vertex 292.4318 55.97095 559.7735
   vertex 474.7219 71.95044 545.5885
  endloop
 endfacet
 facet normal -0.1009669 0.7338751 -0.6717388
  outer loop
   vertex 294.3118 39.30784 537.0434
   vertex 474.7219 71.95044 545.5885
   vertex 462.1605 57.08182 531.2326
  endloop
 endfacet
 facet normal -0.1097142 0.9778952 -0.1779992
  outer loop
   vertex 296.2772 33.41166 503.4394
   vertex 294.3118 39.30784 537.0434
   vertex 462.1605 57.08182 531.2326
  endloop
 endfacet
 facet normal -0.1109338 0.9789045 -0.1715797
  outer loop
   vertex 296.2772 33.41166 503.4394
   vertex 462.1605 57.08182 531.2326
   vertex 442.6775 51.18564 510.1901
  endloop
 endfacet
 facet normal 0.1369486 0.9892765 0.05076421
  outer loop
   vertex 422.6604 55.03098 489.2544
   vertex 442.6775 51.18564 510.1901
   vertex 436.6959 59.21811 369.7928
  endloop
 endfacet
 facet normal 0.1119119 0.9925612 0.04793778
  outer loop
   vertex 422.6604 55.03098 489.2544
   vertex 436.6959 59.21811 369.7928
   vertex 411.2099 62.03803 370.9036
  endloop
 endfacet
 facet normal 0.7002619 0.71343 -0.02551179
  outer loop
   vertex 408.4754 68.44691 475.0694
   vertex 422.6604 55.03098 489.2544
   vertex 411.2099 62.03803 370.9036
  endloop
 endfacet
 facet normal 0.5410636 0.8401458 -0.0374872
  outer loop
   vertex 408.4754 68.44691 475.0694
   vertex 411.2099 62.03803 370.9036
   vertex 393.3504 73.57402 371.6727
  endloop
 endfacet
 facet normal 0.9389399 0.3219592 -0.1213841
  outer loop
   vertex 400.1011 90.06622 467.6351
   vertex 408.4754 68.44691 475.0694
   vertex 393.3504 73.57402 371.6727
  endloop
 endfacet
 facet normal 0.8686704 0.4744103 -0.1426413
  outer loop
   vertex 400.1011 90.06622 467.6351
   vertex 393.3504 73.57402 371.6727
   vertex 383.1817 92.37342 372.2709
  endloop
 endfacet
 facet normal 0.9832411 0.05733793 -0.1730588
  outer loop
   vertex 398.3921 119.8889 467.806
   vertex 400.1011 90.06622 467.6351
   vertex 383.1817 92.37342 372.2709
  endloop
 endfacet
 facet normal 0.9829873 0.05970315 -0.1736996
  outer loop
   vertex 398.3921 119.8889 467.806
   vertex 383.1817 92.37342 372.2709
   vertex 381.6435 118.6926 372.6127
  endloop
 endfacet
 facet normal 0.9665884 -0.1939283 -0.1676269
  outer loop
   vertex 404.2028 142.2773 475.4112
   vertex 398.3921 119.8889 467.806
   vertex 381.6435 118.6926 372.6127
  endloop
 endfacet
 facet normal 0.9208603 -0.3720069 -0.1167358
  outer loop
   vertex 404.2028 142.2773 475.4112
   vertex 381.6435 118.6926 372.6127
   vertex 389.676 138.6029 372.5272
  endloop
 endfacet
 facet normal 0.8027816 -0.5890844 -0.09231084
  outer loop
   vertex 416.7642 157.1459 489.7671
   vertex 404.2028 142.2773 475.4112
   vertex 389.676 138.6029 372.5272
  endloop
 endfacet
 facet normal 0.6323981 -0.7742824 -0.02365226
  outer loop
   vertex 416.7642 157.1459 489.7671
   vertex 389.676 138.6029 372.5272
   vertex 406.0828 152.0188 372.0145
  endloop
 endfacet
 facet normal 0.2766993 -0.9608108 0.0167353
  outer loop
   vertex 436.2686 163.1275 510.7028
   vertex 416.7642 157.1459 489.7671
   vertex 406.0828 152.0188 372.0145
  endloop
 endfacet
 facet normal 0.2277309 -0.97331 0.02839456
  outer loop
   vertex 436.2686 163.1275 510.7028
   vertex 406.0828 152.0188 372.0145
   vertex 431.0347 157.8295 371.0746
  endloop
 endfacet
 facet normal -0.2388329 -0.969982 0.04575728
  outer loop
   vertex 456.2643 159.1968 531.7453
   vertex 436.2686 163.1275 510.7028
   vertex 431.0347 157.8295 371.0746
  endloop
 endfacet
 facet normal -0.112105 -0.9933547 0.02605647
  outer loop
   vertex 456.2643 159.1968 531.7453
   vertex 431.0347 157.8295 371.0746
   vertex 456.5207 154.9242 369.9637
  endloop
 endfacet
 facet normal -0.696389 -0.7174426 0.0178439
  outer loop
   vertex 470.4493 145.7808 545.9303
   vertex 456.2643 159.1968 531.7453
   vertex 456.5207 154.9242 369.9637
  endloop
 endfacet
 facet normal -0.53977 -0.8418119 -0.001015593
  outer loop
   vertex 470.4493 145.7808 545.9303
   vertex 456.5207 154.9242 369.9637
   vertex 474.3801 143.4736 369.1946
  endloop
 endfacet
 facet normal -0.930514 -0.3659103 -0.0159188
  outer loop
   vertex 478.8236 124.1615 553.3647
   vertex 470.4493 145.7808 545.9303
   vertex 474.3801 143.4736 369.1946
  endloop
 endfacet
 facet normal -0.8795919 -0.4748701 -0.02857296
  outer loop
   vertex 478.8236 124.1615 553.3647
   vertex 474.3801 143.4736 369.1946
   vertex 484.5489 124.6742 368.5964
  endloop
 endfacet
 facet normal -0.9978899 -0.05700756 -0.03107905
  outer loop
   vertex 480.5327 94.33881 553.1938
   vertex 478.8236 124.1615 553.3647
   vertex 484.5489 124.6742 368.5964
  endloop
 endfacet
 facet normal -0.9978334 -0.0579094 -0.03122602
  outer loop
   vertex 480.5327 94.33881 553.1938
   vertex 484.5489 124.6742 368.5964
   vertex 486.087 98.35505 368.2546
  endloop
 endfacet
 facet normal -0.9657051 0.2585858 -0.02338792
  outer loop
   vertex 474.7219 71.95044 545.5885
   vertex 480.5327 94.33881 553.1938
   vertex 486.087 98.35505 368.2546
  endloop
 endfacet
 facet normal -0.928749 0.3706838 -0.004328307
  outer loop
   vertex 474.7219 71.95044 545.5885
   vertex 486.087 98.35505 368.2546
   vertex 478.14 78.44478 368.3401
  endloop
 endfacet
 facet normal -0.7679615 0.6404375 0.00865604
  outer loop
   vertex 462.1605 57.08182 531.2326
   vertex 474.7219 71.95044 545.5885
   vertex 478.14 78.44478 368.3401
  endloop
 endfacet
 facet normal -0.6297948 0.7757333 0.03995367
  outer loop
   vertex 462.1605 57.08182 531.2326
   vertex 478.14 78.44478 368.3401
   vertex 461.6478 65.02884 368.8528
  endloop
 endfacet
 facet normal -0.3355988 0.9408265 0.04710457
  outer loop
   vertex 442.6775 51.18564 510.1901
   vertex 462.1605 57.08182 531.2326
   vertex 461.6478 65.02884 368.8528
  endloop
 endfacet
 facet normal -0.2239959 0.9724082 0.06517717
  outer loop
   vertex 442.6775 51.18564 510.1901
   vertex 461.6478 65.02884 368.8528
   vertex 436.6959 59.21811 369.7928
  endloop
 endfacet
 facet normal 0.1120693 0.9923319 0.05213266
  outer loop
   vertex 411.2099 62.03803 370.9036
   vertex 436.6959 59.21811 369.7928
   vertex 430.6929 67.25059 229.8013
  endloop
 endfacet
 facet normal 0.1141897 0.9920752 0.05241595
  outer loop
   vertex 411.2099 62.03803 370.9036
   vertex 430.6929 67.25059 229.8013
   vertex 408.7318 69.72869 230.7413
  endloop
 endfacet
 facet normal 0.5433306 0.8387287 0.03641457
  outer loop
   vertex 393.3504 73.57402 371.6727
   vertex 411.2099 62.03803 370.9036
   vertex 408.7318 69.72869 230.7413
  endloop
 endfacet
 facet normal 0.5446212 0.8378841 0.03657846
  outer loop
   vertex 393.3504 73.57402 371.6727
   vertex 408.7318 69.72869 230.7413
   vertex 393.4359 79.6411 231.4249
  endloop
 endfacet
 facet normal 0.8796559 0.4751428 0.02109051
  outer loop
   vertex 383.1817 92.37342 372.2709
   vertex 393.3504 73.57402 371.6727
   vertex 393.4359 79.6411 231.4249
  endloop
 endfacet
 facet normal 0.880255 0.4740254 0.02123514
  outer loop
   vertex 383.1817 92.37342 372.2709
   vertex 393.4359 79.6411 231.4249
   vertex 384.6343 95.9624 231.9376
  endloop
 endfacet
 facet normal 0.9982358 0.05818493 0.01182145
  outer loop
   vertex 381.6435 118.6926 372.6127
   vertex 383.1817 92.37342 372.2709
   vertex 384.6343 95.9624 231.9376
  endloop
 endfacet
 facet normal 0.9983503 0.05611512 0.01215832
  outer loop
   vertex 381.6435 118.6926 372.6127
   vertex 384.6343 95.9624 231.9376
   vertex 383.3526 118.6926 232.2794
  endloop
 endfacet
 facet normal 0.9273323 -0.3740684 0.01129344
  outer loop
   vertex 389.676 138.6029 372.5272
   vertex 381.6435 118.6926 372.6127
   vertex 383.3526 118.6926 232.2794
  endloop
 endfacet
 facet normal 0.9297263 -0.3681061 0.01033905
  outer loop
   vertex 389.676 138.6029 372.5272
   vertex 383.3526 118.6926 232.2794
   vertex 390.1887 135.9539 232.1085
  endloop
 endfacet
 facet normal 0.6332443 -0.7737672 0.01690933
  outer loop
   vertex 406.0828 152.0188 372.0145
   vertex 389.676 138.6029 372.5272
   vertex 390.1887 135.9539 232.1085
  endloop
 endfacet
 facet normal 0.6362445 -0.7713155 0.01628697
  outer loop
   vertex 406.0828 152.0188 372.0145
   vertex 390.1887 135.9539 232.1085
   vertex 404.2883 147.5753 231.6813
  endloop
 endfacet
 facet normal 0.2277166 -0.9733274 0.02790743
  outer loop
   vertex 431.0347 157.8295 371.0746
   vertex 406.0828 152.0188 372.0145
   vertex 404.2883 147.5753 231.6813
  endloop
 endfacet
 facet normal 0.2251684 -0.9739047 0.02843885
  outer loop
   vertex 431.0347 157.8295 371.0746
   vertex 404.2883 147.5753 231.6813
   vertex 425.8221 152.5315 230.9122
  endloop
 endfacet
 facet normal -0.111373 -0.9929045 0.04167282
  outer loop
   vertex 456.5207 154.9242 369.9637
   vertex 431.0347 157.8295 371.0746
   vertex 425.8221 152.5315 230.9122
  endloop
 endfacet
 facet normal -0.1105968 -0.9929984 0.04150305
  outer loop
   vertex 456.5207 154.9242 369.9637
   vertex 425.8221 152.5315 230.9122
   vertex 447.7192 150.0534 229.9722
  endloop
 endfacet
 facet normal -0.5367418 -0.8413897 0.06302067
  outer loop
   vertex 474.3801 143.4736 369.1946
   vertex 456.5207 154.9242 369.9637
   vertex 447.7192 150.0534 229.9722
  endloop
 endfacet
 facet normal -0.5386166 -0.8401594 0.06343784
  outer loop
   vertex 474.3801 143.4736 369.1946
   vertex 447.7192 150.0534 229.9722
   vertex 463.1005 140.141 229.2886
  endloop
 endfacet
 facet normal -0.8755206 -0.4761839 0.08193
  outer loop
   vertex 484.5489 124.6742 368.5964
   vertex 474.3801 143.4736 369.1946
   vertex 463.1005 140.141 229.2886
  endloop
 endfacet
 facet normal -0.8761197 -0.475043 0.0821489
  outer loop
   vertex 484.5489 124.6742 368.5964
   vertex 463.1005 140.141 229.2886
   vertex 471.902 123.8197 228.7759
  endloop
 endfacet
 facet normal -0.9941507 -0.05927223 0.0902839
  outer loop
   vertex 486.087 98.35505 368.2546
   vertex 484.5489 124.6742 368.5964
   vertex 471.902 123.8197 228.7759
  endloop
 endfacet
 facet normal -0.9942413 -0.05708908 0.09069169
  outer loop
   vertex 486.087 98.35505 368.2546
   vertex 471.902 123.8197 228.7759
   vertex 473.1838 101.0895 228.5195
  endloop
 endfacet
 facet normal -0.9246231 0.369453 0.09261005
  outer loop
   vertex 478.14 78.44478 368.3401
   vertex 486.087 98.35505 368.2546
   vertex 473.1838 101.0895 228.5195
  endloop
 endfacet
 facet normal -0.9249726 0.3686084 0.09248565
  outer loop
   vertex 478.14 78.44478 368.3401
   vertex 473.1838 101.0895 228.5195
   vertex 466.3477 83.91369 228.605
  endloop
 endfacet
 facet normal -0.6272977 0.7743179 0.08324319
  outer loop
   vertex 461.6478 65.02884 368.8528
   vertex 478.14 78.44478 368.3401
   vertex 466.3477 83.91369 228.605
  endloop
 endfacet
 facet normal -0.6323752 0.7702539 0.08252581
  outer loop
   vertex 461.6478 65.02884 368.8528
   vertex 466.3477 83.91369 228.605
   vertex 452.2481 72.29224 229.0323
  endloop
 endfacet
 facet normal -0.223976 0.9723864 0.06557079
  outer loop
   vertex 436.6959 59.21811 369.7928
   vertex 461.6478 65.02884 368.8528
   vertex 452.2481 72.29224 229.0323
  endloop
 endfacet
 facet normal -0.2250462 0.9721487 0.06543047
  outer loop
   vertex 436.6959 59.21811 369.7928
   vertex 452.2481 72.29224 229.0323
   vertex 430.6929 67.25059 229.8013
  endloop
 endfacet
 facet normal 0.1141982 0.9920619 0.05264887
  outer loop
   vertex 408.7318 69.72869 230.7413
   vertex 430.6929 67.25059 229.8013
   vertex 424.7113 75.36851 89.80987
  endloop
 endfacet
 facet normal 0.1129567 0.9922112 0.05251408
  outer loop
   vertex 408.7318 69.72869 230.7413
   vertex 424.7113 75.36851 89.80987
   vertex 406.3391 77.41935 90.57893
  endloop
 endfacet
 facet normal 0.5446223 0.8378791 0.03667715
  outer loop
   vertex 393.4359 79.6411 231.4249
   vertex 408.7318 69.72869 230.7413
   vertex 406.3391 77.41935 90.57893
  endloop
 endfacet
 facet normal 0.5452327 0.8374792 0.03673938
  outer loop
   vertex 393.4359 79.6411 231.4249
   vertex 406.3391 77.41935 90.57893
   vertex 393.4359 85.79363 91.1771
  endloop
 endfacet
 facet normal 0.8802574 0.4740405 0.02079568
  outer loop
   vertex 384.6343 95.9624 231.9376
   vertex 393.4359 79.6411 231.4249
   vertex 393.4359 85.79363 91.1771
  endloop
 endfacet
 facet normal 0.8821249 0.4705398 0.02116535
  outer loop
   vertex 384.6343 95.9624 231.9376
   vertex 393.4359 85.79363 91.1771
   vertex 386.087 99.55138 91.60436
  endloop
 endfacet
 facet normal 0.9983546 0.0561212 0.0117699
  outer loop
   vertex 383.3526 118.6926 232.2794
   vertex 384.6343 95.9624 231.9376
   vertex 386.087 99.55138 91.60436
  endloop
 endfacet
 facet normal 0.998277 0.05752386 0.01157754
  outer loop
   vertex 383.3526 118.6926 232.2794
   vertex 386.087 99.55138 91.60436
   vertex 384.9762 118.778 91.86071
  endloop
 endfacet
 facet normal 0.9297251 -0.3681038 0.01052589
  outer loop
   vertex 390.1887 135.9539 232.1085
   vertex 383.3526 118.6926 232.2794
   vertex 384.9762 118.778 91.86071
  endloop
 endfacet
 facet normal 0.930323 -0.366596 0.01031902
  outer loop
   vertex 390.1887 135.9539 232.1085
   vertex 384.9762 118.778 91.86071
   vertex 390.7014 133.3048 91.77526
  endloop
 endfacet
 facet normal 0.636249 -0.771299 0.01688401
  outer loop
   vertex 404.2883 147.5753 231.6813
   vertex 390.1887 135.9539 232.1085
   vertex 390.7014 133.3048 91.77526
  endloop
 endfacet
 facet normal 0.6376502 -0.7701465 0.01663038
  outer loop
   vertex 404.2883 147.5753 231.6813
   vertex 390.7014 133.3048 91.77526
   vertex 402.5792 143.1318 91.43345
  endloop
 endfacet
 facet normal 0.2251594 -0.9739163 0.028113
  outer loop
   vertex 425.8221 152.5315 230.9122
   vertex 404.2883 147.5753 231.6813
   vertex 402.5792 143.1318 91.43345
  endloop
 endfacet
 facet normal 0.2271192 -0.9734713 0.02775643
  outer loop
   vertex 425.8221 152.5315 230.9122
   vertex 402.5792 143.1318 91.43345
   vertex 420.6096 147.3189 90.74984
  endloop
 endfacet
 facet normal -0.1106184 -0.9930151 0.04104353
  outer loop
   vertex 447.7192 150.0534 229.9722
   vertex 425.8221 152.5315 230.9122
   vertex 420.6096 147.3189 90.74984
  endloop
 endfacet
 facet normal -0.1135519 -0.9926604 0.04160777
  outer loop
   vertex 447.7192 150.0534 229.9722
   vertex 420.6096 147.3189 90.74984
   vertex 439.0031 145.1827 89.98077
  endloop
 endfacet
 facet normal -0.5386604 -0.8401814 0.06277046
  outer loop
   vertex 463.1005 140.141 229.2886
   vertex 447.7192 150.0534 229.9722
   vertex 439.0031 145.1827 89.98077
  endloop
 endfacet
 facet normal -0.5412457 -0.8384801 0.06327922
  outer loop
   vertex 463.1005 140.141 229.2886
   vertex 439.0031 145.1827 89.98077
   vertex 451.9063 136.8084 89.38261
  endloop
 endfacet
 facet normal -0.8761818 -0.4750537 0.08142123
  outer loop
   vertex 471.902 123.8197 228.7759
   vertex 463.1005 140.141 229.2886
   vertex 451.9063 136.8084 89.38261
  endloop
 endfacet
 facet normal -0.8780175 -0.4715501 0.08201103
  outer loop
   vertex 471.902 123.8197 228.7759
   vertex 451.9063 136.8084 89.38261
   vertex 459.2552 123.0506 88.95535
  endloop
 endfacet
 facet normal -0.9942819 -0.05708636 0.09024752
  outer loop
   vertex 473.1838 101.0895 228.5195
   vertex 471.902 123.8197 228.7759
   vertex 459.2552 123.0506 88.95535
  endloop
 endfacet
 facet normal -0.9942025 -0.05890399 0.08995358
  outer loop
   vertex 473.1838 101.0895 228.5195
   vertex 459.2552 123.0506 88.95535
   vertex 460.366 103.9094 88.69899
  endloop
 endfacet
 facet normal -0.9249949 0.368616 0.09223136
  outer loop
   vertex 466.3477 83.91369 228.605
   vertex 473.1838 101.0895 228.5195
   vertex 460.366 103.9094 88.69899
  endloop
 endfacet
 facet normal -0.9243137 0.3702692 0.09243852
  outer loop
   vertex 466.3477 83.91369 228.605
   vertex 460.366 103.9094 88.69899
   vertex 454.5553 89.38261 88.78445
  endloop
 endfacet
 facet normal -0.6323092 0.770208 0.08345423
  outer loop
   vertex 452.2481 72.29224 229.0323
   vertex 466.3477 83.91369 228.605
   vertex 454.5553 89.38261 88.78445
  endloop
 endfacet
 facet normal -0.6361986 0.7670473 0.08300508
  outer loop
   vertex 452.2481 72.29224 229.0323
   vertex 454.5553 89.38261 88.78445
   vertex 442.763 79.55565 89.21171
  endloop
 endfacet
 facet normal -0.2250298 0.9721298 0.06576583
  outer loop
   vertex 430.6929 67.25059 229.8013
   vertex 452.2481 72.29224 229.0323
   vertex 442.763 79.55565 89.21171
  endloop
 endfacet
 facet normal -0.2233882 0.9724967 0.06593887
  outer loop
   vertex 430.6929 67.25059 229.8013
   vertex 442.763 79.55565 89.21171
   vertex 424.7113 75.36851 89.80987
  endloop
 endfacet
 facet normal 0.9975773 0.05011904 0.04824534
  outer loop
   vertex -0.005680924 85.11002 488.8272
   vertex 4.352362 -1.87994 489.0835
   vertex 6.061399 5.725272 445.8449
  endloop
 endfacet
 facet normal 0.9975629 0.04975588 0.04891403
  outer loop
   vertex -0.005680924 85.11002 488.8272
   vertex 6.061399 5.725272 445.8449
   vertex 6.403206 27.68639 416.5349
  endloop
 endfacet
 facet normal 0.9975635 0.0497053 0.04895425
  outer loop
   vertex -0.005680924 85.11002 488.8272
   vertex 6.403206 27.68639 416.5349
   vertex 5.463236 61.95257 400.8972
  endloop
 endfacet
 facet normal 0.9975606 0.04978426 0.04893328
  outer loop
   vertex -0.005680924 85.11002 488.8272
   vertex 5.463236 61.95257 400.8972
   vertex 3.156037 108.2675 400.8118
  endloop
 endfacet
 facet normal 0.9975385 0.05013505 0.04902478
  outer loop
   vertex -0.005680924 85.11002 488.8272
   vertex 3.156037 108.2675 400.8118
   vertex 0.6779337 142.5336 416.1931
  endloop
 endfacet
 facet normal 0.9976663 0.04868042 0.04787597
  outer loop
   vertex -0.005680924 85.11002 488.8272
   vertex 0.6779337 142.5336 416.1931
   vertex -1.800169 164.4948 445.5031
  endloop
 endfacet
 facet normal 0.9974716 0.05007064 0.05043141
  outer loop
   vertex -0.005680924 85.11002 488.8272
   vertex -1.800169 164.4948 445.5031
   vertex -4.363724 172.1 488.6563
  endloop
 endfacet
 facet normal 0.9975766 0.05007173 0.04830859
  outer loop
   vertex -0.005680924 85.11002 488.8272
   vertex -4.363724 172.1 488.6563
   vertex -6.072761 164.4948 531.8308
  endloop
 endfacet
 facet normal 0.9975659 0.04980149 0.04880595
  outer loop
   vertex -0.005680924 85.11002 488.8272
   vertex -6.072761 164.4948 531.8308
   vertex -6.414568 142.5336 561.2262
  endloop
 endfacet
 facet normal 0.9975682 0.04959167 0.04897258
  outer loop
   vertex -0.005680924 85.11002 488.8272
   vertex -6.414568 142.5336 561.2262
   vertex -5.474598 108.2675 576.7785
  endloop
 endfacet
 facet normal 0.9975578 0.04987427 0.04889752
  outer loop
   vertex -0.005680924 85.11002 488.8272
   vertex -5.474598 108.2675 576.7785
   vertex -3.167398 61.95257 576.9494
  endloop
 endfacet
 facet normal 0.9975468 0.05005015 0.04894334
  outer loop
   vertex -0.005680924 85.11002 488.8272
   vertex -3.167398 61.95257 576.9494
   vertex -0.6892955 27.68639 561.4826
  endloop
 endfacet
 facet normal 0.9974919 0.0506635 0.04942759
  outer loop
   vertex -0.005680924 85.11002 488.8272
   vertex -0.6892955 27.68639 561.4826
   vertex 1.874259 5.725272 532.2581
  endloop
 endfacet
 facet normal 0.9975684 0.05011913 0.04842925
  outer loop
   vertex -0.005680924 85.11002 488.8272
   vertex 1.874259 5.725272 532.2581
   vertex 4.352362 -1.87994 489.0835
  endloop
 endfacet
 facet normal 0.04049134 -0.01193078 0.9991087
  outer loop
   vertex 422.6604 111.3437 90.32258
   vertex 406.3391 77.41935 90.57893
   vertex 424.7113 75.36851 89.80987
  endloop
 endfacet
 facet normal 0.03903215 -0.01122825 0.9991749
  outer loop
   vertex 422.6604 111.3437 90.32258
   vertex 393.4359 85.79363 91.1771
   vertex 406.3391 77.41935 90.57893
  endloop
 endfacet
 facet normal 0.03840914 -0.01051458 0.9992068
  outer loop
   vertex 422.6604 111.3437 90.32258
   vertex 386.087 99.55138 91.60436
   vertex 393.4359 85.79363 91.1771
  endloop
 endfacet
 facet normal 0.03859506 -0.01109264 0.9991934
  outer loop
   vertex 422.6604 111.3437 90.32258
   vertex 384.9762 118.778 91.86071
   vertex 386.087 99.55138 91.60436
  endloop
 endfacet
 facet normal 0.03891725 -0.009460342 0.9991977
  outer loop
   vertex 422.6604 111.3437 90.32258
   vertex 390.7014 133.3048 91.77526
   vertex 384.9762 118.778 91.86071
  endloop
 endfacet
 facet normal 0.03785809 -0.01100334 0.9992225
  outer loop
   vertex 422.6604 111.3437 90.32258
   vertex 402.5792 143.1318 91.43345
   vertex 390.7014 133.3048 91.77526
  endloop
 endfacet
 facet normal 0.04010718 -0.009579988 0.9991495
  outer loop
   vertex 422.6604 111.3437 90.32258
   vertex 420.6096 147.3189 90.74984
   vertex 402.5792 143.1318 91.43345
  endloop
 endfacet
 facet normal 0.04066643 -0.009547842 0.9991272
  outer loop
   vertex 422.6604 111.3437 90.32258
   vertex 439.0031 145.1827 89.98077
   vertex 420.6096 147.3189 90.74984
  endloop
 endfacet
 facet normal 0.04025156 -0.009347294 0.9991459
  outer loop
   vertex 422.6604 111.3437 90.32258
   vertex 451.9063 136.8084 89.38261
   vertex 439.0031 145.1827 89.98077
  endloop
 endfacet
 facet normal 0.04035906 -0.00947095 0.9991404
  outer loop
   vertex 422.6604 111.3437 90.32258
   vertex 459.2552 123.0506 88.95535
   vertex 451.9063 136.8084 89.38261
  endloop
 endfacet
 facet normal 0.04085011 -0.0110101 0.9991046
  outer loop
   vertex 422.6604 111.3437 90.32258
   vertex 460.366 103.9094 88.69899
   vertex 459.2552 123.0506 88.95535
  endloop
 endfacet
 facet normal 0.04095015 -0.01050297 0.999106
  outer loop
   vertex 422.6604 111.3437 90.32258
   vertex 454.5553 89.38261 88.78445
   vertex 460.366 103.9094 88.69899
  endloop
 endfacet
 facet normal 0.04275849 -0.007873043 0.9990544
  outer loop
   vertex 422.6604 111.3437 90.32258
   vertex 442.763 79.55565 89.21171
   vertex 454.5553 89.38261 88.78445
  endloop
 endfacet
 facet normal 0.03594034 -0.01219266 0.9992796
  outer loop
   vertex 422.6604 111.3437 90.32258
   vertex 424.7113 75.36851 89.80987
   vertex 442.763 79.55565 89.21171
  endloop
 endfacet
 facet normal 0.1736652 0.9758488 -0.1325123
  outer loop
   vertex 373.0129 80.32472 106.2166
   vertex 392.5814 76.30848 102.2858
   vertex 384.6343 72.29224 62.29438
  endloop
 endfacet
 facet normal 0.2533591 0.9612397 -0.1087543
  outer loop
   vertex 373.0129 80.32472 106.2166
   vertex 384.6343 72.29224 62.29438
   vertex 363.6132 76.47938 50.33112
  endloop
 endfacet
 facet normal 0.6759854 0.7186289 -0.1631448
  outer loop
   vertex 361.306 91.86071 108.5238
   vertex 373.0129 80.32472 106.2166
   vertex 363.6132 76.47938 50.33112
  endloop
 endfacet
 facet normal 0.7579787 0.637421 -0.1384293
  outer loop
   vertex 361.306 91.86071 108.5238
   vertex 363.6132 76.47938 50.33112
   vertex 351.9917 88.8699 43.75133
  endloop
 endfacet
 facet normal 0.9672252 0.2059014 -0.1485938
  outer loop
   vertex 357.2898 111.3437 109.3783
   vertex 361.306 91.86071 108.5238
   vertex 351.9917 88.8699 43.75133
  endloop
 endfacet
 facet normal 0.9784332 0.157976 -0.1330866
  outer loop
   vertex 357.2898 111.3437 109.3783
   vertex 351.9917 88.8699 43.75133
   vertex 348.061 111.3437 41.52959
  endloop
 endfacet
 facet normal 0.9695096 -0.2065448 -0.1318728
  outer loop
   vertex 361.306 130.7413 108.5238
   vertex 357.2898 111.3437 109.3783
   vertex 348.061 111.3437 41.52959
  endloop
 endfacet
 facet normal 0.9765294 -0.156798 -0.1476644
  outer loop
   vertex 361.306 130.7413 108.5238
   vertex 348.061 111.3437 41.52959
   vertex 351.9917 133.7321 43.75133
  endloop
 endfacet
 facet normal 0.6851997 -0.7163662 -0.1316089
  outer loop
   vertex 373.0129 142.3627 106.2166
   vertex 361.306 130.7413 108.5238
   vertex 351.9917 133.7321 43.75133
  endloop
 endfacet
 facet normal 0.7622291 -0.6245253 -0.1702207
  outer loop
   vertex 373.0129 142.3627 106.2166
   vertex 351.9917 133.7321 43.75133
   vertex 363.6132 146.1226 50.33112
  endloop
 endfacet
 facet normal 0.1815016 -0.9786572 -0.09637017
  outer loop
   vertex 392.5814 146.379 102.2858
   vertex 373.0129 142.3627 106.2166
   vertex 363.6132 146.1226 50.33112
  endloop
 endfacet
 facet normal 0.2785053 -0.9485531 -0.1506047
  outer loop
   vertex 392.5814 146.379 102.2858
   vertex 363.6132 146.1226 50.33112
   vertex 384.6343 150.3952 62.29438
  endloop
 endfacet
 facet normal -0.2106621 -0.9759451 -0.05614924
  outer loop
   vertex 412.2353 142.3627 98.35505
   vertex 392.5814 146.379 102.2858
   vertex 384.6343 150.3952 62.29438
  endloop
 endfacet
 facet normal -0.1351577 -0.9840405 -0.1157437
  outer loop
   vertex 412.2353 142.3627 98.35505
   vertex 384.6343 150.3952 62.29438
   vertex 405.57 146.1226 74.17218
  endloop
 endfacet
 facet normal -0.6966666 -0.7127857 0.08119232
  outer loop
   vertex 423.8567 130.7413 96.04785
   vertex 412.2353 142.3627 98.35505
   vertex 405.57 146.1226 74.17218
  endloop
 endfacet
 facet normal -0.766771 -0.6045162 0.2159222
  outer loop
   vertex 423.8567 130.7413 96.04785
   vertex 405.57 146.1226 74.17218
   vertex 417.1915 133.7321 80.75197
  endloop
 endfacet
 facet normal -0.9110924 -0.2067914 0.3565782
  outer loop
   vertex 427.9584 111.3437 95.27878
   vertex 423.8567 130.7413 96.04785
   vertex 417.1915 133.7321 80.75197
  endloop
 endfacet
 facet normal -0.8703243 -0.1065779 0.4808085
  outer loop
   vertex 427.9584 111.3437 95.27878
   vertex 417.1915 133.7321 80.75197
   vertex 421.2077 111.3437 83.05917
  endloop
 endfacet
 facet normal -0.8577525 0.1992846 0.4738632
  outer loop
   vertex 423.8567 91.86071 96.04785
   vertex 427.9584 111.3437 95.27878
   vertex 421.2077 111.3437 83.05917
  endloop
 endfacet
 facet normal -0.9182468 0.1255394 0.3755831
  outer loop
   vertex 423.8567 91.86071 96.04785
   vertex 421.2077 111.3437 83.05917
   vertex 417.1915 88.8699 80.75197
  endloop
 endfacet
 facet normal -0.6800391 0.7163295 0.1562655
  outer loop
   vertex 412.2353 80.32472 98.35505
   vertex 423.8567 91.86071 96.04785
   vertex 417.1915 88.8699 80.75197
  endloop
 endfacet
 facet normal -0.7523755 0.6504834 0.1039348
  outer loop
   vertex 412.2353 80.32472 98.35505
   vertex 417.1915 88.8699 80.75197
   vertex 405.57 76.47938 74.17218
  endloop
 endfacet
 facet normal -0.2174307 0.9714857 -0.09454862
  outer loop
   vertex 392.5814 76.30848 102.2858
   vertex 412.2353 80.32472 98.35505
   vertex 405.57 76.47938 74.17218
  endloop
 endfacet
 facet normal -0.1587806 0.9850127 -0.06736967
  outer loop
   vertex 392.5814 76.30848 102.2858
   vertex 405.57 76.47938 74.17218
   vertex 384.6343 72.29224 62.29438
  endloop
 endfacet
 facet normal 0.1234883 0.9841266 0.1274577
  outer loop
   vertex 363.6132 76.47938 50.33112
   vertex 384.6343 72.29224 62.29438
   vertex 435.8414 70.32685 27.85729
  endloop
 endfacet
 facet normal 0.1537665 0.9606813 0.2311866
  outer loop
   vertex 363.6132 76.47938 50.33112
   vertex 435.8414 70.32685 27.85729
   vertex 431.2056 74.77035 12.47597
  endloop
 endfacet
 facet normal 0.3703458 0.6821626 0.6304746
  outer loop
   vertex 351.9917 88.8699 43.75133
   vertex 363.6132 76.47938 50.33112
   vertex 431.2056 74.77035 12.47597
  endloop
 endfacet
 facet normal 0.3883312 0.562351 0.7300413
  outer loop
   vertex 351.9917 88.8699 43.75133
   vertex 431.2056 74.77035 12.47597
   vertex 428.3002 87.75902 4.016236
  endloop
 endfacet
 facet normal 0.4573218 0.1663517 0.8736039
  outer loop
   vertex 348.061 111.3437 41.52959
   vertex 351.9917 88.8699 43.75133
   vertex 428.3002 87.75902 4.016236
  endloop
 endfacet
 facet normal 0.4513457 0.1317623 0.8825677
  outer loop
   vertex 348.061 111.3437 41.52959
   vertex 428.3002 87.75902 4.016236
   vertex 426.7621 111.3437 1.281777
  endloop
 endfacet
 facet normal 0.4490013 -0.1659604 0.8779835
  outer loop
   vertex 351.9917 133.7321 43.75133
   vertex 348.061 111.3437 41.52959
   vertex 426.7621 111.3437 1.281777
  endloop
 endfacet
 facet normal 0.4621072 -0.1227641 0.8782858
  outer loop
   vertex 351.9917 133.7321 43.75133
   vertex 426.7621 111.3437 1.281777
   vertex 427.0185 134.9284 4.443495
  endloop
 endfacet
 facet normal 0.351112 -0.6743021 0.6496438
  outer loop
   vertex 363.6132 146.1226 50.33112
   vertex 351.9917 133.7321 43.75133
   vertex 427.0185 134.9284 4.443495
  endloop
 endfacet
 facet normal 0.4255405 -0.5464774 0.7213028
  outer loop
   vertex 363.6132 146.1226 50.33112
   vertex 427.0185 134.9284 4.443495
   vertex 429.0693 147.9171 13.07413
  endloop
 endfacet
 facet normal 0.1132548 -0.9819197 0.1516808
  outer loop
   vertex 384.6343 150.3952 62.29438
   vertex 363.6132 146.1226 50.33112
   vertex 429.0693 147.9171 13.07413
  endloop
 endfacet
 facet normal 0.1902751 -0.9567751 0.2199471
  outer loop
   vertex 384.6343 150.3952 62.29438
   vertex 429.0693 147.9171 13.07413
   vertex 433.5342 152.3606 28.54091
  endloop
 endfacet
 facet normal -0.09177034 -0.9775111 -0.1898692
  outer loop
   vertex 405.57 146.1226 74.17218
   vertex 384.6343 150.3952 62.29438
   vertex 433.5342 152.3606 28.54091
  endloop
 endfacet
 facet normal -0.1587406 -0.960495 -0.2285843
  outer loop
   vertex 405.57 146.1226 74.17218
   vertex 433.5342 152.3606 28.54091
   vertex 438.1486 147.9171 44.00769
  endloop
 endfacet
 facet normal -0.4558827 -0.711528 -0.5346951
  outer loop
   vertex 417.1915 133.7321 80.75197
   vertex 405.57 146.1226 74.17218
   vertex 438.1486 147.9171 44.00769
  endloop
 endfacet
 facet normal -0.6476036 -0.509916 -0.5662113
  outer loop
   vertex 417.1915 133.7321 80.75197
   vertex 438.1486 147.9171 44.00769
   vertex 441.0539 134.9284 52.38197
  endloop
 endfacet
 facet normal -0.7457768 -0.1992942 -0.6356876
  outer loop
   vertex 421.2077 111.3437 83.05917
   vertex 417.1915 133.7321 80.75197
   vertex 441.0539 134.9284 52.38197
  endloop
 endfacet
 facet normal -0.7897089 -0.1184318 -0.6019417
  outer loop
   vertex 421.2077 111.3437 83.05917
   vertex 441.0539 134.9284 52.38197
   vertex 442.5066 111.3437 55.11643
  endloop
 endfacet
 facet normal -0.7792014 0.200223 -0.5939326
  outer loop
   vertex 417.1915 88.8699 80.75197
   vertex 421.2077 111.3437 83.05917
   vertex 442.5066 111.3437 55.11643
  endloop
 endfacet
 facet normal -0.7474081 0.09125105 -0.6580687
  outer loop
   vertex 417.1915 88.8699 80.75197
   vertex 442.5066 111.3437 55.11643
   vertex 442.3357 87.75902 52.04016
  endloop
 endfacet
 facet normal -0.505149 0.7235813 -0.470377
  outer loop
   vertex 405.57 76.47938 74.17218
   vertex 417.1915 88.8699 80.75197
   vertex 442.3357 87.75902 52.04016
  endloop
 endfacet
 facet normal -0.551644 0.5226513 -0.6500188
  outer loop
   vertex 405.57 76.47938 74.17218
   vertex 442.3357 87.75902 52.04016
   vertex 440.1994 74.77035 43.40953
  endloop
 endfacet
 facet normal -0.1008238 0.9806216 -0.1679758
  outer loop
   vertex 384.6343 72.29224 62.29438
   vertex 405.57 76.47938 74.17218
   vertex 440.1994 74.77035 43.40953
  endloop
 endfacet
 facet normal -0.124557 0.9627099 -0.2401566
  outer loop
   vertex 384.6343 72.29224 62.29438
   vertex 440.1994 74.77035 43.40953
   vertex 435.8414 70.32685 27.85729
  endloop
 endfacet
 facet normal -0.02143535 0.9587524 0.2834333
  outer loop
   vertex 431.2056 74.77035 12.47597
   vertex 435.8414 70.32685 27.85729
   vertex 516.5079 73.31767 23.84106
  endloop
 endfacet
 facet normal -0.02654161 0.9469606 0.3202518
  outer loop
   vertex 431.2056 74.77035 12.47597
   vertex 516.5079 73.31767 23.84106
   vertex 515.1406 77.93206 10.08332
  endloop
 endfacet
 facet normal 0.003298985 0.5462783 0.8375973
  outer loop
   vertex 428.3002 87.75902 4.016236
   vertex 431.2056 74.77035 12.47597
   vertex 515.1406 77.93206 10.08332
  endloop
 endfacet
 facet normal -0.006321298 0.4842864 0.8748867
  outer loop
   vertex 428.3002 87.75902 4.016236
   vertex 515.1406 77.93206 10.08332
   vertex 514.0298 91.348 2.649007
  endloop
 endfacet
 facet normal 0.01098897 0.1158707 0.9932035
  outer loop
   vertex 426.7621 111.3437 1.281777
   vertex 428.3002 87.75902 4.016236
   vertex 514.0298 91.348 2.649007
  endloop
 endfacet
 facet normal 0.007129531 0.09915291 0.9950467
  outer loop
   vertex 426.7621 111.3437 1.281777
   vertex 514.0298 91.348 2.649007
   vertex 512.8334 115.4454 0.2563555
  endloop
 endfacet
 facet normal 0.01814575 -0.1330412 0.9909444
  outer loop
   vertex 427.0185 134.9284 4.443495
   vertex 426.7621 111.3437 1.281777
   vertex 512.8334 115.4454 0.2563555
  endloop
 endfacet
 facet normal 0.02223151 -0.1154995 0.9930587
  outer loop
   vertex 427.0185 134.9284 4.443495
   vertex 512.8334 115.4454 0.2563555
   vertex 512.0644 139.5428 3.076266
  endloop
 endfacet
 facet normal 0.04358406 -0.5576739 0.8289151
  outer loop
   vertex 429.0693 147.9171 13.07413
   vertex 427.0185 134.9284 4.443495
   vertex 512.0644 139.5428 3.076266
  endloop
 endfacet
 facet normal 0.05309411 -0.5034142 0.8624124
  outer loop
   vertex 429.0693 147.9171 13.07413
   vertex 512.0644 139.5428 3.076266
   vertex 512.1498 152.8733 10.85238
  endloop
 endfacet
 facet normal 0.06441058 -0.9639071 0.2583299
  outer loop
   vertex 433.5342 152.3606 28.54091
   vertex 429.0693 147.9171 13.07413
   vertex 512.1498 152.8733 10.85238
  endloop
 endfacet
 facet normal 0.07412893 -0.9504492 0.3019127
  outer loop
   vertex 433.5342 152.3606 28.54091
   vertex 512.1498 152.8733 10.85238
   vertex 513.0898 157.3168 24.61013
  endloop
 endfacet
 facet normal 0.045341 -0.9564624 -0.2883119
  outer loop
   vertex 438.1486 147.9171 44.00769
   vertex 433.5342 152.3606 28.54091
   vertex 513.0898 157.3168 24.61013
  endloop
 endfacet
 facet normal 0.03515752 -0.9459032 -0.3225384
  outer loop
   vertex 438.1486 147.9171 44.00769
   vertex 513.0898 157.3168 24.61013
   vertex 514.3716 152.7024 38.28242
  endloop
 endfacet
 facet normal -0.02859483 -0.5461636 -0.8371903
  outer loop
   vertex 441.0539 134.9284 52.38197
   vertex 438.1486 147.9171 44.00769
   vertex 514.3716 152.7024 38.28242
  endloop
 endfacet
 facet normal -0.0472057 -0.4939839 -0.8681887
  outer loop
   vertex 441.0539 134.9284 52.38197
   vertex 514.3716 152.7024 38.28242
   vertex 515.5679 139.3719 45.80218
  endloop
 endfacet
 facet normal -0.08024474 -0.1196748 -0.9895649
  outer loop
   vertex 442.5066 111.3437 55.11643
   vertex 441.0539 134.9284 52.38197
   vertex 515.5679 139.3719 45.80218
  endloop
 endfacet
 facet normal -0.08706521 -0.1023498 -0.990931
  outer loop
   vertex 442.5066 111.3437 55.11643
   vertex 515.5679 139.3719 45.80218
   vertex 516.7642 115.1891 48.19483
  endloop
 endfacet
 facet normal -0.09866944 0.129411 -0.9866697
  outer loop
   vertex 442.3357 87.75902 52.04016
   vertex 442.5066 111.3437 55.11643
   vertex 516.7642 115.1891 48.19483
  endloop
 endfacet
 facet normal -0.09268606 0.1128092 -0.9892843
  outer loop
   vertex 442.3357 87.75902 52.04016
   vertex 516.7642 115.1891 48.19483
   vertex 517.5333 91.09165 45.37492
  endloop
 endfacet
 facet normal -0.09770979 0.5618854 -0.8214241
  outer loop
   vertex 440.1994 74.77035 43.40953
   vertex 442.3357 87.75902 52.04016
   vertex 517.5333 91.09165 45.37492
  endloop
 endfacet
 facet normal -0.08418084 0.5024851 -0.860478
  outer loop
   vertex 440.1994 74.77035 43.40953
   vertex 517.5333 91.09165 45.37492
   vertex 517.4478 77.76116 37.5988
  endloop
 endfacet
 facet normal -0.05684669 0.9640639 -0.2595173
  outer loop
   vertex 435.8414 70.32685 27.85729
   vertex 440.1994 74.77035 43.40953
   vertex 517.4478 77.76116 37.5988
  endloop
 endfacet
 facet normal -0.05040149 0.9513897 -0.3038376
  outer loop
   vertex 435.8414 70.32685 27.85729
   vertex 517.4478 77.76116 37.5988
   vertex 516.5079 73.31767 23.84106
  endloop
 endfacet
 facet normal -0.13277 0.9356463 0.3270138
  outer loop
   vertex 515.1406 77.93206 10.08332
   vertex 516.5079 73.31767 23.84106
   vertex 581.4513 85.28092 15.97949
  endloop
 endfacet
 facet normal -0.1349908 0.9171012 0.3751038
  outer loop
   vertex 515.1406 77.93206 10.08332
   vertex 581.4513 85.28092 15.97949
   vertex 580.084 88.78445 6.921598
  endloop
 endfacet
 facet normal -0.03791815 0.4819441 0.8753811
  outer loop
   vertex 514.0298 91.348 2.649007
   vertex 515.1406 77.93206 10.08332
   vertex 580.084 88.78445 6.921598
  endloop
 endfacet
 facet normal -0.04132259 0.4346626 0.8996448
  outer loop
   vertex 514.0298 91.348 2.649007
   vertex 580.084 88.78445 6.921598
   vertex 579.1441 98.95321 1.965392
  endloop
 endfacet
 facet normal -0.001086598 0.09875146 0.9951115
  outer loop
   vertex 512.8334 115.4454 0.2563555
   vertex 514.0298 91.348 2.649007
   vertex 579.1441 98.95321 1.965392
  endloop
 endfacet
 facet normal -0.003912372 0.08749813 0.996157
  outer loop
   vertex 512.8334 115.4454 0.2563555
   vertex 579.1441 98.95321 1.965392
   vertex 578.5459 117.4108 0.3418073
  endloop
 endfacet
 facet normal 0.002182617 -0.1161592 0.9932282
  outer loop
   vertex 512.0644 139.5428 3.076266
   vertex 512.8334 115.4454 0.2563555
   vertex 578.5459 117.4108 0.3418073
  endloop
 endfacet
 facet normal 0.007040464 -0.1017591 0.9947842
  outer loop
   vertex 512.0644 139.5428 3.076266
   vertex 578.5459 117.4108 0.3418073
   vertex 578.4604 135.783 2.221747
  endloop
 endfacet
 facet normal -0.01740841 -0.5037114 0.8636966
  outer loop
   vertex 512.1498 152.8733 10.85238
   vertex 512.0644 139.5428 3.076266
   vertex 578.4604 135.783 2.221747
  endloop
 endfacet
 facet normal 0.002097393 -0.4442834 0.8958838
  outer loop
   vertex 512.1498 152.8733 10.85238
   vertex 578.4604 135.783 2.221747
   vertex 578.9732 145.9517 7.263405
  endloop
 endfacet
 facet normal -0.08134798 -0.9468044 0.3113581
  outer loop
   vertex 513.0898 157.3168 24.61013
   vertex 512.1498 152.8733 10.85238
   vertex 578.9732 145.9517 7.263405
  endloop
 endfacet
 facet normal -0.06654622 -0.9315165 0.3575594
  outer loop
   vertex 513.0898 157.3168 24.61013
   vertex 578.9732 145.9517 7.263405
   vertex 580.2549 149.3698 16.40675
  endloop
 endfacet
 facet normal -0.1484495 -0.9411275 -0.3037134
  outer loop
   vertex 514.3716 152.7024 38.28242
   vertex 513.0898 157.3168 24.61013
   vertex 580.2549 149.3698 16.40675
  endloop
 endfacet
 facet normal -0.1583158 -0.9287069 -0.3353201
  outer loop
   vertex 514.3716 152.7024 38.28242
   vertex 580.2549 149.3698 16.40675
   vertex 581.6222 145.8663 25.46464
  endloop
 endfacet
 facet normal -0.2109748 -0.4945571 -0.8431506
  outer loop
   vertex 515.5679 139.3719 45.80218
   vertex 514.3716 152.7024 38.28242
   vertex 581.6222 145.8663 25.46464
  endloop
 endfacet
 facet normal -0.2235863 -0.4436572 -0.8678579
  outer loop
   vertex 515.5679 139.3719 45.80218
   vertex 581.6222 145.8663 25.46464
   vertex 582.5621 135.6975 30.42085
  endloop
 endfacet
 facet normal -0.2280571 -0.1070308 -0.967747
  outer loop
   vertex 516.7642 115.1891 48.19483
   vertex 515.5679 139.3719 45.80218
   vertex 582.5621 135.6975 30.42085
  endloop
 endfacet
 facet normal -0.2326296 -0.09269917 -0.9681376
  outer loop
   vertex 516.7642 115.1891 48.19483
   vertex 582.5621 135.6975 30.42085
   vertex 583.1603 117.2399 32.04443
  endloop
 endfacet
 facet normal -0.2381076 0.1053854 -0.9655044
  outer loop
   vertex 517.5333 91.09165 45.37492
   vertex 516.7642 115.1891 48.19483
   vertex 583.1603 117.2399 32.04443
  endloop
 endfacet
 facet normal -0.2338107 0.09344003 -0.9677818
  outer loop
   vertex 517.5333 91.09165 45.37492
   vertex 583.1603 117.2399 32.04443
   vertex 583.2458 98.86776 30.24995
  endloop
 endfacet
 facet normal -0.2502016 0.4890409 -0.8356064
  outer loop
   vertex 517.4478 77.76116 37.5988
   vertex 517.5333 91.09165 45.37492
   vertex 583.2458 98.86776 30.24995
  endloop
 endfacet
 facet normal -0.2403191 0.4496454 -0.8602707
  outer loop
   vertex 517.4478 77.76116 37.5988
   vertex 583.2458 98.86776 30.24995
   vertex 582.733 88.78445 25.12284
  endloop
 endfacet
 facet normal -0.2125772 0.9340025 -0.2871415
  outer loop
   vertex 516.5079 73.31767 23.84106
   vertex 517.4478 77.76116 37.5988
   vertex 582.733 88.78445 25.12284
  endloop
 endfacet
 facet normal -0.2091913 0.9225745 -0.324184
  outer loop
   vertex 516.5079 73.31767 23.84106
   vertex 582.733 88.78445 25.12284
   vertex 581.4513 85.28092 15.97949
  endloop
 endfacet
 facet normal -0.3833488 0.840471 0.3829518
  outer loop
   vertex 580.084 88.78445 6.921598
   vertex 581.4513 85.28092 15.97949
   vertex 610.8681 101.3459 10.16877
  endloop
 endfacet
 facet normal -0.3829638 0.8380889 0.3885173
  outer loop
   vertex 580.084 88.78445 6.921598
   vertex 610.8681 101.3459 10.16877
   vertex 610.0135 103.0549 5.63982
  endloop
 endfacet
 facet normal -0.1621066 0.4201824 0.8928428
  outer loop
   vertex 579.1441 98.95321 1.965392
   vertex 580.084 88.78445 6.921598
   vertex 610.0135 103.0549 5.63982
  endloop
 endfacet
 facet normal -0.161811 0.4162702 0.8947269
  outer loop
   vertex 579.1441 98.95321 1.965392
   vertex 610.0135 103.0549 5.63982
   vertex 609.5008 108.182 3.161718
  endloop
 endfacet
 facet normal -0.06512666 0.08534402 0.9942208
  outer loop
   vertex 578.5459 117.4108 0.3418073
   vertex 579.1441 98.95321 1.965392
   vertex 609.5008 108.182 3.161718
  endloop
 endfacet
 facet normal -0.0631929 0.09169546 0.99378
  outer loop
   vertex 578.5459 117.4108 0.3418073
   vertex 609.5008 108.182 3.161718
   vertex 609.3299 117.3254 2.307199
  endloop
 endfacet
 facet normal -0.06366495 -0.1018806 0.9927573
  outer loop
   vertex 578.4604 135.783 2.221747
   vertex 578.5459 117.4108 0.3418073
   vertex 609.3299 117.3254 2.307199
  endloop
 endfacet
 facet normal -0.06253118 -0.09998317 0.9930223
  outer loop
   vertex 578.4604 135.783 2.221747
   vertex 609.3299 117.3254 2.307199
   vertex 609.5008 126.5542 3.247169
  endloop
 endfacet
 facet normal -0.1578394 -0.432232 0.8878414
  outer loop
   vertex 578.9732 145.9517 7.263405
   vertex 578.4604 135.783 2.221747
   vertex 609.5008 126.5542 3.247169
  endloop
 endfacet
 facet normal -0.1516357 -0.4235553 0.8930888
  outer loop
   vertex 578.9732 145.9517 7.263405
   vertex 609.5008 126.5542 3.247169
   vertex 610.0135 131.5958 5.725272
  endloop
 endfacet
 facet normal -0.3747556 -0.8499704 0.3702818
  outer loop
   vertex 580.2549 149.3698 16.40675
   vertex 578.9732 145.9517 7.263405
   vertex 610.0135 131.5958 5.725272
  endloop
 endfacet
 facet normal -0.3561824 -0.8410405 0.4071671
  outer loop
   vertex 580.2549 149.3698 16.40675
   vertex 610.0135 131.5958 5.725272
   vertex 610.9535 133.3903 10.25422
  endloop
 endfacet
 facet normal -0.4860288 -0.837276 -0.2504892
  outer loop
   vertex 581.6222 145.8663 25.46464
   vertex 580.2549 149.3698 16.40675
   vertex 610.9535 133.3903 10.25422
  endloop
 endfacet
 facet normal -0.4833846 -0.8412581 -0.2421241
  outer loop
   vertex 581.6222 145.8663 25.46464
   vertex 610.9535 133.3903 10.25422
   vertex 611.808 131.5958 14.78317
  endloop
 endfacet
 facet normal -0.4729154 -0.4209757 -0.7740352
  outer loop
   vertex 582.5621 135.6975 30.42085
   vertex 581.6222 145.8663 25.46464
   vertex 611.808 131.5958 14.78317
  endloop
 endfacet
 facet normal -0.4722139 -0.4270516 -0.7711297
  outer loop
   vertex 582.5621 135.6975 30.42085
   vertex 611.808 131.5958 14.78317
   vertex 612.3207 126.5542 17.26127
  endloop
 endfacet
 facet normal -0.426433 -0.09296245 -0.8997293
  outer loop
   vertex 583.1603 117.2399 32.04443
   vertex 582.5621 135.6975 30.42085
   vertex 612.3207 126.5542 17.26127
  endloop
 endfacet
 facet normal -0.4294264 -0.08289314 -0.8992896
  outer loop
   vertex 583.1603 117.2399 32.04443
   vertex 612.3207 126.5542 17.26127
   vertex 612.4916 117.3254 18.03034
  endloop
 endfacet
 facet normal -0.4297204 0.08579854 -0.8988765
  outer loop
   vertex 583.2458 98.86776 30.24995
   vertex 583.1603 117.2399 32.04443
   vertex 612.4916 117.3254 18.03034
  endloop
 endfacet
 facet normal -0.4323118 0.09107183 -0.8971134
  outer loop
   vertex 583.2458 98.86776 30.24995
   vertex 612.4916 117.3254 18.03034
   vertex 612.3207 108.0966 17.17582
  endloop
 endfacet
 facet normal -0.479551 0.416983 -0.7721114
  outer loop
   vertex 582.733 88.78445 25.12284
   vertex 583.2458 98.86776 30.24995
   vertex 612.3207 108.0966 17.17582
  endloop
 endfacet
 facet normal -0.48315 0.4252992 -0.7653017
  outer loop
   vertex 582.733 88.78445 25.12284
   vertex 612.3207 108.0966 17.17582
   vertex 611.808 103.0549 14.69771
  endloop
 endfacet
 facet normal -0.4971809 0.8312091 -0.2488024
  outer loop
   vertex 581.4513 85.28092 15.97949
   vertex 582.733 88.78445 25.12284
   vertex 611.808 103.0549 14.69771
  endloop
 endfacet
 facet normal -0.5003669 0.8392435 -0.2128459
  outer loop
   vertex 581.4513 85.28092 15.97949
   vertex 611.808 103.0549 14.69771
   vertex 610.8681 101.3459 10.16877
  endloop
 endfacet
 facet normal -0.1969394 -0 -0.9804157
  outer loop
   vertex 392.5814 111.3437 102.2858
   vertex 392.5814 76.30848 102.2858
   vertex 373.0129 80.32472 106.2166
  endloop
 endfacet
 facet normal -0.1947334 -0.001447335 -0.9808551
  outer loop
   vertex 392.5814 111.3437 102.2858
   vertex 373.0129 80.32472 106.2166
   vertex 361.306 91.86071 108.5238
  endloop
 endfacet
 facet normal -0.1970285 0.002384249 -0.9803949
  outer loop
   vertex 392.5814 111.3437 102.2858
   vertex 361.306 91.86071 108.5238
   vertex 357.2898 111.3437 109.3783
  endloop
 endfacet
 facet normal -0.1970285 -0.002394752 -0.9803948
  outer loop
   vertex 392.5814 111.3437 102.2858
   vertex 357.2898 111.3437 109.3783
   vertex 361.306 130.7413 108.5238
  endloop
 endfacet
 facet normal -0.1947397 0.001443235 -0.9808539
  outer loop
   vertex 392.5814 111.3437 102.2858
   vertex 361.306 130.7413 108.5238
   vertex 373.0129 142.3627 106.2166
  endloop
 endfacet
 facet normal -0.1969394 0 -0.9804157
  outer loop
   vertex 392.5814 111.3437 102.2858
   vertex 373.0129 142.3627 106.2166
   vertex 392.5814 146.379 102.2858
  endloop
 endfacet
 facet normal -0.1961161 0 -0.9805807
  outer loop
   vertex 392.5814 111.3437 102.2858
   vertex 392.5814 146.379 102.2858
   vertex 412.2353 142.3627 98.35505
  endloop
 endfacet
 facet normal -0.1952671 -0.0005594001 -0.9807499
  outer loop
   vertex 392.5814 111.3437 102.2858
   vertex 412.2353 142.3627 98.35505
   vertex 423.8567 130.7413 96.04785
  endloop
 endfacet
 facet normal -0.1942927 -0.002191977 -0.9809412
  outer loop
   vertex 392.5814 111.3437 102.2858
   vertex 423.8567 130.7413 96.04785
   vertex 427.9584 111.3437 95.27878
  endloop
 endfacet
 facet normal -0.1942927 0.002182363 -0.9809412
  outer loop
   vertex 392.5814 111.3437 102.2858
   vertex 427.9584 111.3437 95.27878
   vertex 423.8567 91.86071 96.04785
  endloop
 endfacet
 facet normal -0.1952647 0.0005610003 -0.9807504
  outer loop
   vertex 392.5814 111.3437 102.2858
   vertex 423.8567 91.86071 96.04785
   vertex 412.2353 80.32472 98.35505
  endloop
 endfacet
 facet normal -0.1961161 -0 -0.9805807
  outer loop
   vertex 392.5814 111.3437 102.2858
   vertex 412.2353 80.32472 98.35505
   vertex 392.5814 76.30848 102.2858
  endloop
 endfacet
 facet normal -0.9822851 0.005252861 0.187319
  outer loop
   vertex 610.9535 117.3254 10.16877
   vertex 610.0135 103.0549 5.63982
   vertex 610.8681 101.3459 10.16877
  endloop
 endfacet
 facet normal -0.9792103 0.0001220504 0.2028477
  outer loop
   vertex 610.9535 117.3254 10.16877
   vertex 609.5008 108.182 3.161718
   vertex 610.0135 103.0549 5.63982
  endloop
 endfacet
 facet normal -0.979333 0.0005969116 0.2022536
  outer loop
   vertex 610.9535 117.3254 10.16877
   vertex 609.3299 117.3254 2.307199
   vertex 609.5008 108.182 3.161718
  endloop
 endfacet
 facet normal -0.9793302 -0.002464096 0.202253
  outer loop
   vertex 610.9535 117.3254 10.16877
   vertex 609.5008 126.5542 3.247169
   vertex 609.3299 117.3254 2.307199
  endloop
 endfacet
 facet normal -0.978909 -0.0008661816 0.2042951
  outer loop
   vertex 610.9535 117.3254 10.16877
   vertex 610.0135 131.5958 5.725272
   vertex 609.5008 126.5542 3.247169
  endloop
 endfacet
 facet normal -0.9790478 -0.001083126 0.2036278
  outer loop
   vertex 610.9535 117.3254 10.16877
   vertex 610.9535 133.3903 10.25422
   vertex 610.0135 131.5958 5.725272
  endloop
 endfacet
 facet normal -0.9827322 -0.0009842085 0.1850312
  outer loop
   vertex 610.9535 117.3254 10.16877
   vertex 611.808 131.5958 14.78317
   vertex 610.9535 133.3903 10.25422
  endloop
 endfacet
 facet normal -0.9808951 -0.004153747 0.1944931
  outer loop
   vertex 610.9535 117.3254 10.16877
   vertex 612.3207 126.5542 17.26127
   vertex 611.808 131.5958 14.78317
  endloop
 endfacet
 facet normal -0.9813903 -0.002172966 0.1920112
  outer loop
   vertex 610.9535 117.3254 10.16877
   vertex 612.4916 117.3254 18.03034
   vertex 612.3207 126.5542 17.26127
  endloop
 endfacet
 facet normal -0.9813926 0.0003950856 0.1920116
  outer loop
   vertex 610.9535 117.3254 10.16877
   vertex 612.3207 108.0966 17.17582
   vertex 612.4916 117.3254 18.03034
  endloop
 endfacet
 facet normal -0.9806222 0.003445097 0.1958784
  outer loop
   vertex 610.9535 117.3254 10.16877
   vertex 611.808 103.0549 14.69771
   vertex 612.3207 108.0966 17.17582
  endloop
 endfacet
 facet normal -0.9795119 0.005238031 0.2013183
  outer loop
   vertex 610.9535 117.3254 10.16877
   vertex 610.8681 101.3459 10.16877
   vertex 611.808 103.0549 14.69771
  endloop
 endfacet
 facet normal 0.02068574 0.9843731 0.1748763
  outer loop
   vertex -5.816405 -164.153 445.2467
   vertex -8.721767 -171.7582 488.3999
   vertex 138.2767 -176.1376 495.6633
  endloop
 endfacet
 facet normal 0.02135624 0.9846843 0.1730339
  outer loop
   vertex -5.816405 -164.153 445.2467
   vertex 138.2767 -176.1376 495.6633
   vertex 140.8403 -169.451 457.2954
  endloop
 endfacet
 facet normal -0.02025158 0.8007789 0.5986176
  outer loop
   vertex -2.141977 -142.2773 416.1077
   vertex -5.816405 -164.153 445.2467
   vertex 140.8403 -169.451 457.2954
  endloop
 endfacet
 facet normal -0.0186931 0.8035043 0.5950054
  outer loop
   vertex -2.141977 -142.2773 416.1077
   vertex 140.8403 -169.451 457.2954
   vertex 144.0875 -150.1389 431.3181
  endloop
 endfacet
 facet normal -0.07178045 0.4174698 0.9058513
  outer loop
   vertex 2.045163 -108.182 400.7263
   vertex -2.141977 -142.2773 416.1077
   vertex 144.0875 -150.1389 431.3181
  endloop
 endfacet
 facet normal -0.07125984 0.4188108 0.9052732
  outer loop
   vertex 2.045163 -108.182 400.7263
   vertex 144.0875 -150.1389 431.3181
   vertex 147.7619 -120.1453 417.7312
  endloop
 endfacet
 facet normal -0.1154218 0.006023856 0.9932983
  outer loop
   vertex 6.659561 -62.03803 400.9827
   vertex 2.045163 -108.182 400.7263
   vertex 147.7619 -120.1453 417.7312
  endloop
 endfacet
 facet normal -0.1148643 0.007393664 0.9933537
  outer loop
   vertex 6.659561 -62.03803 400.9827
   vertex 147.7619 -120.1453 417.7312
   vertex 151.8636 -79.38475 417.9022
  endloop
 endfacet
 facet normal -0.1532198 -0.4021074 0.9026812
  outer loop
   vertex 9.308568 -27.94275 416.6204
   vertex 6.659561 -62.03803 400.9827
   vertex 151.8636 -79.38475 417.9022
  endloop
 endfacet
 facet normal -0.1547139 -0.4063012 0.9005459
  outer loop
   vertex 9.308568 -27.94275 416.6204
   vertex 151.8636 -79.38475 417.9022
   vertex 154.1708 -49.39115 431.8308
  endloop
 endfacet
 facet normal -0.1785389 -0.7879246 0.5893205
  outer loop
   vertex 10.07763 -6.06708 446.1013
   vertex 9.308568 -27.94275 416.6204
   vertex 154.1708 -49.39115 431.8308
  endloop
 endfacet
 facet normal -0.1790852 -0.7891472 0.5875162
  outer loop
   vertex 10.07763 -6.06708 446.1013
   vertex 154.1708 -49.39115 431.8308
   vertex 154.8544 -30.07904 457.9791
  endloop
 endfacet
 facet normal -0.1745648 -0.970632 0.1655311
  outer loop
   vertex 8.710405 1.538133 489.2544
   vertex 10.07763 -6.06708 446.1013
   vertex 154.8544 -30.07904 457.9791
  endloop
 endfacet
 facet normal -0.1753039 -0.9710166 0.1624661
  outer loop
   vertex 8.710405 1.538133 489.2544
   vertex 154.8544 -30.07904 457.9791
   vertex 153.5726 -23.4138 496.4324
  endloop
 endfacet
 facet normal -0.1581772 -0.9705657 -0.1816098
  outer loop
   vertex 5.805043 -6.06708 532.429
   vertex 8.710405 1.538133 489.2544
   vertex 153.5726 -23.4138 496.4324
  endloop
 endfacet
 facet normal -0.1577234 -0.9710274 -0.1795245
  outer loop
   vertex 5.805043 -6.06708 532.429
   vertex 153.5726 -23.4138 496.4324
   vertex 151.0091 -30.07904 534.7362
  endloop
 endfacet
 facet normal -0.1206015 -0.7873843 -0.6045504
  outer loop
   vertex 2.130615 -27.94275 561.6535
   vertex 5.805043 -6.06708 532.429
   vertex 151.0091 -30.07904 534.7362
  endloop
 endfacet
 facet normal -0.1201135 -0.7896617 -0.6016702
  outer loop
   vertex 2.130615 -27.94275 561.6535
   vertex 151.0091 -30.07904 534.7362
   vertex 147.8473 -49.39115 560.7135
  endloop
 endfacet
 facet normal -0.06503303 -0.4017927 -0.9134185
  outer loop
   vertex -2.056525 -62.03803 576.9494
   vertex 2.130615 -27.94275 561.6535
   vertex 147.8473 -49.39115 560.7135
  endloop
 endfacet
 facet normal -0.06429776 -0.4073886 -0.9109887
  outer loop
   vertex -2.056525 -62.03803 576.9494
   vertex 147.8473 -49.39115 560.7135
   vertex 144.1729 -79.38475 574.3858
  endloop
 endfacet
 facet normal -0.01688866 0.005391987 -0.9998428
  outer loop
   vertex -6.670923 -108.182 576.7785
   vertex -2.056525 -62.03803 576.9494
   vertex 144.1729 -79.38475 574.3858
  endloop
 endfacet
 facet normal -0.01698585 0.005901462 -0.9998383
  outer loop
   vertex -6.670923 -108.182 576.7785
   vertex 144.1729 -79.38475 574.3858
   vertex 140.0712 -120.1453 574.2149
  endloop
 endfacet
 facet normal 0.01816898 0.417536 -0.9084787
  outer loop
   vertex -9.31993 -142.2773 561.0553
   vertex -6.670923 -108.182 576.7785
   vertex 140.0712 -120.1453 574.2149
  endloop
 endfacet
 facet normal 0.0172982 0.4221535 -0.9063593
  outer loop
   vertex -9.31993 -142.2773 561.0553
   vertex 140.0712 -120.1453 574.2149
   vertex 137.764 -150.1389 560.2008
  endloop
 endfacet
 facet normal 0.03934977 0.8011185 -0.5972107
  outer loop
   vertex -10.089 -164.153 531.6599
   vertex -9.31993 -142.2773 561.0553
   vertex 137.764 -150.1389 560.2008
  endloop
 endfacet
 facet normal 0.03858092 0.8033134 -0.5943055
  outer loop
   vertex -10.089 -164.153 531.6599
   vertex 137.764 -150.1389 560.2008
   vertex 137.0804 -169.451 534.0525
  endloop
 endfacet
 facet normal 0.03823103 0.9843813 -0.1718484
  outer loop
   vertex -8.721767 -171.7582 488.3999
   vertex -10.089 -164.153 531.6599
   vertex 137.0804 -169.451 534.0525
  endloop
 endfacet
 facet normal 0.03775159 0.9846634 -0.1703314
  outer loop
   vertex -8.721767 -171.7582 488.3999
   vertex 137.0804 -169.451 534.0525
   vertex 138.2767 -176.1376 495.6633
  endloop
 endfacet
 facet normal 0.02064875 0.984707 0.1729906
  outer loop
   vertex 140.8403 -169.451 457.2954
   vertex 138.2767 -176.1376 495.6633
   vertex 285.2539 -180.4956 502.9267
  endloop
 endfacet
 facet normal 0.02084158 0.9848058 0.1724043
  outer loop
   vertex 140.8403 -169.451 457.2954
   vertex 285.2539 -180.4956 502.9267
   vertex 287.4756 -174.6635 469.3441
  endloop
 endfacet
 facet normal -0.02031269 0.8035756 0.594856
  outer loop
   vertex 144.0875 -150.1389 431.3181
   vertex 140.8403 -169.451 457.2954
   vertex 287.4756 -174.6635 469.3441
  endloop
 endfacet
 facet normal -0.0182722 0.8074463 0.5896581
  outer loop
   vertex 144.0875 -150.1389 431.3181
   vertex 287.4756 -174.6635 469.3441
   vertex 290.2955 -158.0004 446.614
  endloop
 endfacet
 facet normal -0.07217353 0.4188763 0.9051705
  outer loop
   vertex 147.7619 -120.1453 417.7312
   vertex 144.0875 -150.1389 431.3181
   vertex 290.2955 -158.0004 446.614
  endloop
 endfacet
 facet normal -0.07024833 0.424308 0.9027889
  outer loop
   vertex 147.7619 -120.1453 417.7312
   vertex 290.2955 -158.0004 446.614
   vertex 293.4572 -132.0231 434.6507
  endloop
 endfacet
 facet normal -0.1147568 0.007382794 0.9933662
  outer loop
   vertex 151.8636 -79.38475 417.9022
   vertex 147.7619 -120.1453 417.7312
   vertex 293.4572 -132.0231 434.6507
  endloop
 endfacet
 facet normal -0.1149362 0.006894713 0.993349
  outer loop
   vertex 151.8636 -79.38475 417.9022
   vertex 293.4572 -132.0231 434.6507
   vertex 297.0462 -96.81692 434.8216
  endloop
 endfacet
 facet normal -0.153761 -0.4064244 0.9006535
  outer loop
   vertex 154.1708 -49.39115 431.8308
   vertex 151.8636 -79.38475 417.9022
   vertex 297.0462 -96.81692 434.8216
  endloop
 endfacet
 facet normal -0.1551857 -0.4108589 0.8983943
  outer loop
   vertex 154.1708 -49.39115 431.8308
   vertex 297.0462 -96.81692 434.8216
   vertex 299.0116 -70.83956 447.0412
  endloop
 endfacet
 facet normal -0.1785737 -0.7892284 0.5875628
  outer loop
   vertex 154.8544 -30.07904 457.9791
   vertex 154.1708 -49.39115 431.8308
   vertex 299.0116 -70.83956 447.0412
  endloop
 endfacet
 facet normal -0.1801161 -0.793137 0.5818005
  outer loop
   vertex 154.8544 -30.07904 457.9791
   vertex 299.0116 -70.83956 447.0412
   vertex 299.6098 -54.17646 469.9423
  endloop
 endfacet
 facet normal -0.1750795 -0.9710548 0.1624802
  outer loop
   vertex 153.5726 -23.4138 496.4324
   vertex 154.8544 -30.07904 457.9791
   vertex 299.6098 -54.17646 469.9423
  endloop
 endfacet
 facet normal -0.1751313 -0.9710869 0.1622321
  outer loop
   vertex 153.5726 -23.4138 496.4324
   vertex 299.6098 -54.17646 469.9423
   vertex 298.4989 -48.36573 503.5249
  endloop
 endfacet
 facet normal -0.1583757 -0.9709168 -0.1795489
  outer loop
   vertex 151.0091 -30.07904 534.7362
   vertex 153.5726 -23.4138 496.4324
   vertex 298.4989 -48.36573 503.5249
  endloop
 endfacet
 facet normal -0.1581611 -0.9711655 -0.1783889
  outer loop
   vertex 151.0091 -30.07904 534.7362
   vertex 298.4989 -48.36573 503.5249
   vertex 296.2772 -54.17646 537.1288
  endloop
 endfacet
 facet normal -0.1210565 -0.789514 -0.6016752
  outer loop
   vertex 147.8473 -49.39115 560.7135
   vertex 151.0091 -30.07904 534.7362
   vertex 296.2772 -54.17646 537.1288
  endloop
 endfacet
 facet normal -0.120572 -0.7923348 -0.5980535
  outer loop
   vertex 147.8473 -49.39115 560.7135
   vertex 296.2772 -54.17646 537.1288
   vertex 293.4572 -70.83956 559.7735
  endloop
 endfacet
 facet normal -0.06585955 -0.4071874 -0.910967
  outer loop
   vertex 144.1729 -79.38475 574.3858
   vertex 147.8473 -49.39115 560.7135
   vertex 293.4572 -70.83956 559.7735
  endloop
 endfacet
 facet normal -0.06549497 -0.4108144 -0.9093635
  outer loop
   vertex 144.1729 -79.38475 574.3858
   vertex 293.4572 -70.83956 559.7735
   vertex 290.2955 -96.81692 571.7368
  endloop
 endfacet
 facet normal -0.01741639 0.005944754 -0.9998307
  outer loop
   vertex 140.0712 -120.1453 574.2149
   vertex 144.1729 -79.38475 574.3858
   vertex 290.2955 -96.81692 571.7368
  endloop
 endfacet
 facet normal -0.01752424 0.006639968 -0.9998244
  outer loop
   vertex 140.0712 -120.1453 574.2149
   vertex 290.2955 -96.81692 571.7368
   vertex 286.7066 -132.0231 571.5659
  endloop
 endfacet
 facet normal 0.01781869 0.4221167 -0.9063663
  outer loop
   vertex 137.764 -150.1389 560.2008
   vertex 140.0712 -120.1453 574.2149
   vertex 286.7066 -132.0231 571.5659
  endloop
 endfacet
 facet normal 0.01744313 0.424508 -0.9052561
  outer loop
   vertex 137.764 -150.1389 560.2008
   vertex 286.7066 -132.0231 571.5659
   vertex 284.7412 -158.0004 559.3463
  endloop
 endfacet
 facet normal 0.03951051 0.8032726 -0.5942996
  outer loop
   vertex 137.0804 -169.451 534.0525
   vertex 137.764 -150.1389 560.2008
   vertex 284.7412 -158.0004 559.3463
  endloop
 endfacet
 facet normal 0.03850573 0.8065461 -0.5899158
  outer loop
   vertex 137.0804 -169.451 534.0525
   vertex 284.7412 -158.0004 559.3463
   vertex 284.2285 -174.6635 536.5306
  endloop
 endfacet
 facet normal 0.03774918 0.9846635 -0.1703315
  outer loop
   vertex 138.2767 -176.1376 495.6633
   vertex 137.0804 -169.451 534.0525
   vertex 284.2285 -174.6635 536.5306
  endloop
 endfacet
 facet normal 0.03758896 0.9847678 -0.1697631
  outer loop
   vertex 138.2767 -176.1376 495.6633
   vertex 284.2285 -174.6635 536.5306
   vertex 285.2539 -180.4956 502.9267
  endloop
 endfacet
 facet normal 0.02017585 0.9848267 0.1723639
  outer loop
   vertex 287.4756 -174.6635 469.3441
   vertex 285.2539 -180.4956 502.9267
   vertex 431.5474 -184.8537 510.7028
  endloop
 endfacet
 facet normal -0.02699399 0.9447099 0.3267944
  outer loop
   vertex 287.4756 -174.6635 469.3441
   vertex 431.5474 -184.8537 510.7028
   vertex 413.0898 -177.9321 489.169
  endloop
 endfacet
 facet normal -0.07112435 0.8086458 0.5839806
  outer loop
   vertex 290.2955 -158.0004 446.614
   vertex 287.4756 -174.6635 469.3441
   vertex 413.0898 -177.9321 489.169
  endloop
 endfacet
 facet normal -0.1691395 0.6102965 0.7739057
  outer loop
   vertex 290.2955 -158.0004 446.614
   vertex 413.0898 -177.9321 489.169
   vertex 401.7247 -162.4439 474.4713
  endloop
 endfacet
 facet normal -0.2028131 0.4298647 0.8798199
  outer loop
   vertex 293.4572 -132.0231 434.6507
   vertex 290.2955 -158.0004 446.614
   vertex 401.7247 -162.4439 474.4713
  endloop
 endfacet
 facet normal -0.2632391 0.2739659 0.9250124
  outer loop
   vertex 293.4572 -132.0231 434.6507
   vertex 401.7247 -162.4439 474.4713
   vertex 397.3667 -139.7992 466.5242
  endloop
 endfacet
 facet normal -0.2914497 0.02506886 0.9562576
  outer loop
   vertex 297.0462 -96.81692 434.8216
   vertex 293.4572 -132.0231 434.6507
   vertex 397.3667 -139.7992 466.5242
  endloop
 endfacet
 facet normal -0.2863875 0.03770564 0.9573716
  outer loop
   vertex 297.0462 -96.81692 434.8216
   vertex 397.3667 -139.7992 466.5242
   vertex 400.6993 -110.1474 466.3533
  endloop
 endfacet
 facet normal -0.3135696 -0.384657 0.8681665
  outer loop
   vertex 299.0116 -70.83956 447.0412
   vertex 297.0462 -96.81692 434.8216
   vertex 400.6993 -110.1474 466.3533
  endloop
 endfacet
 facet normal -0.2647289 -0.2240285 0.9379391
  outer loop
   vertex 299.0116 -70.83956 447.0412
   vertex 400.6993 -110.1474 466.3533
   vertex 410.0135 -88.95535 474.044
  endloop
 endfacet
 facet normal -0.2657593 -0.7762121 0.5717227
  outer loop
   vertex 299.6098 -54.17646 469.9423
   vertex 299.0116 -70.83956 447.0412
   vertex 410.0135 -88.95535 474.044
  endloop
 endfacet
 facet normal -0.2212693 -0.6129527 0.7585044
  outer loop
   vertex 299.6098 -54.17646 469.9423
   vertex 410.0135 -88.95535 474.044
   vertex 424.5403 -76.22303 488.5708
  endloop
 endfacet
 facet normal -0.1947475 -0.9675544 0.160972
  outer loop
   vertex 298.4989 -48.36573 503.5249
   vertex 299.6098 -54.17646 469.9423
   vertex 424.5403 -76.22303 488.5708
  endloop
 endfacet
 facet normal -0.1749181 -0.9431446 0.2826339
  outer loop
   vertex 298.4989 -48.36573 503.5249
   vertex 424.5403 -76.22303 488.5708
   vertex 444.1302 -73.40312 510.1047
  endloop
 endfacet
 facet normal -0.1588837 -0.9710427 -0.1784155
  outer loop
   vertex 296.2772 -54.17646 537.1288
   vertex 298.4989 -48.36573 503.5249
   vertex 444.1302 -73.40312 510.1047
  endloop
 endfacet
 facet normal -0.1580376 -0.9721617 -0.1729903
  outer loop
   vertex 296.2772 -54.17646 537.1288
   vertex 444.1302 -73.40312 510.1047
   vertex 462.5878 -80.23926 531.6599
  endloop
 endfacet
 facet normal -0.1432394 -0.7885331 -0.5980787
  outer loop
   vertex 293.4572 -70.83956 559.7735
   vertex 296.2772 -54.17646 537.1288
   vertex 462.5878 -80.23926 531.6599
  endloop
 endfacet
 facet normal -0.1505539 -0.736488 -0.6594838
  outer loop
   vertex 293.4572 -70.83956 559.7735
   vertex 462.5878 -80.23926 531.6599
   vertex 473.8674 -95.70604 546.3576
  endloop
 endfacet
 facet normal -0.1229599 -0.4027401 -0.9070178
  outer loop
   vertex 290.2955 -96.81692 571.7368
   vertex 293.4572 -70.83956 559.7735
   vertex 473.8674 -95.70604 546.3576
  endloop
 endfacet
 facet normal -0.126183 -0.3504507 -0.9280421
  outer loop
   vertex 290.2955 -96.81692 571.7368
   vertex 473.8674 -95.70604 546.3576
   vertex 478.3109 -118.3508 554.3046
  endloop
 endfacet
 facet normal -0.09071249 0.01408126 -0.9957776
  outer loop
   vertex 286.7066 -132.0231 571.5659
   vertex 290.2955 -96.81692 571.7368
   vertex 478.3109 -118.3508 554.3046
  endloop
 endfacet
 facet normal -0.0900338 0.004378847 -0.9959291
  outer loop
   vertex 286.7066 -132.0231 571.5659
   vertex 478.3109 -118.3508 554.3046
   vertex 474.9783 -148.0026 554.4755
  endloop
 endfacet
 facet normal -0.04560531 0.428034 -0.9026112
  outer loop
   vertex 284.7412 -158.0004 559.3463
   vertex 286.7066 -132.0231 571.5659
   vertex 474.9783 -148.0026 554.4755
  endloop
 endfacet
 facet normal -0.04266811 0.3573415 -0.9329986
  outer loop
   vertex 284.7412 -158.0004 559.3463
   vertex 474.9783 -148.0026 554.4755
   vertex 465.664 -169.1946 546.7849
  endloop
 endfacet
 facet normal 0.009001409 0.8074283 -0.5898971
  outer loop
   vertex 284.2285 -174.6635 536.5306
   vertex 284.7412 -158.0004 559.3463
   vertex 465.664 -169.1946 546.7849
  endloop
 endfacet
 facet normal 0.01535276 0.7437299 -0.6683039
  outer loop
   vertex 284.2285 -174.6635 536.5306
   vertex 465.664 -169.1946 546.7849
   vertex 451.1372 -181.9483 532.2581
  endloop
 endfacet
 facet normal 0.03863422 0.9847338 -0.1697253
  outer loop
   vertex 285.2539 -180.4956 502.9267
   vertex 284.2285 -174.6635 536.5306
   vertex 451.1372 -181.9483 532.2581
  endloop
 endfacet
 facet normal 0.03825228 0.9851219 -0.167546
  outer loop
   vertex 285.2539 -180.4956 502.9267
   vertex 451.1372 -181.9483 532.2581
   vertex 431.5474 -184.8537 510.7028
  endloop
 endfacet
 facet normal 0.31579 0.9482159 0.03410658
  outer loop
   vertex 413.0898 -177.9321 489.169
   vertex 431.5474 -184.8537 510.7028
   vertex 435.0723 -181.0083 371.16
  endloop
 endfacet
 facet normal 0.2798337 0.9596656 0.02711025
  outer loop
   vertex 413.0898 -177.9321 489.169
   vertex 435.0723 -181.0083 371.16
   vertex 410.4408 -173.809 370.5618
  endloop
 endfacet
 facet normal 0.8050277 0.5932313 0.002642327
  outer loop
   vertex 401.7247 -162.4439 474.4713
   vertex 413.0898 -177.9321 489.169
   vertex 410.4408 -173.809 370.5618
  endloop
 endfacet
 facet normal 0.6743852 0.7379847 -0.02414859
  outer loop
   vertex 401.7247 -162.4439 474.4713
   vertex 410.4408 -173.809 370.5618
   vertex 394.8031 -159.5386 369.9637
  endloop
 endfacet
 facet normal 0.9839076 0.168127 -0.06049076
  outer loop
   vertex 397.3667 -139.7992 466.5242
   vertex 401.7247 -162.4439 474.4713
   vertex 394.8031 -159.5386 369.9637
  endloop
 endfacet
 facet normal 0.9436259 0.3184982 -0.09016094
  outer loop
   vertex 397.3667 -139.7992 466.5242
   vertex 394.8031 -159.5386 369.9637
   vertex 387.8815 -139.201 369.3655
  endloop
 endfacet
 facet normal 0.9889718 -0.1117129 -0.09723647
  outer loop
   vertex 400.6993 -110.1474 466.3533
   vertex 397.3667 -139.7992 466.5242
   vertex 387.8815 -139.201 369.3655
  endloop
 endfacet
 facet normal 0.9887238 -0.1146632 -0.09631991
  outer loop
   vertex 400.6993 -110.1474 466.3533
   vertex 387.8815 -139.201 369.3655
   vertex 390.8723 -113.0528 368.9383
  endloop
 endfacet
 facet normal 0.9230108 -0.3759571 -0.08189799
  outer loop
   vertex 410.0135 -88.95535 474.044
   vertex 400.6993 -110.1474 466.3533
   vertex 390.8723 -113.0528 368.9383
  endloop
 endfacet
 facet normal 0.8522015 -0.5220067 -0.03551809
  outer loop
   vertex 410.0135 -88.95535 474.044
   vertex 390.8723 -113.0528 368.9383
   vertex 402.0665 -94.76607 368.7674
  endloop
 endfacet
 facet normal 0.6641057 -0.7475861 -0.008868488
  outer loop
   vertex 424.5403 -76.22303 488.5708
   vertex 410.0135 -88.95535 474.044
   vertex 402.0665 -94.76607 368.7674
  endloop
 endfacet
 facet normal 0.4941161 -0.8683944 0.0417183
  outer loop
   vertex 424.5403 -76.22303 488.5708
   vertex 402.0665 -94.76607 368.7674
   vertex 420.5241 -84.2555 368.9383
  endloop
 endfacet
 facet normal 0.07248625 -0.9952885 0.06439305
  outer loop
   vertex 444.1302 -73.40312 510.1047
   vertex 424.5403 -76.22303 488.5708
   vertex 420.5241 -84.2555 368.9383
  endloop
 endfacet
 facet normal 0.0550583 -0.9962072 0.067378
  outer loop
   vertex 444.1302 -73.40312 510.1047
   vertex 420.5241 -84.2555 368.9383
   vertex 446.181 -82.80282 369.451
  endloop
 endfacet
 facet normal -0.402819 -0.9136147 0.05518224
  outer loop
   vertex 462.5878 -80.23926 531.6599
   vertex 444.1302 -73.40312 510.1047
   vertex 446.181 -82.80282 369.451
  endloop
 endfacet
 facet normal -0.277635 -0.9597126 0.04324894
  outer loop
   vertex 462.5878 -80.23926 531.6599
   vertex 446.181 -82.80282 369.451
   vertex 470.7911 -89.89532 370.0491
  endloop
 endfacet
 facet normal -0.805466 -0.5926167 -0.005477357
  outer loop
   vertex 473.8674 -95.70604 546.3576
   vertex 462.5878 -80.23926 531.6599
   vertex 470.7911 -89.89532 370.0491
  endloop
 endfacet
 facet normal -0.6759592 -0.7368332 -0.01249006
  outer loop
   vertex 473.8674 -95.70604 546.3576
   vertex 470.7911 -89.89532 370.0491
   vertex 486.4288 -104.2512 370.6473
  endloop
 endfacet
 facet normal -0.9754079 -0.21225 -0.0594091
  outer loop
   vertex 478.3109 -118.3508 554.3046
   vertex 473.8674 -95.70604 546.3576
   vertex 486.4288 -104.2512 370.6473
  endloop
 endfacet
 facet normal -0.9440659 -0.3229768 -0.06652434
  outer loop
   vertex 478.3109 -118.3508 554.3046
   vertex 486.4288 -104.2512 370.6473
   vertex 493.3504 -124.5888 371.16
  endloop
 endfacet
 facet normal -0.9901938 0.1107994 -0.08508688
  outer loop
   vertex 474.9783 -148.0026 554.4755
   vertex 478.3109 -118.3508 554.3046
   vertex 493.3504 -124.5888 371.16
  endloop
 endfacet
 facet normal -0.9901151 0.1115822 -0.08497901
  outer loop
   vertex 474.9783 -148.0026 554.4755
   vertex 493.3504 -124.5888 371.16
   vertex 490.3596 -150.737 371.6727
  endloop
 endfacet
 facet normal -0.9010522 0.4258526 -0.08218613
  outer loop
   vertex 465.664 -169.1946 546.7849
   vertex 474.9783 -148.0026 554.4755
   vertex 490.3596 -150.737 371.6727
  endloop
 endfacet
 facet normal -0.8512109 0.5207639 -0.06515308
  outer loop
   vertex 465.664 -169.1946 546.7849
   vertex 490.3596 -150.737 371.6727
   vertex 479.1654 -169.0237 371.7582
  endloop
 endfacet
 facet normal -0.6314852 0.7739035 -0.04795648
  outer loop
   vertex 451.1372 -181.9483 532.2581
   vertex 465.664 -169.1946 546.7849
   vertex 479.1654 -169.0237 371.7582
  endloop
 endfacet
 facet normal -0.4924368 0.8702026 -0.01591967
  outer loop
   vertex 451.1372 -181.9483 532.2581
   vertex 479.1654 -169.0237 371.7582
   vertex 460.7078 -179.4702 371.6727
  endloop
 endfacet
 facet normal -0.1532814 0.9881637 0.006113733
  outer loop
   vertex 431.5474 -184.8537 510.7028
   vertex 451.1372 -181.9483 532.2581
   vertex 460.7078 -179.4702 371.6727
  endloop
 endfacet
 facet normal -0.06038965 0.9978369 0.02597158
  outer loop
   vertex 431.5474 -184.8537 510.7028
   vertex 460.7078 -179.4702 371.6727
   vertex 435.0723 -181.0083 371.16
  endloop
 endfacet
 facet normal 0.2796375 0.9595223 0.0334643
  outer loop
   vertex 410.4408 -173.809 370.5618
   vertex 435.0723 -181.0083 371.16
   vertex 438.6613 -177.163 230.9122
  endloop
 endfacet
 facet normal 0.278548 0.9598471 0.03323633
  outer loop
   vertex 410.4408 -173.809 370.5618
   vertex 438.6613 -177.163 230.9122
   vertex 417.4478 -170.9891 230.3995
  endloop
 endfacet
 facet normal 0.6722734 0.7387145 0.04847066
  outer loop
   vertex 394.8031 -159.5386 369.9637
   vertex 410.4408 -173.809 370.5618
   vertex 417.4478 -170.9891 230.3995
  endloop
 endfacet
 facet normal 0.6743261 0.7368088 0.04896007
  outer loop
   vertex 394.8031 -159.5386 369.9637
   vertex 417.4478 -170.9891 230.3995
   vertex 403.9465 -158.5986 229.8868
  endloop
 endfacet
 facet normal 0.9441733 0.3232127 0.06379862
  outer loop
   vertex 387.8815 -139.201 369.3655
   vertex 394.8031 -159.5386 369.9637
   vertex 403.9465 -158.5986 229.8868
  endloop
 endfacet
 facet normal 0.9452185 0.3200305 0.06436157
  outer loop
   vertex 387.8815 -139.201 369.3655
   vertex 403.9465 -158.5986 229.8868
   vertex 398.0503 -141.081 229.3741
  endloop
 endfacet
 facet normal 0.9909706 -0.1121455 0.07348861
  outer loop
   vertex 390.8723 -113.0528 368.9383
   vertex 387.8815 -139.201 369.3655
   vertex 398.0503 -141.081 229.3741
  endloop
 endfacet
 facet normal 0.9911385 -0.1108226 0.07323157
  outer loop
   vertex 390.8723 -113.0528 368.9383
   vertex 398.0503 -141.081 229.3741
   vertex 400.6138 -118.4362 228.9468
  endloop
 endfacet
 facet normal 0.8505391 -0.5199171 0.07917976
  outer loop
   vertex 402.0665 -94.76607 368.7674
   vertex 390.8723 -113.0528 368.9383
   vertex 400.6138 -118.4362 228.9468
  endloop
 endfacet
 facet normal 0.8509137 -0.5193198 0.07907475
  outer loop
   vertex 402.0665 -94.76607 368.7674
   vertex 400.6138 -118.4362 228.9468
   vertex 410.2699 -102.6276 228.8614
  endloop
 endfacet
 facet normal 0.492804 -0.8666736 0.07759545
  outer loop
   vertex 420.5241 -84.2555 368.9383
   vertex 402.0665 -94.76607 368.7674
   vertex 410.2699 -102.6276 228.8614
  endloop
 endfacet
 facet normal 0.493328 -0.8663823 0.07751889
  outer loop
   vertex 420.5241 -84.2555 368.9383
   vertex 410.2699 -102.6276 228.8614
   vertex 426.1639 -93.56975 228.9468
  endloop
 endfacet
 facet normal 0.05503177 -0.9961325 0.06849415
  outer loop
   vertex 446.181 -82.80282 369.451
   vertex 420.5241 -84.2555 368.9383
   vertex 426.1639 -93.56975 228.9468
  endloop
 endfacet
 facet normal 0.06038898 -0.9958757 0.06771125
  outer loop
   vertex 446.181 -82.80282 369.451
   vertex 426.1639 -93.56975 228.9468
   vertex 448.2319 -92.20252 229.3741
  endloop
 endfacet
 facet normal -0.2777726 -0.9587544 0.0602693
  outer loop
   vertex 470.7911 -89.89532 370.0491
   vertex 446.181 -82.80282 369.451
   vertex 448.2319 -92.20252 229.3741
  endloop
 endfacet
 facet normal -0.2798749 -0.9581222 0.06059606
  outer loop
   vertex 470.7911 -89.89532 370.0491
   vertex 448.2319 -92.20252 229.3741
   vertex 469.4239 -98.35505 229.9722
  endloop
 endfacet
 facet normal -0.6764495 -0.7347228 0.05097499
  outer loop
   vertex 486.4288 -104.2512 370.6473
   vertex 470.7911 -89.89532 370.0491
   vertex 469.4239 -98.35505 229.9722
  endloop
 endfacet
 facet normal -0.6763182 -0.7348452 0.05095399
  outer loop
   vertex 486.4288 -104.2512 370.6473
   vertex 469.4239 -98.35505 229.9722
   vertex 482.9253 -110.7456 230.4849
  endloop
 endfacet
 facet normal -0.9462686 -0.3210781 0.03853007
  outer loop
   vertex 493.3504 -124.5888 371.16
   vertex 486.4288 -104.2512 370.6473
   vertex 482.9253 -110.7456 230.4849
  endloop
 endfacet
 facet normal -0.9477826 -0.3165123 0.03909156
  outer loop
   vertex 493.3504 -124.5888 371.16
   vertex 482.9253 -110.7456 230.4849
   vertex 488.8215 -128.3486 230.9122
  endloop
 endfacet
 facet normal -0.9930398 0.1141518 0.02900742
  outer loop
   vertex 490.3596 -150.737 371.6727
   vertex 493.3504 -124.5888 371.16
   vertex 488.8215 -128.3486 230.9122
  endloop
 endfacet
 facet normal -0.993129 0.1134027 0.02888926
  outer loop
   vertex 490.3596 -150.737 371.6727
   vertex 488.8215 -128.3486 230.9122
   vertex 486.2579 -150.9079 231.3395
  endloop
 endfacet
 facet normal -0.8525855 0.5220233 0.02428379
  outer loop
   vertex 479.1654 -169.0237 371.7582
   vertex 490.3596 -150.737 371.6727
   vertex 486.2579 -150.9079 231.3395
  endloop
 endfacet
 facet normal -0.8543424 0.5191641 0.02382618
  outer loop
   vertex 479.1654 -169.0237 371.7582
   vertex 486.2579 -150.9079 231.3395
   vertex 476.6019 -166.802 231.4249
  endloop
 endfacet
 facet normal -0.4925072 0.8700104 0.02277089
  outer loop
   vertex 460.7078 -179.4702 371.6727
   vertex 479.1654 -169.0237 371.7582
   vertex 476.6019 -166.802 231.4249
  endloop
 endfacet
 facet normal -0.495981 0.8680495 0.02220008
  outer loop
   vertex 460.7078 -179.4702 371.6727
   vertex 476.6019 -166.802 231.4249
   vertex 460.7078 -175.8812 231.3395
  endloop
 endfacet
 facet normal -0.06038134 0.9978491 0.02551966
  outer loop
   vertex 435.0723 -181.0083 371.16
   vertex 460.7078 -179.4702 371.6727
   vertex 460.7078 -175.8812 231.3395
  endloop
 endfacet
 facet normal -0.05852166 0.997951 0.02586436
  outer loop
   vertex 435.0723 -181.0083 371.16
   vertex 460.7078 -175.8812 231.3395
   vertex 438.6613 -177.163 230.9122
  endloop
 endfacet
 facet normal 0.2785367 0.959838 0.03359099
  outer loop
   vertex 417.4478 -170.9891 230.3995
   vertex 438.6613 -177.163 230.9122
   vertex 442.2502 -173.2963 90.66439
  endloop
 endfacet
 facet normal 0.2801947 0.9593446 0.03389342
  outer loop
   vertex 417.4478 -170.9891 230.3995
   vertex 442.2502 -173.2963 90.66439
   vertex 424.4549 -168.0837 90.23713
  endloop
 endfacet
 facet normal 0.6743248 0.7368084 0.04898407
  outer loop
   vertex 403.9465 -158.5986 229.8868
   vertex 417.4478 -170.9891 230.3995
   vertex 424.4549 -168.0837 90.23713
  endloop
 endfacet
 facet normal 0.6711689 0.7397279 0.04832231
  outer loop
   vertex 403.9465 -158.5986 229.8868
   vertex 424.4549 -168.0837 90.23713
   vertex 413.0898 -157.7441 89.80987
  endloop
 endfacet
 facet normal 0.9452679 0.3200264 0.06365346
  outer loop
   vertex 398.0503 -141.081 229.3741
   vertex 403.9465 -158.5986 229.8868
   vertex 413.0898 -157.7441 89.80987
  endloop
 endfacet
 facet normal 0.9477566 0.3123352 0.06483992
  outer loop
   vertex 398.0503 -141.081 229.3741
   vertex 413.0898 -157.7441 89.80987
   vertex 408.2191 -142.8755 89.38261
  endloop
 endfacet
 facet normal 0.9911255 -0.1108177 0.07341438
  outer loop
   vertex 400.6138 -118.4362 228.9468
   vertex 398.0503 -141.081 229.3741
   vertex 408.2191 -142.8755 89.38261
  endloop
 endfacet
 facet normal 0.9912499 -0.1098129 0.07324519
  outer loop
   vertex 400.6138 -118.4362 228.9468
   vertex 408.2191 -142.8755 89.38261
   vertex 410.3553 -123.8197 89.0408
  endloop
 endfacet
 facet normal 0.8509035 -0.5193128 0.07923024
  outer loop
   vertex 410.2699 -102.6276 228.8614
   vertex 400.6138 -118.4362 228.9468
   vertex 410.3553 -123.8197 89.0408
  endloop
 endfacet
 facet normal 0.8531327 -0.5157256 0.0786879
  outer loop
   vertex 410.2699 -102.6276 228.8614
   vertex 410.3553 -123.8197 89.0408
   vertex 418.4733 -110.4038 88.95535
  endloop
 endfacet
 facet normal 0.4933465 -0.8664106 0.0770833
  outer loop
   vertex 426.1639 -93.56975 228.9468
   vertex 410.2699 -102.6276 228.8614
   vertex 418.4733 -110.4038 88.95535
  endloop
 endfacet
 facet normal 0.4936938 -0.8662166 0.07704088
  outer loop
   vertex 426.1639 -93.56975 228.9468
   vertex 418.4733 -110.4038 88.95535
   vertex 431.8038 -102.7985 89.0408
  endloop
 endfacet
 facet normal 0.06037927 -0.9958481 0.06812437
  outer loop
   vertex 448.2319 -92.20252 229.3741
   vertex 426.1639 -93.56975 228.9468
   vertex 431.8038 -102.7985 89.0408
  endloop
 endfacet
 facet normal 0.05860742 -0.9959393 0.06833868
  outer loop
   vertex 448.2319 -92.20252 229.3741
   vertex 431.8038 -102.7985 89.0408
   vertex 450.2827 -101.6877 89.38261
  endloop
 endfacet
 facet normal -0.2798769 -0.9581076 0.06081667
  outer loop
   vertex 469.4239 -98.35505 229.9722
   vertex 448.2319 -92.20252 229.3741
   vertex 450.2827 -101.6877 89.38261
  endloop
 endfacet
 facet normal -0.2779957 -0.9586705 0.06057388
  outer loop
   vertex 469.4239 -98.35505 229.9722
   vertex 450.2827 -101.6877 89.38261
   vertex 468.0567 -106.8148 89.80987
  endloop
 endfacet
 facet normal -0.6763182 -0.7348454 0.05095003
  outer loop
   vertex 482.9253 -110.7456 230.4849
   vertex 469.4239 -98.35505 229.9722
   vertex 468.0567 -106.8148 89.80987
  endloop
 endfacet
 facet normal -0.6791048 -0.7322453 0.05131721
  outer loop
   vertex 482.9253 -110.7456 230.4849
   vertex 468.0567 -106.8148 89.80987
   vertex 479.3363 -117.2399 90.32258
  endloop
 endfacet
 facet normal -0.9477872 -0.3165177 0.03893456
  outer loop
   vertex 488.8215 -128.3486 230.9122
   vertex 482.9253 -110.7456 230.4849
   vertex 479.3363 -117.2399 90.32258
  endloop
 endfacet
 facet normal -0.9482281 -0.3151779 0.03907017
  outer loop
   vertex 488.8215 -128.3486 230.9122
   vertex 479.3363 -117.2399 90.32258
   vertex 484.2925 -132.1085 90.66439
  endloop
 endfacet
 facet normal -0.9931247 0.1134049 0.02903019
  outer loop
   vertex 486.2579 -150.9079 231.3395
   vertex 488.8215 -128.3486 230.9122
   vertex 484.2925 -132.1085 90.66439
  endloop
 endfacet
 facet normal -0.9933041 0.1118741 0.02882812
  outer loop
   vertex 486.2579 -150.9079 231.3395
   vertex 484.2925 -132.1085 90.66439
   vertex 482.1562 -151.1643 91.00619
  endloop
 endfacet
 facet normal -0.8543379 0.5191624 0.02402237
  outer loop
   vertex 476.6019 -166.802 231.4249
   vertex 486.2579 -150.9079 231.3395
   vertex 482.1562 -151.1643 91.00619
  endloop
 endfacet
 facet normal -0.853775 0.5200819 0.02414703
  outer loop
   vertex 476.6019 -166.802 231.4249
   vertex 482.1562 -151.1643 91.00619
   vertex 474.0383 -164.4948 91.09165
  endloop
 endfacet
 facet normal -0.4959728 0.8680246 0.02333131
  outer loop
   vertex 460.7078 -175.8812 231.3395
   vertex 476.6019 -166.802 231.4249
   vertex 474.0383 -164.4948 91.09165
  endloop
 endfacet
 facet normal -0.4997022 0.8658971 0.02280411
  outer loop
   vertex 460.7078 -175.8812 231.3395
   vertex 474.0383 -164.4948 91.09165
   vertex 460.7078 -172.1854 91.00619
  endloop
 endfacet
 facet normal -0.05852908 0.9979397 0.02628156
  outer loop
   vertex 438.6613 -177.163 230.9122
   vertex 460.7078 -175.8812 231.3395
   vertex 460.7078 -172.1854 91.00619
  endloop
 endfacet
 facet normal -0.06053525 0.9978284 0.02596146
  outer loop
   vertex 438.6613 -177.163 230.9122
   vertex 460.7078 -172.1854 91.00619
   vertex 442.2502 -173.2963 90.66439
  endloop
 endfacet
 facet normal 0.9937473 -0.1002056 0.04924577
  outer loop
   vertex -0.005680924 -85.11002 488.8272
   vertex -8.721767 -171.7582 488.3999
   vertex -5.816405 -164.153 445.2467
  endloop
 endfacet
 facet normal 0.9936855 -0.100526 0.04983523
  outer loop
   vertex -0.005680924 -85.11002 488.8272
   vertex -5.816405 -164.153 445.2467
   vertex -2.141977 -142.2773 416.1077
  endloop
 endfacet
 facet normal 0.9937852 -0.09981517 0.04927346
  outer loop
   vertex -0.005680924 -85.11002 488.8272
   vertex -2.141977 -142.2773 416.1077
   vertex 2.045163 -108.182 400.7263
  endloop
 endfacet
 facet normal 0.9938035 -0.09965386 0.04923164
  outer loop
   vertex -0.005680924 -85.11002 488.8272
   vertex 2.045163 -108.182 400.7263
   vertex 6.659561 -62.03803 400.9827
  endloop
 endfacet
 facet normal 0.9937928 -0.09977673 0.04919856
  outer loop
   vertex -0.005680924 -85.11002 488.8272
   vertex 6.659561 -62.03803 400.9827
   vertex 9.308568 -27.94275 416.6204
  endloop
 endfacet
 facet normal 0.9937496 -0.1004807 0.04863567
  outer loop
   vertex -0.005680924 -85.11002 488.8272
   vertex 9.308568 -27.94275 416.6204
   vertex 10.07763 -6.06708 446.1013
  endloop
 endfacet
 facet normal 0.9937523 -0.1002056 0.04914521
  outer loop
   vertex -0.005680924 -85.11002 488.8272
   vertex 10.07763 -6.06708 446.1013
   vertex 8.710405 1.538133 489.2544
  endloop
 endfacet
 facet normal 0.9937485 -0.1002056 0.04922148
  outer loop
   vertex -0.005680924 -85.11002 488.8272
   vertex 8.710405 1.538133 489.2544
   vertex 5.805043 -6.06708 532.429
  endloop
 endfacet
 facet normal 0.9936957 -0.1004797 0.04972547
  outer loop
   vertex -0.005680924 -85.11002 488.8272
   vertex 5.805043 -6.06708 532.429
   vertex 2.130615 -27.94275 561.6535
  endloop
 endfacet
 facet normal 0.9937729 -0.09992924 0.0492911
  outer loop
   vertex -0.005680924 -85.11002 488.8272
   vertex 2.130615 -27.94275 561.6535
   vertex -2.056525 -62.03803 576.9494
  endloop
 endfacet
 facet normal 0.9938143 -0.09956364 0.04919634
  outer loop
   vertex -0.005680924 -85.11002 488.8272
   vertex -2.056525 -62.03803 576.9494
   vertex -6.670923 -108.182 576.7785
  endloop
 endfacet
 facet normal 0.9937883 -0.09986169 0.04911618
  outer loop
   vertex -0.005680924 -85.11002 488.8272
   vertex -6.670923 -108.182 576.7785
   vertex -9.31993 -142.2773 561.0553
  endloop
 endfacet
 facet normal 0.9937565 -0.1003799 0.0487019
  outer loop
   vertex -0.005680924 -85.11002 488.8272
   vertex -9.31993 -142.2773 561.0553
   vertex -10.089 -164.153 531.6599
  endloop
 endfacet
 facet normal 0.9937583 -0.1002056 0.04902406
  outer loop
   vertex -0.005680924 -85.11002 488.8272
   vertex -10.089 -164.153 531.6599
   vertex -8.721767 -171.7582 488.3999
  endloop
 endfacet
 facet normal -0.01850145 0.01877598 0.9996525
  outer loop
   vertex 446.2665 -137.492 90.06622
   vertex 424.4549 -168.0837 90.23713
   vertex 442.2502 -173.2963 90.66439
  endloop
 endfacet
 facet normal -0.0197123 0.01963908 0.9996128
  outer loop
   vertex 446.2665 -137.492 90.06622
   vertex 413.0898 -157.7441 89.80987
   vertex 424.4549 -168.0837 90.23713
  endloop
 endfacet
 facet normal -0.02104762 0.02182751 0.9995402
  outer loop
   vertex 446.2665 -137.492 90.06622
   vertex 408.2191 -142.8755 89.38261
   vertex 413.0898 -157.7441 89.80987
  endloop
 endfacet
 facet normal -0.02082715 0.02026453 0.9995777
  outer loop
   vertex 446.2665 -137.492 90.06622
   vertex 410.3553 -123.8197 89.0408
   vertex 408.2191 -142.8755 89.38261
  endloop
 endfacet
 facet normal -0.02122825 0.01921193 0.99959
  outer loop
   vertex 446.2665 -137.492 90.06622
   vertex 418.4733 -110.4038 88.95535
   vertex 410.3553 -123.8197 89.0408
  endloop
 endfacet
 facet normal -0.01879345 0.02171 0.9995877
  outer loop
   vertex 446.2665 -137.492 90.06622
   vertex 431.8038 -102.7985 89.0408
   vertex 418.4733 -110.4038 88.95535
  endloop
 endfacet
 facet normal -0.01976992 0.02130264 0.9995776
  outer loop
   vertex 446.2665 -137.492 90.06622
   vertex 450.2827 -101.6877 89.38261
   vertex 431.8038 -102.7985 89.0408
  endloop
 endfacet
 facet normal -0.01794314 0.02109847 0.9996164
  outer loop
   vertex 446.2665 -137.492 90.06622
   vertex 468.0567 -106.8148 89.80987
   vertex 450.2827 -101.6877 89.38261
  endloop
 endfacet
 facet normal -0.0227649 0.02452192 0.9994401
  outer loop
   vertex 446.2665 -137.492 90.06622
   vertex 479.3363 -117.2399 90.32258
   vertex 468.0567 -106.8148 89.80987
  endloop
 endfacet
 facet normal -0.01812377 0.01694017 0.9996922
  outer loop
   vertex 446.2665 -137.492 90.06622
   vertex 484.2925 -132.1085 90.66439
   vertex 479.3363 -117.2399 90.32258
  endloop
 endfacet
 facet normal -0.01855749 0.02001097 0.9996275
  outer loop
   vertex 446.2665 -137.492 90.06622
   vertex 482.1562 -151.1643 91.00619
   vertex 484.2925 -132.1085 90.66439
  endloop
 endfacet
 facet normal -0.01926976 0.0181428 0.9996497
  outer loop
   vertex 446.2665 -137.492 90.06622
   vertex 474.0383 -164.4948 91.09165
   vertex 482.1562 -151.1643 91.00619
  endloop
 endfacet
 facet normal -0.01776677 0.01968854 0.9996483
  outer loop
   vertex 446.2665 -137.492 90.06622
   vertex 460.7078 -172.1854 91.00619
   vertex 474.0383 -164.4948 91.09165
  endloop
 endfacet
 facet normal -0.01964939 0.01890434 0.9996282
  outer loop
   vertex 446.2665 -137.492 90.06622
   vertex 442.2502 -173.2963 90.66439
   vertex 460.7078 -172.1854 91.00619
  endloop
 endfacet
 facet normal 0.1735379 0.975793 -0.1330891
  outer loop
   vertex 396.5976 -168.511 105.9603
   vertex 416.1661 -172.5272 102.0295
   vertex 408.1336 -176.5648 61.95257
  endloop
 endfacet
 facet normal 0.258188 0.9600373 -0.1080158
  outer loop
   vertex 396.5976 -168.511 105.9603
   vertex 408.1336 -176.5648 61.95257
   vertex 387.1979 -172.2709 50.07477
  endloop
 endfacet
 facet normal 0.678864 0.7160888 -0.1623592
  outer loop
   vertex 384.8907 -156.8896 108.2675
   vertex 396.5976 -168.511 105.9603
   vertex 387.1979 -172.2709 50.07477
  endloop
 endfacet
 facet normal 0.7579787 0.637421 -0.1384293
  outer loop
   vertex 384.8907 -156.8896 108.2675
   vertex 387.1979 -172.2709 50.07477
   vertex 375.5765 -159.8804 43.49498
  endloop
 endfacet
 facet normal 0.9670378 0.2067702 -0.148607
  outer loop
   vertex 380.8745 -137.492 109.122
   vertex 384.8907 -156.8896 108.2675
   vertex 375.5765 -159.8804 43.49498
  endloop
 endfacet
 facet normal 0.9783398 0.1585638 -0.1330739
  outer loop
   vertex 380.8745 -137.492 109.122
   vertex 375.5765 -159.8804 43.49498
   vertex 371.6457 -137.492 41.27323
  endloop
 endfacet
 facet normal 0.9696906 -0.2056773 -0.1318975
  outer loop
   vertex 384.8907 -118.009 108.2675
   vertex 380.8745 -137.492 109.122
   vertex 371.6457 -137.492 41.27323
  endloop
 endfacet
 facet normal 0.9765559 -0.1568227 -0.1474625
  outer loop
   vertex 384.8907 -118.009 108.2675
   vertex 371.6457 -137.492 41.27323
   vertex 375.5765 -115.1036 43.49498
  endloop
 endfacet
 facet normal 0.6827335 -0.7189329 -0.1304244
  outer loop
   vertex 396.5976 -106.473 105.9603
   vertex 384.8907 -118.009 108.2675
   vertex 375.5765 -115.1036 43.49498
  endloop
 endfacet
 facet normal 0.7622291 -0.6245253 -0.1702207
  outer loop
   vertex 396.5976 -106.473 105.9603
   vertex 375.5765 -115.1036 43.49498
   vertex 387.1979 -102.7131 50.07477
  endloop
 endfacet
 facet normal 0.1815016 -0.9786572 -0.09637017
  outer loop
   vertex 416.1661 -102.4567 102.0295
   vertex 396.5976 -106.473 105.9603
   vertex 387.1979 -102.7131 50.07477
  endloop
 endfacet
 facet normal 0.2791916 -0.9482903 -0.1509886
  outer loop
   vertex 416.1661 -102.4567 102.0295
   vertex 387.1979 -102.7131 50.07477
   vertex 408.1336 -98.4405 61.95257
  endloop
 endfacet
 facet normal -0.2103534 -0.9760401 -0.05565174
  outer loop
   vertex 435.8414 -106.473 98.0987
   vertex 416.1661 -102.4567 102.0295
   vertex 408.1336 -98.4405 61.95257
  endloop
 endfacet
 facet normal -0.1340454 -0.9841682 -0.1159518
  outer loop
   vertex 435.8414 -106.473 98.0987
   vertex 408.1336 -98.4405 61.95257
   vertex 429.1547 -102.7131 73.91583
  endloop
 endfacet
 facet normal -0.6940807 -0.7153605 0.08069241
  outer loop
   vertex 447.4628 -118.009 95.7915
   vertex 435.8414 -106.473 98.0987
   vertex 429.1547 -102.7131 73.91583
  endloop
 endfacet
 facet normal -0.7664339 -0.6037264 0.2193025
  outer loop
   vertex 447.4628 -118.009 95.7915
   vertex 429.1547 -102.7131 73.91583
   vertex 440.7976 -115.1036 80.49562
  endloop
 endfacet
 facet normal -0.9106278 -0.2073873 0.3574179
  outer loop
   vertex 451.5645 -137.492 94.93698
   vertex 447.4628 -118.009 95.7915
   vertex 440.7976 -115.1036 80.49562
  endloop
 endfacet
 facet normal -0.867963 -0.1042037 0.4855737
  outer loop
   vertex 451.5645 -137.492 94.93698
   vertex 440.7976 -115.1036 80.49562
   vertex 444.7283 -137.492 82.71737
  endloop
 endfacet
 facet normal -0.8547582 0.2018073 0.4781864
  outer loop
   vertex 447.4628 -156.8896 95.7915
   vertex 451.5645 -137.492 94.93698
   vertex 444.7283 -137.492 82.71737
  endloop
 endfacet
 facet normal -0.9183232 0.1239261 0.3759318
  outer loop
   vertex 447.4628 -156.8896 95.7915
   vertex 444.7283 -137.492 82.71737
   vertex 440.7976 -159.8804 80.49562
  endloop
 endfacet
 facet normal -0.6824069 0.7137357 0.1578044
  outer loop
   vertex 435.8414 -168.511 98.0987
   vertex 447.4628 -156.8896 95.7915
   vertex 440.7976 -159.8804 80.49562
  endloop
 endfacet
 facet normal -0.7522841 0.6501032 0.1069318
  outer loop
   vertex 435.8414 -168.511 98.0987
   vertex 440.7976 -159.8804 80.49562
   vertex 429.1547 -172.2709 73.91583
  endloop
 endfacet
 facet normal -0.2166314 0.9719822 -0.09122195
  outer loop
   vertex 416.1661 -172.5272 102.0295
   vertex 435.8414 -168.511 98.0987
   vertex 429.1547 -172.2709 73.91583
  endloop
 endfacet
 facet normal -0.163254 0.9843438 -0.06644855
  outer loop
   vertex 416.1661 -172.5272 102.0295
   vertex 429.1547 -172.2709 73.91583
   vertex 408.1336 -176.5648 61.95257
  endloop
 endfacet
 facet normal 0.1283159 0.9832691 0.1292941
  outer loop
   vertex 387.1979 -172.2709 50.07477
   vertex 408.1336 -176.5648 61.95257
   vertex 457.1189 -178.5302 28.28455
  endloop
 endfacet
 facet normal 0.1581215 0.9598601 0.2316595
  outer loop
   vertex 387.1979 -172.2709 50.07477
   vertex 457.1189 -178.5302 28.28455
   vertex 452.6754 -174.0654 12.81777
  endloop
 endfacet
 facet normal 0.3748606 0.6839455 0.6258579
  outer loop
   vertex 375.5765 -159.8804 43.49498
   vertex 387.1979 -172.2709 50.07477
   vertex 452.6754 -174.0654 12.81777
  endloop
 endfacet
 facet normal 0.3939009 0.552757 0.7343717
  outer loop
   vertex 375.5765 -159.8804 43.49498
   vertex 452.6754 -174.0654 12.81777
   vertex 450.5391 -161.0767 4.187139
  endloop
 endfacet
 facet normal 0.4599418 0.1672922 0.8720475
  outer loop
   vertex 371.6457 -137.492 41.27323
   vertex 375.5765 -159.8804 43.49498
   vertex 450.5391 -161.0767 4.187139
  endloop
 endfacet
 facet normal 0.4518311 0.1217488 0.8837567
  outer loop
   vertex 371.6457 -137.492 41.27323
   vertex 450.5391 -161.0767 4.187139
   vertex 450.3682 -137.492 1.025422
  endloop
 endfacet
 facet normal 0.4489056 -0.1659487 0.8780346
  outer loop
   vertex 375.5765 -115.1036 43.49498
   vertex 371.6457 -137.492 41.27323
   vertex 450.3682 -137.492 1.025422
  endloop
 endfacet
 facet normal 0.4593475 -0.1318036 0.8784234
  outer loop
   vertex 375.5765 -115.1036 43.49498
   vertex 450.3682 -137.492 1.025422
   vertex 451.9063 -113.9073 3.75988
  endloop
 endfacet
 facet normal 0.3495407 -0.6736414 0.6511748
  outer loop
   vertex 387.1979 -102.7131 50.07477
   vertex 375.5765 -115.1036 43.49498
   vertex 451.9063 -113.9073 3.75988
  endloop
 endfacet
 facet normal 0.4160628 -0.5597998 0.7166003
  outer loop
   vertex 387.1979 -102.7131 50.07477
   vertex 451.9063 -113.9073 3.75988
   vertex 454.8117 -100.9186 12.21961
  endloop
 endfacet
 facet normal 0.1126046 -0.9815397 0.1545961
  outer loop
   vertex 408.1336 -98.4405 61.95257
   vertex 387.1979 -102.7131 50.07477
   vertex 454.8117 -100.9186 12.21961
  endloop
 endfacet
 facet normal 0.1848213 -0.9575592 0.2211818
  outer loop
   vertex 408.1336 -98.4405 61.95257
   vertex 454.8117 -100.9186 12.21961
   vertex 459.4261 -96.47511 27.60094
  endloop
 endfacet
 facet normal -0.09020213 -0.9775122 -0.1906135
  outer loop
   vertex 429.1547 -102.7131 73.91583
   vertex 408.1336 -98.4405 61.95257
   vertex 459.4261 -96.47511 27.60094
  endloop
 endfacet
 facet normal -0.1566411 -0.960095 -0.231692
  outer loop
   vertex 429.1547 -102.7131 73.91583
   vertex 459.4261 -96.47511 27.60094
   vertex 463.7841 -100.9186 43.06772
  endloop
 endfacet
 facet normal -0.4477944 -0.709636 -0.5439641
  outer loop
   vertex 440.7976 -115.1036 80.49562
   vertex 429.1547 -102.7131 73.91583
   vertex 463.7841 -100.9186 43.06772
  endloop
 endfacet
 facet normal -0.6450625 -0.4936586 -0.5832629
  outer loop
   vertex 440.7976 -115.1036 80.49562
   vertex 463.7841 -100.9186 43.06772
   vertex 465.9204 -113.9073 51.69835
  endloop
 endfacet
 facet normal -0.7352983 -0.1935541 -0.6495177
  outer loop
   vertex 444.7283 -137.492 82.71737
   vertex 440.7976 -115.1036 80.49562
   vertex 465.9204 -113.9073 51.69835
  endloop
 endfacet
 facet normal -0.7905193 -0.08699789 -0.6062265
  outer loop
   vertex 444.7283 -137.492 82.71737
   vertex 465.9204 -113.9073 51.69835
   vertex 466.0913 -137.492 54.86007
  endloop
 endfacet
 facet normal -0.7781615 0.1958432 -0.5967496
  outer loop
   vertex 440.7976 -159.8804 80.49562
   vertex 444.7283 -137.492 82.71737
   vertex 466.0913 -137.492 54.86007
  endloop
 endfacet
 facet normal -0.7574197 0.1210423 -0.6416105
  outer loop
   vertex 440.7976 -159.8804 80.49562
   vertex 466.0913 -137.492 54.86007
   vertex 464.6386 -161.0767 52.12561
  endloop
 endfacet
 facet normal -0.5116431 0.7253369 -0.4605516
  outer loop
   vertex 429.1547 -172.2709 73.91583
   vertex 440.7976 -159.8804 80.49562
   vertex 464.6386 -161.0767 52.12561
  endloop
 endfacet
 facet normal -0.5583247 0.5341567 -0.6347835
  outer loop
   vertex 429.1547 -172.2709 73.91583
   vertex 464.6386 -161.0767 52.12561
   vertex 461.7333 -174.0654 43.75133
  endloop
 endfacet
 facet normal -0.1034304 0.9799997 -0.170008
  outer loop
   vertex 408.1336 -176.5648 61.95257
   vertex 429.1547 -172.2709 73.91583
   vertex 461.7333 -174.0654 43.75133
  endloop
 endfacet
 facet normal -0.126423 0.9624747 -0.2401241
  outer loop
   vertex 408.1336 -176.5648 61.95257
   vertex 461.7333 -174.0654 43.75133
   vertex 457.1189 -178.5302 28.28455
  endloop
 endfacet
 facet normal 0.07274223 0.9635985 0.2572675
  outer loop
   vertex 452.6754 -174.0654 12.81777
   vertex 457.1189 -178.5302 28.28455
   vertex 536.6745 -183.4864 24.35377
  endloop
 endfacet
 facet normal 0.06537497 0.9513972 0.3009477
  outer loop
   vertex 452.6754 -174.0654 12.81777
   vertex 536.6745 -183.4864 24.35377
   vertex 535.7345 -179.0429 10.51057
  endloop
 endfacet
 facet normal 0.05647782 0.558979 0.8272561
  outer loop
   vertex 450.5391 -161.0767 4.187139
   vertex 452.6754 -174.0654 12.81777
   vertex 535.7345 -179.0429 10.51057
  endloop
 endfacet
 facet normal 0.04156604 0.5012974 0.8642761
  outer loop
   vertex 450.5391 -161.0767 4.187139
   vertex 535.7345 -179.0429 10.51057
   vertex 535.6491 -165.7765 2.81991
  endloop
 endfacet
 facet normal 0.02326148 0.132999 0.9908432
  outer loop
   vertex 450.3682 -137.492 1.025422
   vertex 450.5391 -161.0767 4.187139
   vertex 535.6491 -165.7765 2.81991
  endloop
 endfacet
 facet normal 0.01732947 0.1152619 0.993184
  outer loop
   vertex 450.3682 -137.492 1.025422
   vertex 535.6491 -165.7765 2.81991
   vertex 536.4182 -141.5937 0
  endloop
 endfacet
 facet normal 0.006327432 -0.1155754 0.9932786
  outer loop
   vertex 451.9063 -113.9073 3.75988
   vertex 450.3682 -137.492 1.025422
   vertex 536.4182 -141.5937 0
  endloop
 endfacet
 facet normal 0.01172431 -0.09933333 0.9949851
  outer loop
   vertex 451.9063 -113.9073 3.75988
   vertex 536.4182 -141.5937 0
   vertex 537.529 -117.4963 2.392651
  endloop
 endfacet
 facet normal -0.009418208 -0.5442589 0.8388644
  outer loop
   vertex 454.8117 -100.9186 12.21961
   vertex 451.9063 -113.9073 3.75988
   vertex 537.529 -117.4963 2.392651
  endloop
 endfacet
 facet normal 0.00603192 -0.4874723 0.8731176
  outer loop
   vertex 454.8117 -100.9186 12.21961
   vertex 537.529 -117.4963 2.392651
   vertex 538.7254 -104.1658 9.82696
  endloop
 endfacet
 facet normal -0.02893152 -0.9579644 0.2854247
  outer loop
   vertex 459.4261 -96.47511 27.60094
   vertex 454.8117 -100.9186 12.21961
   vertex 538.7254 -104.1658 9.82696
  endloop
 endfacet
 facet normal -0.01890846 -0.9455966 0.3247916
  outer loop
   vertex 459.4261 -96.47511 27.60094
   vertex 538.7254 -104.1658 9.82696
   vertex 540.0071 -99.46592 23.5847
  endloop
 endfacet
 facet normal -0.04887308 -0.963544 -0.2630484
  outer loop
   vertex 463.7841 -100.9186 43.06772
   vertex 459.4261 -96.47511 27.60094
   vertex 540.0071 -99.46592 23.5847
  endloop
 endfacet
 facet normal -0.06063928 -0.9494423 -0.3080296
  outer loop
   vertex 463.7841 -100.9186 43.06772
   vertex 540.0071 -99.46592 23.5847
   vertex 541.0325 -103.9949 37.34245
  endloop
 endfacet
 facet normal -0.08338244 -0.5609852 -0.8236158
  outer loop
   vertex 465.9204 -113.9073 51.69835
   vertex 463.7841 -100.9186 43.06772
   vertex 541.0325 -103.9949 37.34245
  endloop
 endfacet
 facet normal -0.09842186 -0.5001723 -0.8603143
  outer loop
   vertex 465.9204 -113.9073 51.69835
   vertex 541.0325 -103.9949 37.34245
   vertex 541.118 -117.2399 45.03311
  endloop
 endfacet
 facet normal -0.0933512 -0.1329536 -0.9867162
  outer loop
   vertex 466.0913 -137.492 54.86007
   vertex 465.9204 -113.9073 51.69835
   vertex 541.118 -117.2399 45.03311
  endloop
 endfacet
 facet normal -0.0991217 -0.1125345 -0.9886915
  outer loop
   vertex 466.0913 -137.492 54.86007
   vertex 541.118 -117.2399 45.03311
   vertex 540.3489 -141.3373 47.85302
  endloop
 endfacet
 facet normal -0.08710259 0.120025 -0.9889424
  outer loop
   vertex 464.6386 -161.0767 52.12561
   vertex 466.0913 -137.492 54.86007
   vertex 540.3489 -141.3373 47.85302
  endloop
 endfacet
 facet normal -0.08169184 0.09866172 -0.9917622
  outer loop
   vertex 464.6386 -161.0767 52.12561
   vertex 540.3489 -141.3373 47.85302
   vertex 539.1526 -165.5202 45.54582
  endloop
 endfacet
 facet normal -0.04110743 0.5478959 -0.8355359
  outer loop
   vertex 461.7333 -174.0654 43.75133
   vertex 464.6386 -161.0767 52.12561
   vertex 539.1526 -165.5202 45.54582
  endloop
 endfacet
 facet normal -0.03423522 0.4927639 -0.8694893
  outer loop
   vertex 461.7333 -174.0654 43.75133
   vertex 539.1526 -165.5202 45.54582
   vertex 537.9563 -178.872 38.02606
  endloop
 endfacet
 facet normal 0.03872685 0.9569105 -0.2877891
  outer loop
   vertex 457.1189 -178.5302 28.28455
   vertex 461.7333 -174.0654 43.75133
   vertex 537.9563 -178.872 38.02606
  endloop
 endfacet
 facet normal 0.04293275 0.9453923 -0.3230948
  outer loop
   vertex 457.1189 -178.5302 28.28455
   vertex 537.9563 -178.872 38.02606
   vertex 536.6745 -183.4864 24.35377
  endloop
 endfacet
 facet normal -0.0744809 0.9480234 0.3093611
  outer loop
   vertex 535.7345 -179.0429 10.51057
   vertex 536.6745 -183.4864 24.35377
   vertex 603.7542 -175.5394 16.15039
  endloop
 endfacet
 facet normal -0.07773059 0.9297433 0.3599102
  outer loop
   vertex 535.7345 -179.0429 10.51057
   vertex 603.7542 -175.5394 16.15039
   vertex 602.5579 -172.1 7.00705
  endloop
 endfacet
 facet normal -0.006745617 0.5014865 0.8651392
  outer loop
   vertex 535.6491 -165.7765 2.81991
   vertex 535.7345 -179.0429 10.51057
   vertex 602.5579 -172.1 7.00705
  endloop
 endfacet
 facet normal -0.01416903 0.4434858 0.8961694
  outer loop
   vertex 535.6491 -165.7765 2.81991
   vertex 602.5579 -172.1 7.00705
   vertex 601.9597 -161.9312 1.965392
  endloop
 endfacet
 facet normal 0.006094593 0.1156296 0.9932737
  outer loop
   vertex 536.4182 -141.5937 0
   vertex 535.6491 -165.7765 2.81991
   vertex 601.9597 -161.9312 1.965392
  endloop
 endfacet
 facet normal 0.001750433 0.1017778 0.9948056
  outer loop
   vertex 536.4182 -141.5937 0
   vertex 601.9597 -161.9312 1.965392
   vertex 602.1306 -143.5591 0.08545183
  endloop
 endfacet
 facet normal -0.004243374 -0.09861033 0.9951171
  outer loop
   vertex 537.529 -117.4963 2.392651
   vertex 536.4182 -141.5937 0
   vertex 602.1306 -143.5591 0.08545183
  endloop
 endfacet
 facet normal 6.048992e-05 -0.08803098 0.9961177
  outer loop
   vertex 537.529 -117.4963 2.392651
   vertex 602.1306 -143.5591 0.08545183
   vertex 602.7288 -125.1869 1.709037
  endloop
 endfacet
 facet normal -0.0478342 -0.4832329 0.8741841
  outer loop
   vertex 538.7254 -104.1658 9.82696
   vertex 537.529 -117.4963 2.392651
   vertex 602.7288 -125.1869 1.709037
  endloop
 endfacet
 facet normal -0.02902405 -0.4357722 0.8995889
  outer loop
   vertex 538.7254 -104.1658 9.82696
   vertex 602.7288 -125.1869 1.709037
   vertex 603.6687 -115.0182 6.665242
  endloop
 endfacet
 facet normal -0.1397529 -0.9329637 0.3317347
  outer loop
   vertex 540.0071 -99.46592 23.5847
   vertex 538.7254 -104.1658 9.82696
   vertex 603.6687 -115.0182 6.665242
  endloop
 endfacet
 facet normal -0.1224334 -0.9162201 0.3815111
  outer loop
   vertex 540.0071 -99.46592 23.5847
   vertex 603.6687 -115.0182 6.665242
   vertex 605.036 -111.4292 15.72314
  endloop
 endfacet
 facet normal -0.207075 -0.9337483 -0.2919488
  outer loop
   vertex 541.0325 -103.9949 37.34245
   vertex 540.0071 -99.46592 23.5847
   vertex 605.036 -111.4292 15.72314
  endloop
 endfacet
 facet normal -0.2160697 -0.9214745 -0.3227982
  outer loop
   vertex 541.0325 -103.9949 37.34245
   vertex 605.036 -111.4292 15.72314
   vertex 606.3177 -114.9327 24.86648
  endloop
 endfacet
 facet normal -0.2420388 -0.4883726 -0.8383969
  outer loop
   vertex 541.118 -117.2399 45.03311
   vertex 541.0325 -103.9949 37.34245
   vertex 606.3177 -114.9327 24.86648
  endloop
 endfacet
 facet normal -0.2505519 -0.4431109 -0.8607418
  outer loop
   vertex 541.118 -117.2399 45.03311
   vertex 606.3177 -114.9327 24.86648
   vertex 606.8305 -125.016 29.90814
  endloop
 endfacet
 facet normal -0.2348988 -0.1055773 -0.9662691
  outer loop
   vertex 540.3489 -141.3373 47.85302
   vertex 541.118 -117.2399 45.03311
   vertex 606.8305 -125.016 29.90814
  endloop
 endfacet
 facet normal -0.2370113 -0.09735442 -0.9666167
  outer loop
   vertex 540.3489 -141.3373 47.85302
   vertex 606.8305 -125.016 29.90814
   vertex 606.745 -143.4736 31.78808
  endloop
 endfacet
 facet normal -0.2307482 0.1037179 -0.9674698
  outer loop
   vertex 539.1526 -165.5202 45.54582
   vertex 540.3489 -141.3373 47.85302
   vertex 606.745 -143.4736 31.78808
  endloop
 endfacet
 facet normal -0.2276448 0.09306955 -0.9692863
  outer loop
   vertex 539.1526 -165.5202 45.54582
   vertex 606.745 -143.4736 31.78808
   vertex 606.1468 -161.8458 30.16449
  endloop
 endfacet
 facet normal -0.2202388 0.4935823 -0.841351
  outer loop
   vertex 537.9563 -178.872 38.02606
   vertex 539.1526 -165.5202 45.54582
   vertex 606.1468 -161.8458 30.16449
  endloop
 endfacet
 facet normal -0.2112406 0.4439484 -0.8707969
  outer loop
   vertex 537.9563 -178.872 38.02606
   vertex 606.1468 -161.8458 30.16449
   vertex 605.2069 -172.0145 25.20829
  endloop
 endfacet
 facet normal -0.1536583 0.9405153 -0.3030184
  outer loop
   vertex 536.6745 -183.4864 24.35377
   vertex 537.9563 -178.872 38.02606
   vertex 605.2069 -172.0145 25.20829
  endloop
 endfacet
 facet normal -0.1513284 0.9291509 -0.3373103
  outer loop
   vertex 536.6745 -183.4864 24.35377
   vertex 605.2069 -172.0145 25.20829
   vertex 603.7542 -175.5394 16.15039
  endloop
 endfacet
 facet normal -0.3703265 0.8524191 0.3691069
  outer loop
   vertex 602.5579 -172.1 7.00705
   vertex 603.7542 -175.5394 16.15039
   vertex 634.4528 -159.5386 9.997864
  endloop
 endfacet
 facet normal -0.3679417 0.8386037 0.4016999
  outer loop
   vertex 602.5579 -172.1 7.00705
   vertex 634.4528 -159.5386 9.997864
   vertex 633.5982 -157.7441 5.468917
  endloop
 endfacet
 facet normal -0.1555022 0.4314387 0.8886393
  outer loop
   vertex 601.9597 -161.9312 1.965392
   vertex 602.5579 -172.1 7.00705
   vertex 633.5982 -157.7441 5.468917
  endloop
 endfacet
 facet normal -0.1548518 0.42307 0.8927669
  outer loop
   vertex 601.9597 -161.9312 1.965392
   vertex 633.5982 -157.7441 5.468917
   vertex 633.0855 -152.7024 2.990814
  endloop
 endfacet
 facet normal -0.06300011 0.1021718 0.9927698
  outer loop
   vertex 602.1306 -143.5591 0.08545183
   vertex 601.9597 -161.9312 1.965392
   vertex 633.0855 -152.7024 2.990814
  endloop
 endfacet
 facet normal -0.06367207 0.09995495 0.9929526
  outer loop
   vertex 602.1306 -143.5591 0.08545183
   vertex 633.0855 -152.7024 2.990814
   vertex 632.9146 -143.4736 2.050844
  endloop
 endfacet
 facet normal -0.06324259 -0.08580952 0.9943023
  outer loop
   vertex 602.7288 -125.1869 1.709037
   vertex 602.1306 -143.5591 0.08545183
   vertex 632.9146 -143.4736 2.050844
  endloop
 endfacet
 facet normal -0.06674692 -0.09160806 0.9935556
  outer loop
   vertex 602.7288 -125.1869 1.709037
   vertex 632.9146 -143.4736 2.050844
   vertex 633.0855 -134.3303 2.905362
  endloop
 endfacet
 facet normal -0.1617602 -0.4202334 0.8928816
  outer loop
   vertex 603.6687 -115.0182 6.665242
   vertex 602.7288 -125.1869 1.709037
   vertex 633.0855 -134.3303 2.905362
  endloop
 endfacet
 facet normal -0.1591518 -0.4166755 0.8950152
  outer loop
   vertex 603.6687 -115.0182 6.665242
   vertex 633.0855 -134.3303 2.905362
   vertex 633.5982 -129.2032 5.383465
  endloop
 endfacet
 facet normal -0.3807353 -0.8385444 0.3897229
  outer loop
   vertex 605.036 -111.4292 15.72314
   vertex 603.6687 -115.0182 6.665242
   vertex 633.5982 -129.2032 5.383465
  endloop
 endfacet
 facet normal -0.3813584 -0.8388312 0.3884945
  outer loop
   vertex 605.036 -111.4292 15.72314
   vertex 633.5982 -129.2032 5.383465
   vertex 634.4528 -127.4941 9.912412
  endloop
 endfacet
 facet normal -0.5015846 -0.8289976 -0.2473377
  outer loop
   vertex 606.3177 -114.9327 24.86648
   vertex 605.036 -111.4292 15.72314
   vertex 634.4528 -127.4941 9.912412
  endloop
 endfacet
 facet normal -0.4915788 -0.8435447 -0.2162929
  outer loop
   vertex 606.3177 -114.9327 24.86648
   vertex 634.4528 -127.4941 9.912412
   vertex 635.3927 -129.2032 14.44136
  endloop
 endfacet
 facet normal -0.4798762 -0.4117557 -0.7747104
  outer loop
   vertex 606.8305 -125.016 29.90814
   vertex 606.3177 -114.9327 24.86648
   vertex 635.3927 -129.2032 14.44136
  endloop
 endfacet
 facet normal -0.4782942 -0.426087 -0.7679092
  outer loop
   vertex 606.8305 -125.016 29.90814
   vertex 635.3927 -129.2032 14.44136
   vertex 635.9054 -134.2448 16.91946
  endloop
 endfacet
 facet normal -0.4297931 -0.08952192 -0.8984785
  outer loop
   vertex 606.745 -143.4736 31.78808
   vertex 606.8305 -125.016 29.90814
   vertex 635.9054 -134.2448 16.91946
  endloop
 endfacet
 facet normal -0.4293121 -0.09114883 -0.898545
  outer loop
   vertex 606.745 -143.4736 31.78808
   vertex 635.9054 -134.2448 16.91946
   vertex 636.0763 -143.4736 17.77398
  endloop
 endfacet
 facet normal -0.4292236 0.09336465 -0.8983597
  outer loop
   vertex 606.1468 -161.8458 30.16449
   vertex 606.745 -143.4736 31.78808
   vertex 636.0763 -143.4736 17.77398
  endloop
 endfacet
 facet normal -0.4281801 0.0911776 -0.899082
  outer loop
   vertex 606.1468 -161.8458 30.16449
   vertex 636.0763 -143.4736 17.77398
   vertex 635.9054 -152.7024 16.91946
  endloop
 endfacet
 facet normal -0.4736475 0.4208567 -0.7736522
  outer loop
   vertex 605.2069 -172.0145 25.20829
   vertex 606.1468 -161.8458 30.16449
   vertex 635.9054 -152.7024 16.91946
  endloop
 endfacet
 facet normal -0.4759579 0.4264605 -0.7691525
  outer loop
   vertex 605.2069 -172.0145 25.20829
   vertex 635.9054 -152.7024 16.91946
   vertex 635.3927 -157.7441 14.44136
  endloop
 endfacet
 facet normal -0.4850184 0.8384541 -0.2484992
  outer loop
   vertex 603.7542 -175.5394 16.15039
   vertex 605.2069 -172.0145 25.20829
   vertex 635.3927 -157.7441 14.44136
  endloop
 endfacet
 facet normal -0.4859655 0.8412487 -0.2369347
  outer loop
   vertex 603.7542 -175.5394 16.15039
   vertex 635.3927 -157.7441 14.44136
   vertex 634.4528 -159.5386 9.997864
  endloop
 endfacet
 facet normal -0.1969394 -0 -0.9804157
  outer loop
   vertex 416.1661 -137.492 102.0295
   vertex 416.1661 -172.5272 102.0295
   vertex 396.5976 -168.511 105.9603
  endloop
 endfacet
 facet normal -0.1947397 -0.001443235 -0.9808539
  outer loop
   vertex 416.1661 -137.492 102.0295
   vertex 396.5976 -168.511 105.9603
   vertex 384.8907 -156.8896 108.2675
  endloop
 endfacet
 facet normal -0.1970285 0.002394752 -0.9803948
  outer loop
   vertex 416.1661 -137.492 102.0295
   vertex 384.8907 -156.8896 108.2675
   vertex 380.8745 -137.492 109.122
  endloop
 endfacet
 facet normal -0.1970285 -0.002384249 -0.9803949
  outer loop
   vertex 416.1661 -137.492 102.0295
   vertex 380.8745 -137.492 109.122
   vertex 384.8907 -118.009 108.2675
  endloop
 endfacet
 facet normal -0.1947334 0.001447335 -0.9808551
  outer loop
   vertex 416.1661 -137.492 102.0295
   vertex 384.8907 -118.009 108.2675
   vertex 396.5976 -106.473 105.9603
  endloop
 endfacet
 facet normal -0.1969394 0 -0.9804157
  outer loop
   vertex 416.1661 -137.492 102.0295
   vertex 396.5976 -106.473 105.9603
   vertex 416.1661 -102.4567 102.0295
  endloop
 endfacet
 facet normal -0.1959114 0 -0.9806216
  outer loop
   vertex 416.1661 -137.492 102.0295
   vertex 416.1661 -102.4567 102.0295
   vertex 435.8414 -106.473 98.0987
  endloop
 endfacet
 facet normal -0.1951859 -0.0004784864 -0.9807661
  outer loop
   vertex 416.1661 -137.492 102.0295
   vertex 435.8414 -106.473 98.0987
   vertex 447.4628 -118.009 95.7915
  endloop
 endfacet
 facet normal -0.1964572 0.001645449 -0.980511
  outer loop
   vertex 416.1661 -137.492 102.0295
   vertex 447.4628 -118.009 95.7915
   vertex 451.5645 -137.492 94.93698
  endloop
 endfacet
 facet normal -0.1964572 -0.001652697 -0.980511
  outer loop
   vertex 416.1661 -137.492 102.0295
   vertex 451.5645 -137.492 94.93698
   vertex 447.4628 -156.8896 95.7915
  endloop
 endfacet
 facet normal -0.195188 0.0004771207 -0.9807657
  outer loop
   vertex 416.1661 -137.492 102.0295
   vertex 447.4628 -156.8896 95.7915
   vertex 435.8414 -168.511 98.0987
  endloop
 endfacet
 facet normal -0.1959114 -0 -0.9806216
  outer loop
   vertex 416.1661 -137.492 102.0295
   vertex 435.8414 -168.511 98.0987
   vertex 416.1661 -172.5272 102.0295
  endloop
 endfacet
 facet normal -0.9825898 0.0009882226 0.1857859
  outer loop
   vertex 634.4528 -143.4736 9.912412
   vertex 633.5982 -157.7441 5.468917
   vertex 634.4528 -159.5386 9.997864
  endloop
 endfacet
 facet normal -0.9803428 -0.002726272 0.197283
  outer loop
   vertex 634.4528 -143.4736 9.912412
   vertex 633.0855 -152.7024 2.990814
   vertex 633.5982 -157.7441 5.468917
  endloop
 endfacet
 facet normal -0.9813917 0.001382798 0.1920114
  outer loop
   vertex 634.4528 -143.4736 9.912412
   vertex 632.9146 -143.4736 2.050844
   vertex 633.0855 -152.7024 2.990814
  endloop
 endfacet
 facet normal -0.9813926 0.000398778 0.1920116
  outer loop
   vertex 634.4528 -143.4736 9.912412
   vertex 633.0855 -134.3303 2.905362
   vertex 632.9146 -143.4736 2.050844
  endloop
 endfacet
 facet normal -0.980636 0.003422387 0.1958094
  outer loop
   vertex 634.4528 -143.4736 9.912412
   vertex 633.5982 -129.2032 5.383465
   vertex 633.0855 -134.3303 2.905362
  endloop
 endfacet
 facet normal -0.9826617 0 0.1854079
  outer loop
   vertex 634.4528 -143.4736 9.912412
   vertex 634.4528 -127.4941 9.912412
   vertex 633.5982 -129.2032 5.383465
  endloop
 endfacet
 facet normal -0.9791338 0 0.2032165
  outer loop
   vertex 634.4528 -143.4736 9.912412
   vertex 635.3927 -129.2032 14.44136
   vertex 634.4528 -127.4941 9.912412
  endloop
 endfacet
 facet normal -0.9792108 0.0001228621 0.2028453
  outer loop
   vertex 634.4528 -143.4736 9.912412
   vertex 635.9054 -134.2448 16.91946
   vertex 635.3927 -129.2032 14.44136
  endloop
 endfacet
 facet normal -0.979333 0.0005913847 0.2022536
  outer loop
   vertex 634.4528 -143.4736 9.912412
   vertex 636.0763 -143.4736 17.77398
   vertex 635.9054 -134.2448 16.91946
  endloop
 endfacet
 facet normal -0.979333 -0.0005913847 0.2022536
  outer loop
   vertex 634.4528 -143.4736 9.912412
   vertex 635.9054 -152.7024 16.91946
   vertex 636.0763 -143.4736 17.77398
  endloop
 endfacet
 facet normal -0.9792108 -0.0001228621 0.2028453
  outer loop
   vertex 634.4528 -143.4736 9.912412
   vertex 635.3927 -157.7441 14.44136
   vertex 635.9054 -152.7024 16.91946
  endloop
 endfacet
 facet normal -0.9784389 0.001098584 0.2065338
  outer loop
   vertex 634.4528 -143.4736 9.912412
   vertex 634.4528 -159.5386 9.997864
   vertex 635.3927 -157.7441 14.44136
  endloop
 endfacet
 facet normal -0.5710566 0.5710566 0.5897361
  outer loop
   vertex 88.01111 -217.59 -0.01258968
   vertex 87.58995 -218.0111 -0.01258968
   vertex 88.01111 -230 12.00438
  endloop
 endfacet
 facet normal -0.5710566 0.5710566 0.5897361
  outer loop
   vertex 88.01111 -217.59 -0.01258968
   vertex 88.01111 -230 12.00438
   vertex 100 -218.0111 12.00438
  endloop
 endfacet
 facet normal -0.7079333 0 0.7062793
  outer loop
   vertex 88.01111 217.59 -0.01258968
   vertex 88.01111 -217.59 -0.01258968
   vertex 100 -218.0111 12.00438
  endloop
 endfacet
 facet normal -0.7079333 0 0.7062793
  outer loop
   vertex 88.01111 217.59 -0.01258968
   vertex 100 -218.0111 12.00438
   vertex 100 218.0111 12.00438
  endloop
 endfacet
 facet normal -0.5710566 -0.5710566 0.5897361
  outer loop
   vertex 87.58995 218.0111 -0.01258968
   vertex 88.01111 217.59 -0.01258968
   vertex 100 218.0111 12.00438
  endloop
 endfacet
 facet normal -0.5710566 -0.5710566 0.5897361
  outer loop
   vertex 87.58995 218.0111 -0.01258968
   vertex 100 218.0111 12.00438
   vertex 88.01111 230 12.00438
  endloop
 endfacet
 facet normal 0 -0.7079333 0.7062793
  outer loop
   vertex -347.59 218.0111 -0.01258968
   vertex 87.58995 218.0111 -0.01258968
   vertex 88.01111 230 12.00438
  endloop
 endfacet
 facet normal 0 -0.7079333 0.7062793
  outer loop
   vertex -347.59 218.0111 -0.01258968
   vertex 88.01111 230 12.00438
   vertex -348.0111 230 12.00438
  endloop
 endfacet
 facet normal 0.5710566 -0.5710566 0.5897361
  outer loop
   vertex -348.0111 217.59 -0.01258968
   vertex -347.59 218.0111 -0.01258968
   vertex -348.0111 230 12.00438
  endloop
 endfacet
 facet normal 0.5710566 -0.5710566 0.5897361
  outer loop
   vertex -348.0111 217.59 -0.01258968
   vertex -348.0111 230 12.00438
   vertex -360 218.0111 12.00438
  endloop
 endfacet
 facet normal 0.7079333 -0 0.7062793
  outer loop
   vertex -348.0111 -217.59 -0.01258968
   vertex -348.0111 217.59 -0.01258968
   vertex -360 218.0111 12.00438
  endloop
 endfacet
 facet normal 0.7079333 0 0.7062793
  outer loop
   vertex -348.0111 -217.59 -0.01258968
   vertex -360 218.0111 12.00438
   vertex -360 -218.0111 12.00438
  endloop
 endfacet
 facet normal 0.5710566 0.5710566 0.5897361
  outer loop
   vertex -347.59 -218.0111 -0.01258968
   vertex -348.0111 -217.59 -0.01258968
   vertex -360 -218.0111 12.00438
  endloop
 endfacet
 facet normal 0.5710566 0.5710566 0.5897361
  outer loop
   vertex -347.59 -218.0111 -0.01258968
   vertex -360 -218.0111 12.00438
   vertex -348.0111 -230 12.00438
  endloop
 endfacet
 facet normal 0 0.7079333 0.7062793
  outer loop
   vertex 87.58995 -218.0111 -0.01258968
   vertex -347.59 -218.0111 -0.01258968
   vertex -348.0111 -230 12.00438
  endloop
 endfacet
 facet normal 0 0.7079333 0.7062793
  outer loop
   vertex 87.58995 -218.0111 -0.01258968
   vertex -348.0111 -230 12.00438
   vertex 88.01111 -230 12.00438
  endloop
 endfacet
 facet normal -0.7071068 0.7071068 0
  outer loop
   vertex 100 -218.0111 12.00438
   vertex 88.01111 -230 12.00438
   vertex 88.01111 -230 398.8357
  endloop
 endfacet
 facet normal -0.7071068 0.7071068 0
  outer loop
   vertex 100 -218.0111 12.00438
   vertex 88.01111 -230 398.8357
   vertex 100 -218.0111 398.8357
  endloop
 endfacet
 facet normal -1 0 0
  outer loop
   vertex 100 218.0111 12.00438
   vertex 100 -218.0111 12.00438
   vertex 100 -218.0111 398.8357
  endloop
 endfacet
 facet normal -1 0 0
  outer loop
   vertex 100 218.0111 12.00438
   vertex 100 -218.0111 398.8357
   vertex 100 218.0111 398.8357
  endloop
 endfacet
 facet normal -0.7071068 -0.7071068 0
  outer loop
   vertex 88.01111 230 12.00438
   vertex 100 218.0111 12.00438
   vertex 100 218.0111 398.8357
  endloop
 endfacet
 facet normal -0.7071068 -0.7071068 0
  outer loop
   vertex 88.01111 230 12.00438
   vertex 100 218.0111 398.8357
   vertex 88.01111 230 398.8357
  endloop
 endfacet
 facet normal 0 -1 0
  outer loop
   vertex -348.0111 230 12.00438
   vertex 88.01111 230 12.00438
   vertex 88.01111 230 398.8357
  endloop
 endfacet
 facet normal 0 -1 0
  outer loop
   vertex -348.0111 230 12.00438
   vertex 88.01111 230 398.8357
   vertex -348.0111 230 398.8357
  endloop
 endfacet
 facet normal 0.7071068 -0.7071068 0
  outer loop
   vertex -360 218.0111 12.00438
   vertex -348.0111 230 12.00438
   vertex -348.0111 230 398.8357
  endloop
 endfacet
 facet normal 0.7071068 -0.7071068 0
  outer loop
   vertex -360 218.0111 12.00438
   vertex -348.0111 230 398.8357
   vertex -360 218.0111 398.8357
  endloop
 endfacet
 facet normal 1 0 0
  outer loop
   vertex -360 -218.0111 12.00438
   vertex -360 218.0111 12.00438
   vertex -360 218.0111 398.8357
  endloop
 endfacet
 facet normal 1 0 0
  outer loop
   vertex -360 -218.0111 12.00438
   vertex -360 218.0111 398.8357
   vertex -360 -218.0111 398.8357
  endloop
 endfacet
 facet normal 0.7071068 0.7071068 0
  outer loop
   vertex -348.0111 -230 12.00438
   vertex -360 -218.0111 12.00438
   vertex -360 -218.0111 398.8357
  endloop
 endfacet
 facet normal 0.7071068 0.7071068 -0
  outer loop
   vertex -348.0111 -230 12.00438
   vertex -360 -218.0111 398.8357
   vertex -348.0111 -230 398.8357
  endloop
 endfacet
 facet normal 0 1 0
  outer loop
   vertex 88.01111 -230 12.00438
   vertex -348.0111 -230 12.00438
   vertex -348.0111 -230 398.8357
  endloop
 endfacet
 facet normal 0 1 -0
  outer loop
   vertex 88.01111 -230 12.00438
   vertex -348.0111 -230 398.8357
   vertex 88.01111 -230 398.8357
  endloop
 endfacet
 facet normal -0.5710566 0.5710566 -0.5897361
  outer loop
   vertex 100 -218.0111 398.8357
   vertex 88.01111 -230 398.8357
   vertex 87.58995 -218.0111 410.8526
  endloop
 endfacet
 facet normal -0.5710566 0.5710566 -0.5897361
  outer loop
   vertex 100 -218.0111 398.8357
   vertex 87.58995 -218.0111 410.8526
   vertex 88.01111 -217.59 410.8526
  endloop
 endfacet
 facet normal -0.7079333 -0 -0.7062793
  outer loop
   vertex 100 218.0111 398.8357
   vertex 100 -218.0111 398.8357
   vertex 88.01111 -217.59 410.8526
  endloop
 endfacet
 facet normal -0.7079333 0 -0.7062793
  outer loop
   vertex 100 218.0111 398.8357
   vertex 88.01111 -217.59 410.8526
   vertex 88.01111 217.59 410.8526
  endloop
 endfacet
 facet normal -0.5710566 -0.5710566 -0.5897361
  outer loop
   vertex 88.01111 230 398.8357
   vertex 100 218.0111 398.8357
   vertex 88.01111 217.59 410.8526
  endloop
 endfacet
 facet normal -0.5710566 -0.5710566 -0.5897361
  outer loop
   vertex 88.01111 230 398.8357
   vertex 88.01111 217.59 410.8526
   vertex 87.58995 218.0111 410.8526
  endloop
 endfacet
 facet normal 0 -0.7079333 -0.7062793
  outer loop
   vertex -348.0111 230 398.8357
   vertex 88.01111 230 398.8357
   vertex 87.58995 218.0111 410.8526
  endloop
 endfacet
 facet normal 0 -0.7079333 -0.7062793
  outer loop
   vertex -348.0111 230 398.8357
   vertex 87.58995 218.0111 410.8526
   vertex -347.59 218.0111 410.8526
  endloop
 endfacet
 facet normal 0.5710566 -0.5710566 -0.5897361
  outer loop
   vertex -360 218.0111 398.8357
   vertex -348.0111 230 398.8357
   vertex -347.59 218.0111 410.8526
  endloop
 endfacet
 facet normal 0.5710566 -0.5710566 -0.5897361
  outer loop
   vertex -360 218.0111 398.8357
   vertex -347.59 218.0111 410.8526
   vertex -348.0111 217.59 410.8526
  endloop
 endfacet
 facet normal 0.7079333 0 -0.7062793
  outer loop
   vertex -360 -218.0111 398.8357
   vertex -360 218.0111 398.8357
   vertex -348.0111 217.59 410.8526
  endloop
 endfacet
 facet normal 0.7079333 0 -0.7062793
  outer loop
   vertex -360 -218.0111 398.8357
   vertex -348.0111 217.59 410.8526
   vertex -348.0111 -217.59 410.8526
  endloop
 endfacet
 facet normal 0.5710566 0.5710566 -0.5897361
  outer loop
   vertex -348.0111 -230 398.8357
   vertex -360 -218.0111 398.8357
   vertex -348.0111 -217.59 410.8526
  endloop
 endfacet
 facet normal 0.5710566 0.5710566 -0.5897361
  outer loop
   vertex -348.0111 -230 398.8357
   vertex -348.0111 -217.59 410.8526
   vertex -347.59 -218.0111 410.8526
  endloop
 endfacet
 facet normal 0 0.7079333 -0.7062793
  outer loop
   vertex 88.01111 -230 398.8357
   vertex -348.0111 -230 398.8357
   vertex -347.59 -218.0111 410.8526
  endloop
 endfacet
 facet normal 0 0.7079333 -0.7062793
  outer loop
   vertex 88.01111 -230 398.8357
   vertex -347.59 -218.0111 410.8526
   vertex 87.58995 -218.0111 410.8526
  endloop
 endfacet
 facet normal 0 0 1
  outer loop
   vertex -130 -0 -0.01258968
   vertex 87.58995 -218.0111 -0.01258968
   vertex 88.01111 -217.59 -0.01258968
  endloop
 endfacet
 facet normal -0 0 1
  outer loop
   vertex -130 -0 -0.01258968
   vertex 88.01111 -217.59 -0.01258968
   vertex 88.01111 217.59 -0.01258968
  endloop
 endfacet
 facet normal 0 0 1
  outer loop
   vertex -130 -0 -0.01258968
   vertex 88.01111 217.59 -0.01258968
   vertex 87.58995 218.0111 -0.01258968
  endloop
 endfacet
 facet normal 0 -0 1
  outer loop
   vertex -130 -0 -0.01258968
   vertex 87.58995 218.0111 -0.01258968
   vertex -347.59 218.0111 -0.01258968
  endloop
 endfacet
 facet normal 0 0 1
  outer loop
   vertex -130 -0 -0.01258968
   vertex -347.59 218.0111 -0.01258968
   vertex -348.0111 217.59 -0.01258968
  endloop
 endfacet
 facet normal 0 0 1
  outer loop
   vertex -130 -0 -0.01258968
   vertex -348.0111 217.59 -0.01258968
   vertex -348.0111 -217.59 -0.01258968
  endloop
 endfacet
 facet normal 0 0 1
  outer loop
   vertex -130 -0 -0.01258968
   vertex -348.0111 -217.59 -0.01258968
   vertex -347.59 -218.0111 -0.01258968
  endloop
 endfacet
 facet normal 0 0 1
  outer loop
   vertex -130 -0 -0.01258968
   vertex -347.59 -218.0111 -0.01258968
   vertex 87.58995 -218.0111 -0.01258968
  endloop
 endfacet
 facet normal 0 0 -1
  outer loop
   vertex -130 -0 410.8526
   vertex 88.01111 -217.59 410.8526
   vertex 87.58995 -218.0111 410.8526
  endloop
 endfacet
 facet normal 0 0 -1
  outer loop
   vertex -130 -0 410.8526
   vertex 88.01111 217.59 410.8526
   vertex 88.01111 -217.59 410.8526
  endloop
 endfacet
 facet normal 0 0 -1
  outer loop
   vertex -130 -0 410.8526
   vertex 87.58995 218.0111 410.8526
   vertex 88.01111 217.59 410.8526
  endloop
 endfacet
 facet normal 0 0 -1
  outer loop
   vertex -130 -0 410.8526
   vertex -347.59 218.0111 410.8526
   vertex 87.58995 218.0111 410.8526
  endloop
 endfacet
 facet normal 0 0 -1
  outer loop
   vertex -130 -0 410.8526
   vertex -348.0111 217.59 410.8526
   vertex -347.59 218.0111 410.8526
  endloop
 endfacet
 facet normal -0 0 -1
  outer loop
   vertex -130 -0 410.8526
   vertex -348.0111 -217.59 410.8526
   vertex -348.0111 217.59 410.8526
  endloop
 endfacet
 facet normal 0 0 -1
  outer loop
   vertex -130 -0 410.8526
   vertex -347.59 -218.0111 410.8526
   vertex -348.0111 -217.59 410.8526
  endloop
 endfacet
 facet normal 0 -0 -1
  outer loop
   vertex -130 -0 410.8526
   vertex 87.58995 -218.0111 410.8526
   vertex -347.59 -218.0111 410.8526
  endloop
 endfacet
 facet normal -0.5648445 0.5648445 0.6015824
  outer loop
   vertex 63.99396 -193.6033 -0.0007634284
   vertex 63.60332 -193.994 -0.0007634284
   vertex 63.99396 -200 6.005279
  endloop
 endfacet
 facet normal -0.5648445 0.5648445 0.6015824
  outer loop
   vertex 63.99396 -193.6033 -0.0007634284
   vertex 63.99396 -200 6.005279
   vertex 70 -193.994 6.005279
  endloop
 endfacet
 facet normal -0.7071068 0 0.7071068
  outer loop
   vertex 63.99396 193.6033 -0.0007634284
   vertex 63.99396 -193.6033 -0.0007634284
   vertex 70 -193.994 6.005279
  endloop
 endfacet
 facet normal -0.7071068 0 0.7071068
  outer loop
   vertex 63.99396 193.6033 -0.0007634284
   vertex 70 -193.994 6.005279
   vertex 70 193.994 6.005279
  endloop
 endfacet
 facet normal -0.5648445 -0.5648445 0.6015824
  outer loop
   vertex 63.60332 193.994 -0.0007634284
   vertex 63.99396 193.6033 -0.0007634284
   vertex 70 193.994 6.005279
  endloop
 endfacet
 facet normal -0.5648445 -0.5648445 0.6015824
  outer loop
   vertex 63.60332 193.994 -0.0007634284
   vertex 70 193.994 6.005279
   vertex 63.99396 200 6.005279
  endloop
 endfacet
 facet normal 0 -0.7071068 0.7071068
  outer loop
   vertex -323.6033 193.994 -0.0007634284
   vertex 63.60332 193.994 -0.0007634284
   vertex 63.99396 200 6.005279
  endloop
 endfacet
 facet normal 0 -0.7071068 0.7071068
  outer loop
   vertex -323.6033 193.994 -0.0007634284
   vertex 63.99396 200 6.005279
   vertex -323.994 200 6.005279
  endloop
 endfacet
 facet normal 0.5648445 -0.5648445 0.6015824
  outer loop
   vertex -323.994 193.6033 -0.0007634284
   vertex -323.6033 193.994 -0.0007634284
   vertex -323.994 200 6.005279
  endloop
 endfacet
 facet normal 0.5648445 -0.5648445 0.6015824
  outer loop
   vertex -323.994 193.6033 -0.0007634284
   vertex -323.994 200 6.005279
   vertex -330 193.994 6.005279
  endloop
 endfacet
 facet normal 0.7071068 -0 0.7071068
  outer loop
   vertex -323.994 -193.6033 -0.0007634284
   vertex -323.994 193.6033 -0.0007634284
   vertex -330 193.994 6.005279
  endloop
 endfacet
 facet normal 0.7071068 0 0.7071068
  outer loop
   vertex -323.994 -193.6033 -0.0007634284
   vertex -330 193.994 6.005279
   vertex -330 -193.994 6.005279
  endloop
 endfacet
 facet normal 0.5648445 0.5648445 0.6015824
  outer loop
   vertex -323.6033 -193.994 -0.0007634284
   vertex -323.994 -193.6033 -0.0007634284
   vertex -330 -193.994 6.005279
  endloop
 endfacet
 facet normal 0.5648445 0.5648445 0.6015824
  outer loop
   vertex -323.6033 -193.994 -0.0007634284
   vertex -330 -193.994 6.005279
   vertex -323.994 -200 6.005279
  endloop
 endfacet
 facet normal 0 0.7071068 0.7071068
  outer loop
   vertex 63.60332 -193.994 -0.0007634284
   vertex -323.6033 -193.994 -0.0007634284
   vertex -323.994 -200 6.005279
  endloop
 endfacet
 facet normal 0 0.7071068 0.7071068
  outer loop
   vertex 63.60332 -193.994 -0.0007634284
   vertex -323.994 -200 6.005279
   vertex 63.99396 -200 6.005279
  endloop
 endfacet
 facet normal -0.7071068 0.7071068 0
  outer loop
   vertex 70 -193.994 6.005279
   vertex 63.99396 -200 6.005279
   vertex 63.99396 -200 43.99472
  endloop
 endfacet
 facet normal -0.7071068 0.7071068 0
  outer loop
   vertex 70 -193.994 6.005279
   vertex 63.99396 -200 43.99472
   vertex 70 -193.994 43.99472
  endloop
 endfacet
 facet normal -1 0 0
  outer loop
   vertex 70 193.994 6.005279
   vertex 70 -193.994 6.005279
   vertex 70 -193.994 43.99472
  endloop
 endfacet
 facet normal -1 0 0
  outer loop
   vertex 70 193.994 6.005279
   vertex 70 -193.994 43.99472
   vertex 70 193.994 43.99472
  endloop
 endfacet
 facet normal -0.7071068 -0.7071068 0
  outer loop
   vertex 63.99396 200 6.005279
   vertex 70 193.994 6.005279
   vertex 70 193.994 43.99472
  endloop
 endfacet
 facet normal -0.7071068 -0.7071068 0
  outer loop
   vertex 63.99396 200 6.005279
   vertex 70 193.994 43.99472
   vertex 63.99396 200 43.99472
  endloop
 endfacet
 facet normal 0 -1 0
  outer loop
   vertex -323.994 200 6.005279
   vertex 63.99396 200 6.005279
   vertex 63.99396 200 43.99472
  endloop
 endfacet
 facet normal 0 -1 0
  outer loop
   vertex -323.994 200 6.005279
   vertex 63.99396 200 43.99472
   vertex -323.994 200 43.99472
  endloop
 endfacet
 facet normal 0.7071068 -0.7071068 0
  outer loop
   vertex -330 193.994 6.005279
   vertex -323.994 200 6.005279
   vertex -323.994 200 43.99472
  endloop
 endfacet
 facet normal 0.7071068 -0.7071068 0
  outer loop
   vertex -330 193.994 6.005279
   vertex -323.994 200 43.99472
   vertex -330 193.994 43.99472
  endloop
 endfacet
 facet normal 1 0 0
  outer loop
   vertex -330 -193.994 6.005279
   vertex -330 193.994 6.005279
   vertex -330 193.994 43.99472
  endloop
 endfacet
 facet normal 1 0 0
  outer loop
   vertex -330 -193.994 6.005279
   vertex -330 193.994 43.99472
   vertex -330 -193.994 43.99472
  endloop
 endfacet
 facet normal 0.7071068 0.7071068 0
  outer loop
   vertex -323.994 -200 6.005279
   vertex -330 -193.994 6.005279
   vertex -330 -193.994 43.99472
  endloop
 endfacet
 facet normal 0.7071068 0.7071068 -0
  outer loop
   vertex -323.994 -200 6.005279
   vertex -330 -193.994 43.99472
   vertex -323.994 -200 43.99472
  endloop
 endfacet
 facet normal 0 1 0
  outer loop
   vertex 63.99396 -200 6.005279
   vertex -323.994 -200 6.005279
   vertex -323.994 -200 43.99472
  endloop
 endfacet
 facet normal 0 1 -0
  outer loop
   vertex 63.99396 -200 6.005279
   vertex -323.994 -200 43.99472
   vertex 63.99396 -200 43.99472
  endloop
 endfacet
 facet normal -0.5648445 0.5648445 -0.6015824
  outer loop
   vertex 70 -193.994 43.99472
   vertex 63.99396 -200 43.99472
   vertex 63.60332 -193.994 50.00076
  endloop
 endfacet
 facet normal -0.5648445 0.5648445 -0.6015824
  outer loop
   vertex 70 -193.994 43.99472
   vertex 63.60332 -193.994 50.00076
   vertex 63.99396 -193.6033 50.00076
  endloop
 endfacet
 facet normal -0.7071068 -0 -0.7071068
  outer loop
   vertex 70 193.994 43.99472
   vertex 70 -193.994 43.99472
   vertex 63.99396 -193.6033 50.00076
  endloop
 endfacet
 facet normal -0.7071068 0 -0.7071068
  outer loop
   vertex 70 193.994 43.99472
   vertex 63.99396 -193.6033 50.00076
   vertex 63.99396 193.6033 50.00076
  endloop
 endfacet
 facet normal -0.5648445 -0.5648445 -0.6015824
  outer loop
   vertex 63.99396 200 43.99472
   vertex 70 193.994 43.99472
   vertex 63.99396 193.6033 50.00076
  endloop
 endfacet
 facet normal -0.5648445 -0.5648445 -0.6015824
  outer loop
   vertex 63.99396 200 43.99472
   vertex 63.99396 193.6033 50.00076
   vertex 63.60332 193.994 50.00076
  endloop
 endfacet
 facet normal 0 -0.7071068 -0.7071068
  outer loop
   vertex -323.994 200 43.99472
   vertex 63.99396 200 43.99472
   vertex 63.60332 193.994 50.00076
  endloop
 endfacet
 facet normal 0 -0.7071068 -0.7071068
  outer loop
   vertex -323.994 200 43.99472
   vertex 63.60332 193.994 50.00076
   vertex -323.6033 193.994 50.00076
  endloop
 endfacet
 facet normal 0.5648445 -0.5648445 -0.6015824
  outer loop
   vertex -330 193.994 43.99472
   vertex -323.994 200 43.99472
   vertex -323.6033 193.994 50.00076
  endloop
 endfacet
 facet normal 0.5648445 -0.5648445 -0.6015824
  outer loop
   vertex -330 193.994 43.99472
   vertex -323.6033 193.994 50.00076
   vertex -323.994 193.6033 50.00076
  endloop
 endfacet
 facet normal 0.7071068 0 -0.7071068
  outer loop
   vertex -330 -193.994 43.99472
   vertex -330 193.994 43.99472
   vertex -323.994 193.6033 50.00076
  endloop
 endfacet
 facet normal 0.7071068 0 -0.7071068
  outer loop
   vertex -330 -193.994 43.99472
   vertex -323.994 193.6033 50.00076
   vertex -323.994 -193.6033 50.00076
  endloop
 endfacet
 facet normal 0.5648445 0.5648445 -0.6015824
  outer loop
   vertex -323.994 -200 43.99472
   vertex -330 -193.994 43.99472
   vertex -323.994 -193.6033 50.00076
  endloop
 endfacet
 facet normal 0.5648445 0.5648445 -0.6015824
  outer loop
   vertex -323.994 -200 43.99472
   vertex -323.994 -193.6033 50.00076
   vertex -323.6033 -193.994 50.00076
  endloop
 endfacet
 facet normal 0 0.7071068 -0.7071068
  outer loop
   vertex 63.99396 -200 43.99472
   vertex -323.994 -200 43.99472
   vertex -323.6033 -193.994 50.00076
  endloop
 endfacet
 facet normal 0 0.7071068 -0.7071068
  outer loop
   vertex 63.99396 -200 43.99472
   vertex -323.6033 -193.994 50.00076
   vertex 63.60332 -193.994 50.00076
  endloop
 endfacet
 facet normal 0 0 1
  outer loop
   vertex -130 -0 -0.0007634284
   vertex 63.60332 -193.994 -0.0007634284
   vertex 63.99396 -193.6033 -0.0007634284
  endloop
 endfacet
 facet normal -0 0 1
  outer loop
   vertex -130 -0 -0.0007634284
   vertex 63.99396 -193.6033 -0.0007634284
   vertex 63.99396 193.6033 -0.0007634284
  endloop
 endfacet
 facet normal 0 0 1
  outer loop
   vertex -130 -0 -0.0007634284
   vertex 63.99396 193.6033 -0.0007634284
   vertex 63.60332 193.994 -0.0007634284
  endloop
 endfacet
 facet normal 0 -0 1
  outer loop
   vertex -130 -0 -0.0007634284
   vertex 63.60332 193.994 -0.0007634284
   vertex -323.6033 193.994 -0.0007634284
  endloop
 endfacet
 facet normal 0 0 1
  outer loop
   vertex -130 -0 -0.0007634284
   vertex -323.6033 193.994 -0.0007634284
   vertex -323.994 193.6033 -0.0007634284
  endloop
 endfacet
 facet normal 0 0 1
  outer loop
   vertex -130 -0 -0.0007634284
   vertex -323.994 193.6033 -0.0007634284
   vertex -323.994 -193.6033 -0.0007634284
  endloop
 endfacet
 facet normal 0 0 1
  outer loop
   vertex -130 -0 -0.0007634284
   vertex -323.994 -193.6033 -0.0007634284
   vertex -323.6033 -193.994 -0.0007634284
  endloop
 endfacet
 facet normal 0 0 1
  outer loop
   vertex -130 -0 -0.0007634284
   vertex -323.6033 -193.994 -0.0007634284
   vertex 63.60332 -193.994 -0.0007634284
  endloop
 endfacet
 facet normal 0 0 -1
  outer loop
   vertex -130 -0 50.00076
   vertex 63.99396 -193.6033 50.00076
   vertex 63.60332 -193.994 50.00076
  endloop
 endfacet
 facet normal 0 0 -1
  outer loop
   vertex -130 -0 50.00076
   vertex 63.99396 193.6033 50.00076
   vertex 63.99396 -193.6033 50.00076
  endloop
 endfacet
 facet normal 0 0 -1
  outer loop
   vertex -130 -0 50.00076
   vertex 63.60332 193.994 50.00076
   vertex 63.99396 193.6033 50.00076
  endloop
 endfacet
 facet normal 0 0 -1
  outer loop
   vertex -130 -0 50.00076
   vertex -323.6033 193.994 50.00076
   vertex 63.60332 193.994 50.00076
  endloop
 endfacet
 facet normal 0 0 -1
  outer loop
   vertex -130 -0 50.00076
   vertex -323.994 193.6033 50.00076
   vertex -323.6033 193.994 50.00076
  endloop
 endfacet
 facet normal -0 0 -1
  outer loop
   vertex -130 -0 50.00076
   vertex -323.994 -193.6033 50.00076
   vertex -323.994 193.6033 50.00076
  endloop
 endfacet
 facet normal 0 0 -1
  outer loop
   vertex -130 -0 50.00076
   vertex -323.6033 -193.994 50.00076
   vertex -323.994 -193.6033 50.00076
  endloop
 endfacet
 facet normal 0 -0 -1
  outer loop
   vertex -130 -0 50.00076
   vertex 63.60332 -193.994 50.00076
   vertex -323.6033 -193.994 50.00076
  endloop
 endfacet
endsolid imported_asset
